id,locality,state,level,status,effective_status,expired,days_left,when,date,date_precision,expires,term_kind,term_label,note,source,source_kind,ordinance_url,as_of,verified,threshold,covers,events,replaced_by,lat,lon
denver-co,Denver,CO,Local,Enacted,Enacted,False,252.0,"May 21, 2026",2026-05-21,day,2027-05-21,until_date,Runs to a documented date,1 year or until updated data center regulations are adopted,https://www.rmpbs.org/news/government/denver-data-centers,news,,2026-08-04,True,,,"[{""date"": ""2026-05-21"", ""kind"": ""enacted"", ""label"": ""Enacted"", ""source"": ""https://www.rmpbs.org/news/government/denver-data-centers""}]",,39.74,-104.99
baltimore-city-md,Baltimore City,MD,Local,Enacted,Enacted,False,278.0,"Jun 16, 2026",2026-06-16,day,2027-06-16,until_date,Runs to a documented date,"CB 26-0158: 1 year, facilities drawing 10 MW or more; 9-month impact study",https://technical.ly/civics/baltimore-pauses-data-centers-to-study-grid-impacts/,news,,2026-08-04,True,10 MW,,"[{""date"": ""2026-06-16"", ""kind"": ""enacted"", ""label"": ""Enacted"", ""source"": ""https://technical.ly/civics/baltimore-pauses-data-centers-to-study-grid-impacts/""}]",,39.29,-76.61
reno-nv,Reno,NV,Local,Enacted,Enacted,False,354.0,"Extended Jun 1, 2026",2026-06-01,day,2027-08-31,until_date,Runs to a documented date,Extended 6-1 through Aug 2027 while permanent rules are drafted,https://thisisreno.com/2026/06/reno-city-council-data-center-moratorium-3/,news,,2026-08-04,True,,,"[{""date"": ""2026-06-01"", ""kind"": ""extended"", ""label"": ""Extended"", ""source"": ""https://thisisreno.com/2026/06/reno-city-council-data-center-moratorium-3/""}]",,39.53,-119.81
dubuque-county-ia,Dubuque County,IA,Local,Enacted,Enacted,False,257.0,"May 26, 2026",2026-05-26,day,2027-05-26,until_date,Runs to a documented date,"12-month pause on permits and zoning requests for data center construction or expansion, passed 2-1 and amended up from 120 days after a unanimous Planning and Zoning Commission recommendation; county will host weekly work sessions and at least four public town halls",https://www.kcrg.com/2026/05/26/dubuque-county-passes-12-month-moratorium-data-centers/,news,,2026-08-13,True,,,"[{""date"": ""2026-05-26"", ""kind"": ""enacted"", ""label"": ""Enacted"", ""source"": ""https://www.kcrg.com/2026/05/26/dubuque-county-passes-12-month-moratorium-data-centers/""}]",,42.47,-90.88
bloomington-il,Bloomington,IL,Local,Enacted,Enacted,False,76.0,"May 26, 2026",2026-05-26,day,2026-11-26,until_date,Runs to a documented date,"6-month pause, unanimous; facilities over 5 MW. At least two public hearings required during the moratorium period",https://www.wglt.org/local-news/2026-05-26/bloomington-approves-6-month-moratorium-on-data-centers,news,,2026-08-13,True,5 MW,,"[{""date"": ""2026-05-26"", ""kind"": ""enacted"", ""label"": ""Enacted"", ""source"": ""https://www.wglt.org/local-news/2026-05-26/bloomington-approves-6-month-moratorium-on-data-centers""}]",,40.48,-88.99
iron-county-ut,Iron County,UT,Local,Enacted,Enacted,False,72.0,"May 26, 2026",2026-05-26,day,2026-11-22,until_date,Runs to a documented date,"Ordinance 2026-13: 180-day halt on data centers, data center power plants, and solar power plants; prospective only",https://ironcountyut.gov/files/planning/data-center-solar-moratorium.pdf,official,,2026-08-13,True,,,"[{""date"": ""2026-05-26"", ""kind"": ""enacted"", ""label"": ""Enacted"", ""source"": ""https://ironcountyut.gov/files/planning/data-center-solar-moratorium.pdf""}]",,37.68,-113.06
manitowoc-county-wi,Manitowoc County,WI,Local,Enacted,Enacted,False,413.0,"Apr 29, 2026",2026-04-29,day,2027-10-29,until_date,Runs to a documented date,"18-month pause, unanimous; covers facilities with more than 1 PB of storage. Requested by three towns (Two Creeks, Two Rivers, Mishicot) after land-purchase approaches to farmers",https://www.wpr.org/news/manitowoc-county-board-approves-18-month-data-center-moratorium,news,,2026-08-13,True,,,"[{""date"": ""2026-04-29"", ""kind"": ""enacted"", ""label"": ""Enacted"", ""source"": ""https://www.wpr.org/news/manitowoc-county-board-approves-18-month-data-center-moratorium""}]",,44.09,-87.66
smithfield-ri,Smithfield,RI,Local,Enacted,Enacted,False,,"Jun 4, 2026",2026-06-04,day,,standing,No end date by design — a permanent ban or standing statute,"Adopted 4-1 May 5, effective Jun 4; data centers not permitted in any zoning district",https://www.wpri.com/news/local-news/northwest/smithfield-town-council-approves-ordinance-to-prevent-construction-of-data-centers/,news,,2026-08-04,True,,,"[{""date"": ""2026-06-04"", ""kind"": ""enacted"", ""label"": ""Enacted"", ""source"": ""https://www.wpri.com/news/local-news/northwest/smithfield-town-council-approves-ordinance-to-prevent-construction-of-data-centers/""}]",,41.92,-71.55
meridian-township-mi,Meridian Township,MI,Local,Enacted,Enacted,False,69.0,"May 19, 2026",2026-05-19,day,2026-11-19,until_date,Runs to a documented date,6-month pause on data centers and battery storage facilities; preemptive — no proposals pending,https://www.wkar.org/wkar-news/2026-05-28/meridian-township-is-officially-putting-a-pause-on-any-data-centers-that-might-come-to-town,news,,2026-08-13,True,,,"[{""date"": ""2026-05-19"", ""kind"": ""enacted"", ""label"": ""Enacted"", ""source"": ""https://www.wkar.org/wkar-news/2026-05-28/meridian-township-is-officially-putting-a-pause-on-any-data-centers-that-might-come-to-town""}]",,42.72,-84.42
washington-township-macomb-co-mi,Washington Township (Macomb Co.),MI,Local,Enacted,Enacted,False,73.0,May 2026,2026-05-01,month,2026-11-23,until_date,Runs to a documented date,6-month pause or until zoning ordinance amendments take effect; passed after Prologis withdrew a 312-acre 'technical campus' application,https://www.detroitnews.com/story/news/local/macomb-county/2026/05/23/washington-township-passes-six-month-moratorium-on-data-centers/90213646007/,news,,2026-08-13,True,,,"[{""date"": ""2026-05-01"", ""kind"": ""enacted"", ""label"": ""Enacted"", ""source"": ""https://www.detroitnews.com/story/news/local/macomb-county/2026/05/23/washington-township-passes-six-month-moratorium-on-data-centers/90213646007/""}]",,42.72,-82.92
hill-county-tx,Hill County,TX,Local,Rescinded,Rescinded,False,,"Rescinded Jun 4, 2026",2026-06-04,day,,unknown,Term not documented,"1-year moratorium passed May 2026, rescinded after a $100M federal suit argued Texas counties lack moratorium authority; suit dismissed Jul 2026. Replaced with a disclosure checklist for large projects",https://www.texastribune.org/2026/06/05/texas-hill-county-moratorium-rescinded-data-centers/,news,,2026-08-04,True,,,"[{""date"": ""2026-06-04"", ""kind"": ""rescinded"", ""label"": ""Rescinded"", ""source"": ""https://www.texastribune.org/2026/06/05/texas-hill-county-moratorium-rescinded-data-centers/""}]",,32.01,-97.13
dekalb-county-ga,DeKalb County,GA,Local,Enacted,Enacted,False,200.0,"Extended Jul 7, 2026",2026-07-07,day,2027-03-30,until_date,Runs to a documented date,"Extended 6-1 through Mar 30, 2027 — two weeks after the commission rejected the planning department's proposed data center zoning rules, so the pause is now the only thing holding the line",https://www.decaturish.com/news/dekalb/dekalb-extends-data-center-moratorium-through-early-2027/article_22c7d964-ee2f-49f5-a879-9abaabbd6b45.html,news,,2026-08-04,True,,,"[{""date"": ""2026-07-07"", ""kind"": ""extended"", ""label"": ""Extended"", ""source"": ""https://www.decaturish.com/news/dekalb/dekalb-extends-data-center-moratorium-through-early-2027/article_22c7d964-ee2f-49f5-a879-9abaabbd6b45.html""}]",,33.77,-84.23
lysander-onondaga-co-ny,Lysander (Onondaga Co.),NY,Local,Enacted,Enacted,False,56.0,"May 7, 2026",2026-05-07,day,2026-11-06,until_date,Runs to a documented date,"6-month; no applications accepted by Town, Planning or Zoning boards",https://www.informnny.com/news/local-news/lysander-board-approves-six-month-data-center-moratorium-residents-speak-out-against-project-proposal/,news,,2026-08-04,True,,,"[{""date"": ""2026-05-07"", ""kind"": ""enacted"", ""label"": ""Enacted"", ""source"": ""https://www.informnny.com/news/local-news/lysander-board-approves-six-month-data-center-moratorium-residents-speak-out-against-project-proposal/""}]",,43.17,-76.35
perth-fulton-co-ny,Perth (Fulton Co.),NY,Local,Enacted,Enacted,False,266.0,"Jun 4, 2026",2026-06-04,day,2027-06-04,until_date,Runs to a documented date,"1-year, passed 3-0; extendable by simple resolution",https://www.dailygazette.com/the_recorder/leader_herald/data-center-moratorium/article_28560f58-b336-4cae-8773-f0a04cd3001b.html,news,,2026-08-04,True,,,"[{""date"": ""2026-06-04"", ""kind"": ""enacted"", ""label"": ""Enacted"", ""source"": ""https://www.dailygazette.com/the_recorder/leader_herald/data-center-moratorium/article_28560f58-b336-4cae-8773-f0a04cd3001b.html""}]",,43.05,-74.19
tonawanda-erie-co-ny,Tonawanda (Erie Co.),NY,Local,Enacted,Enacted,False,326.0,"Effective Aug 3, 2026",2026-08-03,day,2027-08-03,until_date,Runs to a documented date,Local Law 2-2026: 1-year pause on facilities drawing 20 MW or more — a lower threshold than the state EO's 50 MW,https://www.beenews.com/ken_ton_bee/ken_ton_bee/news/town-adopts-one-year-moratorium-on-data-centers/article_b2afd139-7437-48f8-af10-1787cf849858.html,news,,2026-08-04,True,20 MW,,"[{""date"": ""2026-08-03"", ""kind"": ""enacted"", ""label"": ""Enacted"", ""source"": ""https://www.beenews.com/ken_ton_bee/ken_ton_bee/news/town-adopts-one-year-moratorium-on-data-centers/article_b2afd139-7437-48f8-af10-1787cf849858.html""}]",,43.02,-78.88
newfield-tompkins-co-ny,Newfield (Tompkins Co.),NY,Local,Enacted,Enacted,False,301.0,"Jul 9, 2026",2026-07-09,day,2027-07-09,until_date,Runs to a documented date,1-year townwide pause on data processing centers and cryptocurrency mining; town is drafting comprehensive-plan amendments before it lapses,https://www.tompkinsweekly.com/events/newfield-approves-one-year-moratorium-on-data-centers-fdcffc41,news,,2026-08-04,True,,,"[{""date"": ""2026-07-09"", ""kind"": ""enacted"", ""label"": ""Enacted"", ""source"": ""https://www.tompkinsweekly.com/events/newfield-approves-one-year-moratorium-on-data-centers-fdcffc41""}]",,42.36,-76.6
groton-ct,Groton,CT,Local,Enacted,Expired,True,-1178.0,"Jun 21, 2022",2022-06-21,day,2023-06-21,until_date,Runs to a documented date,"1-year moratorium on data centers over 5,000 sq ft; lapsed into permanent zoning in Jun 2023 capping buildings at 12,500 sq ft and barring water cooling",https://theday.com/local-news/20220621/groton-approves-one-year-moratorium-on-large-scale-data-centers,news,,2026-08-04,True,"5,000 sq ft",,"[{""date"": ""2022-06-21"", ""kind"": ""enacted"", ""label"": ""Enacted"", ""source"": ""https://theday.com/local-news/20220621/groton-approves-one-year-moratorium-on-large-scale-data-centers""}]",,41.35,-72.08
peculiar-mo,Peculiar,MO,Local,Enacted,Enacted,False,,Oct 2024,2024-10-01,month,,standing,No end date by design — a permanent ban or standing statute,"Board of Aldermen reversed an earlier zoning change and struck 'data center' from the light-industrial code, permanently blocking Diode Ventures' $1.5B Harper Road Technology Park. A 100-day moratorium (Aug 2024) preceded the permanent change",https://www.kshb.com/news/local-news/peculiar-reverses-zoning-for-data-center-after-cries-from-neighbors,news,,2026-08-13,True,,,"[{""date"": ""2024-10-01"", ""kind"": ""enacted"", ""label"": ""Enacted"", ""source"": ""https://www.kshb.com/news/local-news/peculiar-reverses-zoning-for-data-center-after-cries-from-neighbors""}]",,38.72,-94.46
bangor-me,Bangor,ME,Local,Enacted,Enacted,False,29.0,"Apr 13, 2026",2026-04-13,day,2026-10-10,until_date,Runs to a documented date,"180-day pause, 9-0. City cited lack of information about infrastructure impacts and no state-level framework to reference",https://www.wabi.tv/2026/04/14/bangor-passes-180-day-moratorium-data-center-development/,news,,2026-08-13,True,,,"[{""date"": ""2026-04-13"", ""kind"": ""enacted"", ""label"": ""Enacted"", ""source"": ""https://www.wabi.tv/2026/04/14/bangor-passes-180-day-moratorium-data-center-development/""}]",,44.8,-68.77
gates-county-nc,Gates County,NC,Local,Enacted,Enacted,False,97.0,"Dec 17, 2025",2025-12-17,day,2026-12-17,until_date,Runs to a documented date,"1-year pause, unanimous; covers all data center and crypto mining applications. Preventative — prompted by two inquiries from a data center consulting firm. County water system has been under its own moratorium since 2018",https://gatescountync.gov/vertical/sites/%7BC4993D33-7F3A-4388-B179-2EC1739C7E2E%7D/uploads/Data_Center_Moratorium.pdf,official,,2026-08-13,True,,all_uses,"[{""date"": ""2025-12-17"", ""kind"": ""enacted"", ""label"": ""Enacted"", ""source"": ""https://gatescountync.gov/vertical/sites/%7BC4993D33-7F3A-4388-B179-2EC1739C7E2E%7D/uploads/Data_Center_Moratorium.pdf""}]",,36.44,-76.7
brevard-nc,Brevard,NC,Local,Enacted,Expired,True,-80.0,Mar 2026,2026-03-01,month,2026-06-23,until_date,Runs to a documented date,90-day moratorium while city staff draft UDO text amendments. Term may have lapsed — confirm current status with the city,https://www.transylvaniatimes.com/news/transylvania-county-not-pursuing-data-centers/article_51ca8d5c-a379-4b4b-8676-480c6bda88dd.html,news,,2026-08-13,True,,,"[{""date"": ""2026-03-01"", ""kind"": ""enacted"", ""label"": ""Enacted"", ""source"": ""https://www.transylvaniatimes.com/news/transylvania-county-not-pursuing-data-centers/article_51ca8d5c-a379-4b4b-8676-480c6bda88dd.html""}]",,35.23,-82.73
clay-county-nc,Clay County,NC,Local,Enacted,Enacted,False,,"Jan 8, 2026",2026-01-08,day,,standing,No end date by design — a permanent ban or standing statute,"Permanent ban — Ordinance No. 01.08.2026 prohibits the establishment, construction, expansion, or operation of commercial data centers in all zoning districts",https://www.clayconc.com/ordinances,news,,2026-08-13,True,,,"[{""date"": ""2026-01-08"", ""kind"": ""enacted"", ""label"": ""Enacted"", ""source"": ""https://www.clayconc.com/ordinances""}]",,35.06,-83.75
canton-nc,Canton,NC,Local,Enacted,Enacted,False,153.0,"Feb 11, 2026",2026-02-11,day,2027-02-11,until_date,Runs to a documented date,"12-month pause, unanimous; covers data centers, crypto mining, and server farms. ~200 residents attended. Prompted by inquiries about the former Evergreen Packaging paper mill site",https://www.bpr.org/climate-environment/2026-02-12/canton-passes-a-12-month-moratorium-on-data-centers-and-cryptocurrency-mining,news,,2026-08-13,True,,,"[{""date"": ""2026-02-11"", ""kind"": ""enacted"", ""label"": ""Enacted"", ""source"": ""https://www.bpr.org/climate-environment/2026-02-12/canton-passes-a-12-month-moratorium-on-data-centers-and-cryptocurrency-mining""}]",,35.53,-82.84
chatham-county-nc,Chatham County,NC,Local,Enacted,Enacted,False,153.0,"Feb 11, 2026",2026-02-11,day,2027-02-11,until_date,Runs to a documented date,"12-month pause on data centers, data processing, and crypto mining in unincorporated areas; expires Feb 11, 2027 or when new zoning regulations are adopted. A developer has sued, claiming it blocks a planned 750 MW project",https://www.chathamcountync.gov/Home/Components/News/News/17295/19,official,,2026-08-13,True,750 MW,,"[{""date"": ""2026-02-11"", ""kind"": ""enacted"", ""label"": ""Enacted"", ""source"": ""https://www.chathamcountync.gov/Home/Components/News/News/17295/19""}]",,35.7,-79.26
kings-mountain-nc,Kings Mountain,NC,Local,Enacted,Enacted,False,348.0,"Feb 24, 2026",2026-02-24,day,2027-08-25,until_date,Runs to a documented date,"182-day (6-month) pause, passed 5-2 Feb 24; extended a further 12 months on Aug 25, 2026 (the agenda carried 12- and 6-month options; council took the year). Planning department studying setbacks/screening, utility capacity, and noise standards",https://nsjonline.com/article/2026/09/data-center-moratorium-count-rises-again/,roundup,,2026-09-04,True,,,"[{""date"": ""2026-02-24"", ""kind"": ""enacted"", ""label"": ""Enacted"", ""source"": ""https://nsjonline.com/article/2026/09/data-center-moratorium-count-rises-again/""}]",,35.25,-81.34
durham-county-nc,Durham County,NC,Local,Enacted,Enacted,False,249.0,"Aug 24, 2026",2026-08-24,day,2027-05-18,until_date,Runs to a documented date,"9-month pause on new or expanded data centers over 100,000 sq ft, 4-1. Exempts facilities under 100,000 sq ft that use closed-loop cooling and no diesel backup. Runs to May 18, 2027 per press reports, aligned with the City of Durham's pause; staff draft ordinance due December",https://dconc.gov/DurhamCo-News/From-the-Desk-to-the-County-Manager-August-28-2026.htm,official,,2026-09-04,True,"100,000 sq ft",,"[{""date"": ""2026-08-24"", ""kind"": ""enacted"", ""label"": ""Enacted"", ""source"": ""https://dconc.gov/DurhamCo-News/From-the-Desk-to-the-County-Manager-August-28-2026.htm""}]",,36.04,-78.88
whiteville-nc,Whiteville,NC,Local,Enacted,Enacted,False,348.0,"Aug 25, 2026",2026-08-25,day,2027-08-25,until_date,Runs to a documented date,"12-month moratorium on new data centers, data processing facilities and cryptocurrency mining, effective immediately and running to Aug 25, 2027 or until the city adopts a zoning text amendment for these uses, whichever comes first. Staff to draft location, size and proximity standards",https://www.wect.com/2026/08/26/whiteville-approves-12-month-moratorium-new-data-centers-crypto-mining/,news,,2026-09-05,True,,,"[{""date"": ""2026-08-25"", ""kind"": ""enacted"", ""label"": ""Enacted"", ""source"": ""https://www.wect.com/2026/08/26/whiteville-approves-12-month-moratorium-new-data-centers-crypto-mining/""}]",,34.34,-78.7
edgecombe-county-nc,Edgecombe County,NC,Local,Enacted,Enacted,False,692.0,"Aug 3, 2026",2026-08-03,day,2028-08-03,until_date,Runs to a documented date,"2-year moratorium, 5-0 of members present after a public hearing: no data center applications or permits accepted, processed or approved in the county's zoning jurisdiction until Aug 3, 2028. Followed Energy Storage Solutions withdrawing its Kingsboro offer",https://www.reflector.com/apgstate/commissioners-approve-two-year-moratorium-on-data-centers/article_d746111c-f601-5252-9055-22af0e2b292e.html,news,,2026-09-04,True,,,"[{""date"": ""2026-08-03"", ""kind"": ""enacted"", ""label"": ""Enacted"", ""source"": ""https://www.reflector.com/apgstate/commissioners-approve-two-year-moratorium-on-data-centers/article_d746111c-f601-5252-9055-22af0e2b292e.html""}]",,35.9,-77.6
boone-nc,Boone,NC,Local,Enacted,Enacted,False,193.0,"Mar 23, 2026",2026-03-23,day,2027-03-23,until_date,Runs to a documented date,"1-year pause, unanimous (5-0); covers data centers and crypto mining within town limits. Nearly 100 residents attended in support. Council pursuing permanent regulations",https://www.bpr.org/2026-03-23/boone-approves-data-center-development-moratorium,news,,2026-08-13,True,,,"[{""date"": ""2026-03-23"", ""kind"": ""enacted"", ""label"": ""Enacted"", ""source"": ""https://www.bpr.org/2026-03-23/boone-approves-data-center-development-moratorium""}]",,36.22,-81.67
apex-nc,Apex,NC,Local,Enacted,Enacted,False,228.0,"Apr 15, 2026",2026-04-15,day,2027-04-27,until_date,Runs to a documented date,"12-month pause, unanimous; effective Apr 28. Covers data centers, data processing, and crypto mining. Followed withdrawal of the 250 MW 'New Hill Digital Campus' proposal",https://abc11.com/post/apex-nc-leaders-hold-public-hearing-proposed-data-center-moratorium/18885810/,news,,2026-08-13,True,250 MW,,"[{""date"": ""2026-04-15"", ""kind"": ""enacted"", ""label"": ""Enacted"", ""source"": ""https://abc11.com/post/apex-nc-leaders-hold-public-hearing-proposed-data-center-moratorium/18885810/""}]",,35.73,-78.85
orange-county-nc,Orange County,NC,Local,Enacted,Enacted,False,222.0,"Apr 21, 2026",2026-04-21,day,2027-04-21,until_date,Runs to a documented date,"1-year pause, 6-0; covers large-scale data centers including AI, crypto mining, and data processing. No large-scale data centers currently in the county",https://www.orangecountync.gov/m/newsflash/Home/Detail/1391,official,,2026-08-13,True,,,"[{""date"": ""2026-04-21"", ""kind"": ""enacted"", ""label"": ""Enacted"", ""source"": ""https://www.orangecountync.gov/m/newsflash/Home/Detail/1391""}]",,36.06,-79.12
rowan-county-nc,Rowan County,NC,Local,Enacted,Enacted,False,235.0,"Apr 20, 2026",2026-04-20,day,2027-05-04,until_date,Runs to a documented date,"1-year pause, unanimous; prohibits zoning or rezoning for data center purposes. Does NOT apply to the existing Long Ferry Road project (Edged Energy). 100+ residents attended; 5,200+ petition signatures",https://www.wfae.org/politics/2026-04-21/rowan-county-approves-one-year-moratorium-on-new-data-centers,news,,2026-08-13,True,,rezoning,"[{""date"": ""2026-04-20"", ""kind"": ""enacted"", ""label"": ""Enacted"", ""source"": ""https://www.wfae.org/politics/2026-04-21/rowan-county-approves-one-year-moratorium-on-new-data-centers""}]",,35.64,-80.47
swain-county-nc,Swain County,NC,Local,Enacted,Enacted,False,222.0,"Apr 21, 2026",2026-04-21,day,2027-04-21,until_date,Runs to a documented date,"12-month pause, unanimous. Public hearing drew 140 residents and 34 speakers in Bryson City. Two citizen advisory committees formed to study impacts",https://www.bpr.org/climate-environment/2026-04-22/swain-county-unanimously-passes-data-center-moratorium,news,,2026-08-13,True,,,"[{""date"": ""2026-04-21"", ""kind"": ""enacted"", ""label"": ""Enacted"", ""source"": ""https://www.bpr.org/climate-environment/2026-04-22/swain-county-unanimously-passes-data-center-moratorium""}]",,35.49,-83.49
watauga-county-nc,Watauga County,NC,Local,Enacted,Enacted,False,222.0,"Apr 21, 2026",2026-04-21,day,2027-04-21,until_date,Runs to a documented date,"1-year pause, unanimous; suspends new data center construction county-wide. County collaborating with utilities, conservation groups, and NC DEQ on permanent regulations. Separate from the Town of Boone moratorium (Mar 23)",https://www.wataugademocrat.com/news/county-commissioners-pass-a-one-year-data-center-moratorium-for-watauga-county/article_012ca886-b088-4aee-8321-6b0f851fcdca.html,news,,2026-08-13,True,,,"[{""date"": ""2026-04-21"", ""kind"": ""enacted"", ""label"": ""Enacted"", ""source"": ""https://www.wataugademocrat.com/news/county-commissioners-pass-a-one-year-data-center-moratorium-for-watauga-county/article_012ca886-b088-4aee-8321-6b0f851fcdca.html""}]",,36.23,-81.69
madison-county-nc,Madison County,NC,Local,Enacted,Expired,True,-820.0,Jun 2023,2023-06-01,month,2024-06-13,until_date,Runs to a documented date,"1-year moratorium on data processing facilities including crypto mining and large server farms, passed unanimously. Would have expired ~Jun 2024; no extension or replacement ordinance found. Confirm current status with the county before citing as active",https://news.yahoo.com/madison-county-imposes-1-moratorium-090939100.html,news,,2026-08-13,True,,,"[{""date"": ""2023-06-01"", ""kind"": ""enacted"", ""label"": ""Enacted"", ""source"": ""https://news.yahoo.com/madison-county-imposes-1-moratorium-090939100.html""}]",,35.85,-82.7
clyde-nc,Clyde,NC,Local,Enacted,Enacted,False,,"Jan 14, 2026",2026-01-14,day,,standing,No end date by design — a permanent ban or standing statute,Permanent ban — Board of Aldermen voted unanimously to amend the zoning ordinance to prohibit data centers in all zoning districts. Proactive; no specific proposal was pending,https://www.themountaineer.com/,news,,2026-08-13,True,,,"[{""date"": ""2026-01-14"", ""kind"": ""enacted"", ""label"": ""Enacted"", ""source"": ""https://www.themountaineer.com/""}]",,35.53,-82.91
rockford-il,Rockford,IL,Local,Enacted,Enacted,False,145.0,"Aug 3, 2026",2026-08-03,day,2027-02-03,until_date,Runs to a documented date,6-month pause passed 14-0. Does not cover the Edson Road parcel Monarch Energy is pursuing — an existing annexation agreement already permits data centers there,https://www.rockrivercurrent.com/2026/08/rockford-approves-data-center-moratorium-but-not-for-monarchs-land/,news,,2026-08-04,True,,,"[{""date"": ""2026-08-03"", ""kind"": ""enacted"", ""label"": ""Enacted"", ""source"": ""https://www.rockrivercurrent.com/2026/08/rockford-approves-data-center-moratorium-but-not-for-monarchs-land/""}]",,42.27,-89.09
flagler-county-fl,Flagler County,FL,Local,Enacted,Enacted,False,326.0,"Aug 3, 2026",2026-08-03,day,2027-08-03,until_date,Runs to a documented date,"1-year, unanimous on second reading. Unincorporated county only — municipalities including Palm Coast are unaffected. Amended to drop the 'large-scale' qualifier, so it covers all data center types",https://www.observerlocalnews.com/news/2026/aug/03/flagler-county-approves-one-year-data-center-moratorium/,news,,2026-08-04,True,,all_uses,"[{""date"": ""2026-08-03"", ""kind"": ""enacted"", ""label"": ""Enacted"", ""source"": ""https://www.observerlocalnews.com/news/2026/aug/03/flagler-county-approves-one-year-data-center-moratorium/""}]",,29.47,-81.29
lakeland-fl,Lakeland,FL,Local,Enacted,Enacted,False,326.0,"Aug 3, 2026",2026-08-03,day,2027-08-03,until_date,Runs to a documented date,"1-year, 4-3; covers any use drawing 50 MW or more, not just data centers. Took effect immediately",https://www.lkldnow.com/lakeland-approves-one-year-moratorium-on-data-centers/,news,,2026-08-04,True,50 MW,,"[{""date"": ""2026-08-03"", ""kind"": ""enacted"", ""label"": ""Enacted"", ""source"": ""https://www.lkldnow.com/lakeland-approves-one-year-moratorium-on-data-centers/""}]",,28.04,-81.95
pasco-county-fl,Pasco County,FL,Local,Enacted,Enacted,False,306.0,"Jul 14, 2026",2026-07-14,day,2027-07-14,until_date,Runs to a documented date,"1-year on large data center construction, passed unanimously",https://www.wusf.org/politics-issues/2026-07-15/pasco-county-one-year-moratorium-large-data-centers,news,,2026-08-04,True,,,"[{""date"": ""2026-07-14"", ""kind"": ""enacted"", ""label"": ""Enacted"", ""source"": ""https://www.wusf.org/politics-issues/2026-07-15/pasco-county-one-year-moratorium-large-data-centers""}]",,28.32,-82.44
manatee-county-fl,Manatee County,FL,Local,Enacted,Enacted,False,,"Jul 28, 2026",2026-07-28,day,,unknown,Term not documented,"Approved unanimously; term not documented in the coverage read, so no end date is recorded here — confirm the ordinance before citing a duration",https://www.wusf.org/politics-issues/2026-08-04/manatee-county-pumps-brakes-data-centers-joining-hernando-pasco,news,,2026-08-04,True,,,"[{""date"": ""2026-07-28"", ""kind"": ""enacted"", ""label"": ""Enacted"", ""source"": ""https://www.wusf.org/politics-issues/2026-08-04/manatee-county-pumps-brakes-data-centers-joining-hernando-pasco""}]",,27.48,-82.35
athens-oh,Athens,OH,Local,Enacted,Enacted,False,327.0,"Aug 4, 2026",2026-08-04,day,2027-08-04,until_date,Runs to a documented date,"1-year permit pause inside city limits; the mayor or service-safety director may extend it a second year. Does not reach the site that prompted it — that parcel is in Athens Township, outside the city",https://woub.org/2026/08/04/athens-city-council-one-year-moratorium-data-centers/,news,,2026-08-04,True,,,"[{""date"": ""2026-08-04"", ""kind"": ""enacted"", ""label"": ""Enacted"", ""source"": ""https://woub.org/2026/08/04/athens-city-council-one-year-moratorium-data-centers/""}]",,39.33,-82.1
nashville-tn,Nashville,TN,Local,Enacted,Enacted,False,81.0,"Jul 21, 2026",2026-07-21,day,2026-12-01,until_date,Runs to a documented date,Metro Council passed the city's first data center regulations plus a permit moratorium; an amendment holds the pause to Dec 1 whether or not the regulations pass,https://nashvillebanner.com/2026/07/21/nashville-data-center-regulations-moratorium/,news,,2026-08-04,True,,,"[{""date"": ""2026-07-21"", ""kind"": ""enacted"", ""label"": ""Enacted"", ""source"": ""https://nashvillebanner.com/2026/07/21/nashville-data-center-regulations-moratorium/""}]",,36.16,-86.78
san-marcos-tx,San Marcos,TX,Local,Enacted,Enacted,False,,"Jun 16, 2026",2026-06-16,day,,standing,No end date by design — a permanent ban or standing statute,"Not a pause — a zoning ban. Passed 4-3 after failing once by a single vote; data centers are now ineligible in every zoning district. First Texas city to do it, and a live test of the 2023 'Death Star' preemption law",https://www.texastribune.org/2026/06/30/texas-san-marcos-data-center-ban-zoning-laws/,news,,2026-08-04,True,,,"[{""date"": ""2026-06-16"", ""kind"": ""enacted"", ""label"": ""Enacted"", ""source"": ""https://www.texastribune.org/2026/06/30/texas-san-marcos-data-center-ban-zoning-laws/""}]",,29.88,-97.94
hays-county-tx,Hays County,TX,Local,Enacted,Enacted,False,111.0,2026,2026-01-01,year,2026-12-31,until_date,Runs to a documented date,"Resolution pausing review of high-water-use and large industrial projects in unincorporated areas through Dec 31, 2026. Weaker than the moratorium first proposed: it raises scrutiny and halts development agreements rather than blocking projects outright",https://www.kxan.com/news/local/hays/hays-county-approves-resolution-to-pause-review-of-data-centers/,news,,2026-08-04,True,,,"[{""date"": ""2026-01-01"", ""kind"": ""enacted"", ""label"": ""Enacted"", ""source"": ""https://www.kxan.com/news/local/hays/hays-county-approves-resolution-to-pause-review-of-data-centers/""}]",,30.05,-98.03
prince-george-s-county-md,Prince George's County,MD,Local,Enacted,Enacted,False,665.0,"Jul 7, 2026",2026-07-07,day,2028-07-07,until_date,Runs to a documented date,2-year pause on hyperscale data centers — the longest in Maryland. Bars the planning department from considering applications until the council passes regulations. Three members abstained; one voted no,https://wtop.com/prince-georges-county/2026/07/prince-georges-co-extends-pause-on-hyperscale-data-center-development/,news,,2026-08-04,True,,,"[{""date"": ""2026-07-07"", ""kind"": ""enacted"", ""label"": ""Enacted"", ""source"": ""https://wtop.com/prince-georges-county/2026/07/prince-georges-co-extends-pause-on-hyperscale-data-center-development/""}]",,38.83,-76.85
baltimore-county-md,Baltimore County,MD,Local,Enacted,Enacted,False,112.0,Feb 2026,2026-02-01,month,2027-01-01,until_date,Runs to a documented date,"1-year, passed unanimously; runs no later than Jan 1, 2027. A 6-month extension was being introduced in Aug 2026 with a bipartisan majority and the county executive behind it",https://www.wypr.org/wypr-news/2026-07-17/baltimore-countys-data-center-ban-likely-to-be-extended,news,,2026-08-04,True,,,"[{""date"": ""2026-02-01"", ""kind"": ""enacted"", ""label"": ""Enacted"", ""source"": ""https://www.wypr.org/wypr-news/2026-07-17/baltimore-countys-data-center-ban-likely-to-be-extended""}]",,39.4,-76.6
imperial-county-ca,Imperial County,CA,Local,Enacted,Enacted,False,278.0,"Jun 16, 2026",2026-06-16,day,2027-06-16,until_date,Runs to a documented date,"45-day urgency ordinance, extended unanimously on Jul 14 by 10 months 15 days — a full year of paused permits while an advisory committee drafts rules (recommendations due Jan 2027)",https://inewsource.org/2026/07/14/data-center-moratorium-imperial-county/,news,,2026-08-04,True,,,"[{""date"": ""2026-06-16"", ""kind"": ""enacted"", ""label"": ""Enacted"", ""source"": ""https://inewsource.org/2026/07/14/data-center-moratorium-imperial-county/""}]",,32.79,-115.56
desert-hot-springs-ca,Desert Hot Springs,CA,Local,Enacted,Enacted,False,645.0,"Jun 17, 2026",2026-06-17,day,2028-06-17,until_date,Runs to a documented date,45-day urgency ordinance extended unanimously on Jul 7 by 22 months 15 days — the full two years California law allows,https://riversiderecord.org/desert-hot-springs-data-center-moratorium-extended/,news,,2026-08-04,True,,,"[{""date"": ""2026-06-17"", ""kind"": ""enacted"", ""label"": ""Enacted"", ""source"": ""https://riversiderecord.org/desert-hot-springs-data-center-moratorium-extended/""}]",,33.96,-116.5
lochbuie-co,Lochbuie,CO,Local,Enacted,Enacted,False,1774.0,"Jul 21, 2026",2026-07-21,day,2031-07-21,until_date,Runs to a documented date,5-year pause approved 6-1 — the longest active moratorium in Colorado. Residents cited drought as the driving concern,https://www.rmpbs.org/news/government/lochbuie-approves-five-year-data-center-moratorium,news,,2026-08-04,True,,,"[{""date"": ""2026-07-21"", ""kind"": ""enacted"", ""label"": ""Enacted"", ""source"": ""https://www.rmpbs.org/news/government/lochbuie-approves-five-year-data-center-moratorium""}]",,40.03,-104.72
broomfield-co,Broomfield,CO,Local,Enacted,Enacted,False,447.0,"Jul 7, 2026",2026-07-07,day,2027-12-02,until_date,Runs to a documented date,"Ordinance 2313, passed 9-0. Covers facilities with a projected load of 10 MW or more; runs through Dec 2, 2027 or until permanent rules are adopted",https://www.coloradopolitics.com/2026/07/08/broomfield-passes-temporary-ban-on-new-data-center-construction/,news,,2026-08-04,True,10 MW,,"[{""date"": ""2026-07-07"", ""kind"": ""enacted"", ""label"": ""Enacted"", ""source"": ""https://www.coloradopolitics.com/2026/07/08/broomfield-passes-temporary-ban-on-new-data-center-construction/""}]",,39.92,-105.09
spokane-wa,Spokane,WA,Local,Enacted,Enacted,False,285.0,"Jun 23, 2026",2026-06-23,day,2027-06-23,until_date,Runs to a documented date,"Ordinance C36887, passed 6-1 as an emergency measure: 1-year citywide pause on building permits for new data centers. Followed news that Avista had been approached about a 500 MW facility",https://my.spokanecity.org/news/releases/2026/06/23/spokane-city-council-passes-one-year-moratorium-on-data-centers/,news,,2026-08-04,True,500 MW,permits,"[{""date"": ""2026-06-23"", ""kind"": ""enacted"", ""label"": ""Enacted"", ""source"": ""https://my.spokanecity.org/news/releases/2026/06/23/spokane-city-council-passes-one-year-moratorium-on-data-centers/""}]",,47.66,-117.43
sierra-county-nm,Sierra County,NM,Local,Enacted,Enacted,False,498.0,"Jul 22, 2026",2026-07-22,day,2028-01-22,until_date,Runs to a documented date,"18-month pause passed unanimously in a surprise vote after public comment, following a Spaceport America data center proposal",https://sourcenm.com/2026/07/22/new-mexico-county-adopts-data-center-moratorium-as-residents-protest-spaceport-proposal/,news,,2026-08-04,True,,,"[{""date"": ""2026-07-22"", ""kind"": ""enacted"", ""label"": ""Enacted"", ""source"": ""https://sourcenm.com/2026/07/22/new-mexico-county-adopts-data-center-moratorium-as-residents-protest-spaceport-proposal/""}]",,33.13,-107.25
linn-county-ia,Linn County,IA,Local,Enacted,Enacted,False,477.0,"Jul 1, 2026",2026-07-01,day,2028-01-01,until_date,Runs to a documented date,"18-month pause on large-scale data center rezonings in unincorporated areas, passed 2-1 and effective immediately — adopted even after the county had put an ordinance in place",https://www.linncountyiowa.gov/1862/Data-Centers-in-Unincorporated-Linn-Coun,official,,2026-09-02,True,,rezoning,"[{""date"": ""2026-07-01"", ""kind"": ""enacted"", ""label"": ""Enacted"", ""source"": ""https://www.linncountyiowa.gov/1862/Data-Centers-in-Unincorporated-Linn-Coun""}]",,42.08,-91.6
london-ky,London,KY,Local,Enacted,Enacted,False,750.0,"Aug 3, 2026",2026-08-03,day,2028-09-30,until_date,Runs to a documented date,"2-year pause passed 5-1, running to Sep 30, 2028 and extendable a further year by council",https://www.wkyt.com/2026/08/04/london-city-council-passes-2-year-data-center-moratorium/,news,,2026-08-04,True,,,"[{""date"": ""2026-08-03"", ""kind"": ""enacted"", ""label"": ""Enacted"", ""source"": ""https://www.wkyt.com/2026/08/04/london-city-council-passes-2-year-data-center-moratorium/""}]",,37.13,-84.08
logan-county-ky,Logan County,KY,Local,Enacted,Enacted,False,322.0,"Jul 30, 2026",2026-07-30,day,2027-07-30,until_date,Runs to a documented date,"12-month pause in unincorporated areas, adopted specifically to study local water supply capacity against high-consumption users",https://www.wbko.com/2026/07/30/logan-county-approves-12-month-moratorium-data-centers/,news,,2026-08-04,True,,,"[{""date"": ""2026-07-30"", ""kind"": ""enacted"", ""label"": ""Enacted"", ""source"": ""https://www.wbko.com/2026/07/30/logan-county-approves-12-month-moratorium-data-centers/""}]",,36.86,-86.88
paulding-county-ga,Paulding County,GA,Local,Enacted,Enacted,False,112.0,"Jul 28, 2026",2026-07-28,day,2027-01-01,until_date,Runs to a documented date,"Suspends new data center applications, zoning requests and civil plan reviews through Dec 31, 2026",https://www.fox5atlanta.com/news/paulding-county-approves-data-center-moratorium-freezing-projects,news,,2026-08-04,True,,,"[{""date"": ""2026-07-28"", ""kind"": ""enacted"", ""label"": ""Enacted"", ""source"": ""https://www.fox5atlanta.com/news/paulding-county-approves-data-center-moratorium-freezing-projects""}]",,33.92,-84.87
cherokee-county-ga,Cherokee County,GA,Local,Enacted,Enacted,False,156.0,"Jul 22, 2026",2026-07-22,day,2027-02-14,until_date,Runs to a documented date,"30-day pause Jul 21, extended 180 days on Aug 18, 2026 (unanimous) after a packed hearing — no applications for permits, land disturbance, rezoning or variances for data centers. County describes the end as mid-February 2027; date here is 180 days from the vote",https://www.wsbtv.com/news/local/cherokee-county/data-center-moratorium-more-than-doubled-after-metro-atlanta-commission-vote/AXUQYR3EQZCVFCYTB6JZCZ7VME/,news,,2026-09-04,True,,rezoning,"[{""date"": ""2026-07-22"", ""kind"": ""enacted"", ""label"": ""Enacted"", ""source"": ""https://www.wsbtv.com/news/local/cherokee-county/data-center-moratorium-more-than-doubled-after-metro-atlanta-commission-vote/AXUQYR3EQZCVFCYTB6JZCZ7VME/""}]",,34.24,-84.48
dougherty-county-ga,Dougherty County,GA,Local,Enacted,Enacted,False,169.0,"Jul 20, 2026",2026-07-20,day,2027-02-27,until_date,Runs to a documented date,"45-day pause on data center zoning applications (Jul 20), extended up to 180 days on Aug 31, 2026 by a 6-1 vote after a public hearing: no new applications, rezonings or permits for large-scale data centers in unincorporated Dougherty County through Feb 27, 2027. Officials say there is no cap on further extensions",https://www.dougherty.ga.us/Government/News/DOUGHERTY-COUNTY-EXTENDS-REVIEW-PERIOD-FOR-LARGE-SCALE-DATA-CENTER-DEVELOPMENT,news,,2026-09-04,True,,new_applications,"[{""date"": ""2026-07-20"", ""kind"": ""enacted"", ""label"": ""Enacted"", ""source"": ""https://www.dougherty.ga.us/Government/News/DOUGHERTY-COUNTY-EXTENDS-REVIEW-PERIOD-FOR-LARGE-SCALE-DATA-CENTER-DEVELOPMENT""}]",,31.58,-84.16
walker-county-ga,Walker County,GA,Local,Enacted,Enacted,False,145.0,"Extended Aug 7, 2026",2026-08-07,day,2027-02-03,until_date,Runs to a documented date,"30-day pause adopted Jul 9, extended unanimously to 180 days on Aug 7 with a data center study group (report due Dec 4, 2026). Unincorporated county only",https://www.local3news.com/local-news/update-walker-county-extends-data-center-moratorium-for-180-days-creates-study-group/article_f776be3a-1089-4068-ade1-781ea32a2ab9.html,news,,2026-08-13,True,,,"[{""date"": ""2026-08-07"", ""kind"": ""extended"", ""label"": ""Extended"", ""source"": ""https://www.local3news.com/local-news/update-walker-county-extends-data-center-moratorium-for-180-days-creates-study-group/article_f776be3a-1089-4068-ade1-781ea32a2ab9.html""}]",,34.73,-85.3
augusta-ga,Augusta,GA,Local,Enacted,Enacted,False,8.0,"Extended Jul 21, 2026",2026-07-21,day,2026-09-19,until_date,Runs to a documented date,Commissioners declined to adopt the proposed data center ordinance and extended the existing moratorium 60 more days instead,https://www.wjbf.com/news/augusta-commissioners-delaying-approval-of-data-center-ordinance-and-extending-moratorium-by-60-days/,news,,2026-08-04,True,,,"[{""date"": ""2026-07-21"", ""kind"": ""extended"", ""label"": ""Extended"", ""source"": ""https://www.wjbf.com/news/augusta-commissioners-delaying-approval-of-data-center-ordinance-and-extending-moratorium-by-60-days/""}]",,33.47,-81.97
monroe-township-gloucester-co-nj,Monroe Township (Gloucester Co.),NJ,Local,Enacted,Enacted,False,,"Apr 22, 2026",2026-04-22,day,,standing,No end date by design — a permanent ban or standing statute,Two ordinances banning data centers township-wide. Hexa Builders is suing for more than $300M in federal court — the test case for whether a small municipality can absorb the litigation risk of a ban,https://www.cbsnews.com/philadelphia/news/monroe-gloucester-new-jersey-data-center-ban-law/,news,,2026-08-04,True,,,"[{""date"": ""2026-04-22"", ""kind"": ""enacted"", ""label"": ""Enacted"", ""source"": ""https://www.cbsnews.com/philadelphia/news/monroe-gloucester-new-jersey-data-center-ban-law/""}]",,39.68,-75.06
phillipsburg-nj,Phillipsburg,NJ,Local,Enacted,Enacted,False,,Apr 2026,2026-04-01,month,,standing,No end date by design — a permanent ban or standing statute,Ordinance 2026-08 prohibits data centers throughout the town; council is folding the ban into the master plan to harden it against challenge,https://www.tapinto.net/towns/phillipsburg/sections/government/articles/town-council-moves-to-solidify-phillipsburg-s-data-center-ban-via-master-plan-update,news,,2026-08-04,True,,,"[{""date"": ""2026-04-01"", ""kind"": ""enacted"", ""label"": ""Enacted"", ""source"": ""https://www.tapinto.net/towns/phillipsburg/sections/government/articles/town-council-moves-to-solidify-phillipsburg-s-data-center-ban-via-master-plan-update""}]",,40.69,-75.19
warren-nj,Warren,NJ,Local,Enacted,Enacted,False,,"Jun 23, 2026",2026-06-23,day,,standing,No end date by design — a permanent ban or standing statute,Township ban on data centers,https://www.roi-nj.com/2026/06/23/industry/energy-utilities/warren-becomes-latest-town-in-n-j-to-ban-data-centers/,news,,2026-08-04,True,,,"[{""date"": ""2026-06-23"", ""kind"": ""enacted"", ""label"": ""Enacted"", ""source"": ""https://www.roi-nj.com/2026/06/23/industry/energy-utilities/warren-becomes-latest-town-in-n-j-to-ban-data-centers/""}]",,40.63,-74.51
holly-springs-nc,Holly Springs,NC,Local,Enacted,Enacted,False,278.0,"Jun 16, 2026",2026-06-16,day,2027-06-16,until_date,Runs to a documented date,1-year pause on data center construction,https://www.wral.com/news/local/holly-springs-officials-aprove-one-year-pause-data-center-development-june-2026/,news,,2026-08-04,True,,,"[{""date"": ""2026-06-16"", ""kind"": ""enacted"", ""label"": ""Enacted"", ""source"": ""https://www.wral.com/news/local/holly-springs-officials-aprove-one-year-pause-data-center-development-june-2026/""}]",,35.65,-78.83
gordon-county-ga,Gordon County,GA,Local,Enacted,Enacted,False,140.0,Extended May 2026,2026-05-01,month,2027-01-29,until_date,Runs to a documented date,"Moratoriums on data centers and anaerobic digestion facilities extended through Jan 29, 2027 while staff drafts ordinances",https://www.discovergordoncounty.com/local/gordon-county-commissioners-extend-moratoriums-on-data-centers-anaerobic-digestion-facilities-through-january-2027/,news,,2026-08-04,True,,,"[{""date"": ""2026-05-01"", ""kind"": ""extended"", ""label"": ""Extended"", ""source"": ""https://www.discovergordoncounty.com/local/gordon-county-commissioners-extend-moratoriums-on-data-centers-anaerobic-digestion-facilities-through-january-2027/""}]",,34.5,-84.87
carroll-county-ga,Carroll County,GA,Local,Enacted,Enacted,False,,"Mar 3, 2026",2026-03-03,day,,fixed_undated,"A stated duration, but the end date isn't recorded here","100-day pause on permits for data centers and battery energy storage in unincorporated areas, later extended another 100 days. The current end date is not documented in the coverage read — confirm before citing it as active",https://gradickcommunications.com/carroll-county-board-of-commissioners-approve-100-day-moratorium-on-data-centers-battery-energy-storage-systems/,news,,2026-08-04,True,,,"[{""date"": ""2026-03-03"", ""kind"": ""enacted"", ""label"": ""Enacted"", ""source"": ""https://gradickcommunications.com/carroll-county-board-of-commissioners-approve-100-day-moratorium-on-data-centers-battery-energy-storage-systems/""}]",,33.58,-85.08
montgomery-county-md,Montgomery County,MD,Local,Enacted,Enacted,False,504.0,"Jul 28, 2026",2026-07-28,day,2028-01-28,until_date,Runs to a documented date,"18-month moratorium approved unanimously, alongside limits on data center development",https://www.montgomerycountymd.gov/news/council-approves-18-month-data-center-moratorium-places-limitations-data-center-development,official,,2026-08-04,True,,,"[{""date"": ""2026-07-28"", ""kind"": ""enacted"", ""label"": ""Enacted"", ""source"": ""https://www.montgomerycountymd.gov/news/council-approves-18-month-data-center-moratorium-places-limitations-data-center-development""}]",,39.14,-77.2
sarasota-county-fl,Sarasota County,FL,Local,Enacted,Enacted,False,300.0,"Jul 8, 2026",2026-07-08,day,2027-07-08,until_date,Runs to a documented date,"1-year freeze approved 5-0 on accepting, reviewing or approving hyperscale applications (50 MW+ under the state definition); commissioners signalled interest in a permanent ban",https://www.businessobserverfl.com/news/2026/jul/09/sarasota-county-data-center-moratorium/,news,,2026-08-04,True,50 MW,,"[{""date"": ""2026-07-08"", ""kind"": ""enacted"", ""label"": ""Enacted"", ""source"": ""https://www.businessobserverfl.com/news/2026/jul/09/sarasota-county-data-center-moratorium/""}]",,27.18,-82.35
merrillville-in,Merrillville,IN,Local,Enacted,Enacted,False,262.0,"Jun 1, 2026",2026-06-01,day,2027-05-31,until_date,Runs to a documented date,"1-year moratorium (Jun 1, 2026 to May 31, 2027) adopted at the Town Council's May 26, 2026 meeting, citing four developers who had already approached the town. Council President Rick Bella said the town is watching the AWS/""Hobart Devco"" campus under construction in neighboring Hobart before writing its own rules. A widely syndicated report of a further 6-month extension (~Jul 2026) could not be traced to a verifiable source",https://nwitimes.com/news/local/lake/merrillville/article_f506303d-f5ce-4bcc-bb4c-a6abf68fb24d.html,news,,2026-09-02,True,,,"[{""date"": ""2026-06-01"", ""kind"": ""enacted"", ""label"": ""Enacted"", ""source"": ""https://nwitimes.com/news/local/lake/merrillville/article_f506303d-f5ce-4bcc-bb4c-a6abf68fb24d.html""}]",,41.48,-87.33
vienna-township-trumbull-co-oh,Vienna Township (Trumbull Co.),OH,Local,Enacted,Enacted,False,35.0,Extended Aug 2026,2026-08-01,month,2026-10-16,until_date,Runs to a documented date,"Rolling moratorium originally enacted 2025, extended 60 days from Aug 16 to Oct 16, 2026 while the county planning commission reviews the township's draft data center zoning, including noise and power limits. Bitdeer (Singapore-based) has plans in the area",https://www.tribtoday.com/news/local-news/2026/08/vienna-extends-data-center-moratorium/,news,,2026-08-13,True,,,"[{""date"": ""2026-08-01"", ""kind"": ""extended"", ""label"": ""Extended"", ""source"": ""https://www.tribtoday.com/news/local-news/2026/08/vienna-extends-data-center-moratorium/""}]",,41.24,-80.66
boardman-oh,Boardman,OH,Local,Enacted,Enacted,False,229.0,"Apr 28, 2026",2026-04-28,day,2027-04-28,until_date,Runs to a documented date,1-year moratorium to study regulation and zoning changes,https://www.wkbn.com/news/local-news/boardman-news/boardman-places-moratorium-on-data-centers/,news,,2026-08-13,True,,,"[{""date"": ""2026-04-28"", ""kind"": ""enacted"", ""label"": ""Enacted"", ""source"": ""https://www.wkbn.com/news/local-news/boardman-news/boardman-places-moratorium-on-data-centers/""}]",,41.02,-80.66
la-crosse-county-wi,La Crosse County,WI,Local,Enacted,Enacted,False,463.0,"Jun 18, 2026",2026-06-18,day,2027-12-18,until_date,Runs to a documented date,"18-month pause in unincorporated areas; county stood up an ad hoc committee to study data centers, and the city of La Crosse is taking part in that work while drafting its own rules",https://www.wxow.com/news/la-crosse-county-board-approves-data-center-moratorium/article_89162c21-3240-4d86-9e2d-8a6c3489ddc8.html,news,,2026-08-04,True,,,"[{""date"": ""2026-06-18"", ""kind"": ""enacted"", ""label"": ""Enacted"", ""source"": ""https://www.wxow.com/news/la-crosse-county-board-approves-data-center-moratorium/article_89162c21-3240-4d86-9e2d-8a6c3489ddc8.html""}]",,43.9,-91.01
morris-ct,Morris,CT,Local,Enacted,Enacted,False,617.0,"May 20, 2026",2026-05-20,day,2028-05-20,until_date,Runs to a documented date,"2-year moratorium covering data centers and battery storage, passed unanimously by the PZC. Driven by farmland and rural character concerns",https://www.yahoo.com/news/us/articles/why-one-connecticut-town-approved-100000211.html,news,,2026-08-13,True,,,"[{""date"": ""2026-05-20"", ""kind"": ""enacted"", ""label"": ""Enacted"", ""source"": ""https://www.yahoo.com/news/us/articles/why-one-connecticut-town-approved-100000211.html""}]",,41.69,-73.19
charlotte-nc,Charlotte,NC,Local,Enacted,Enacted,False,55.0,"Jun 8, 2026",2026-06-08,day,2026-11-05,until_date,Runs to a documented date,"An earlier version deadlocked 5-5 with one member absent in Jun 2025 and failed. Reintroduced amid continued community pressure and passed 11-0 on Jun 8, 2026: 150-day moratorium on new data center applications, running through Nov 5, 2026; already-approved projects are unaffected",https://www.wfae.org/politics/2026-06-08/charlotte-city-council-approves-150-day-data-center-moratorium,news,,2026-09-02,True,,,"[{""date"": ""2026-06-08"", ""kind"": ""enacted"", ""label"": ""Enacted"", ""source"": ""https://www.wfae.org/politics/2026-06-08/charlotte-city-council-approves-150-day-data-center-moratorium""}]",,35.23,-80.84
durham-nc,Durham,NC,Local,Enacted,Enacted,False,277.0,"Extended Jun 15, 2026",2026-06-15,day,2027-06-15,until_date,Runs to a documented date,"60-day moratorium passed unanimously May 5, extended to 12 months on Jun 15. Covers data centers, data processing, and crypto mining. Council first amended the UDO to remove the local cap on moratorium length",https://www.wral.com/news/local/durham-city-council-data-center-meeting-may-2026/,news,,2026-08-13,True,,,"[{""date"": ""2026-06-15"", ""kind"": ""extended"", ""label"": ""Extended"", ""source"": ""https://www.wral.com/news/local/durham-city-council-data-center-meeting-may-2026/""}]",,35.99,-78.9
harnett-county-nc,Harnett County,NC,Local,Enacted,Enacted,False,234.0,"May 5, 2026",2026-05-05,day,2027-05-03,until_date,Runs to a documented date,"1-year pause, unanimous; unincorporated areas. ~75 minutes of public comment with no speakers in favour of data centers. County Manager cited water/electricity consumption concerns",https://jocoreport.com/harnett-county-imposes-moratorium-on-data-centers/,news,,2026-08-13,True,,,"[{""date"": ""2026-05-05"", ""kind"": ""enacted"", ""label"": ""Enacted"", ""source"": ""https://jocoreport.com/harnett-county-imposes-moratorium-on-data-centers/""}]",,35.37,-78.87
cumberland-county-nc,Cumberland County,NC,Local,Enacted,Enacted,False,95.0,"Jun 16, 2026",2026-06-16,day,2026-12-15,until_date,Runs to a documented date,"6-month pause, 7-0; unincorporated areas only. Staff developing a data center ordinance with town halls in Aug and draft in Sep. Does not reach proposals seeking annexation into Fayetteville",https://www.cityviewnc.com/stories/cumberland-county-enacts-6-month-data-center-moratorium/,news,,2026-08-13,True,,,"[{""date"": ""2026-06-16"", ""kind"": ""enacted"", ""label"": ""Enacted"", ""source"": ""https://www.cityviewnc.com/stories/cumberland-county-enacts-6-month-data-center-moratorium/""}]",,35.05,-78.83
fayetteville-nc,Fayetteville,NC,Local,Rejected,Rejected,False,,"Aug 10, 2026",2026-08-10,day,,unknown,Term not documented,"Moratorium motion failed 5-5 on Aug 10; council voted 7-3 to pursue regulatory ordinance revisions instead, targeted for late Oct 2026. Cumberland County's 6-month moratorium covers unincorporated areas but not the city",https://www.cityviewnc.com/stories/fayetteville-punts-data-center-regulations-to-late-october/,news,,2026-08-13,True,,,"[{""date"": ""2026-08-10"", ""kind"": ""rejected"", ""label"": ""Rejected"", ""source"": ""https://www.cityviewnc.com/stories/fayetteville-punts-data-center-regulations-to-late-october/""}]",,35.05,-78.88
seattle-wa,Seattle,WA,Local,Enacted,Enacted,False,271.0,"Jun 9, 2026",2026-06-09,day,2027-06-09,until_date,Runs to a documented date,"Emergency ordinance passed 9-0; 1 year, facilities over 20 MVA, extendable about six months",https://council.seattle.gov/2026/06/09/city-council-passes-emergency-data-center-moratorium-and-policy-framework/,official,,2026-08-04,True,,,"[{""date"": ""2026-06-09"", ""kind"": ""enacted"", ""label"": ""Enacted"", ""source"": ""https://council.seattle.gov/2026/06/09/city-council-passes-emergency-data-center-moratorium-and-policy-framework/""}]",,47.61,-122.33
indianapolis-marion-county-in,Indianapolis (Marion County),IN,Local,Enacted,Enacted,False,476.0,"Aug 19, 2026",2026-08-19,day,2027-12-31,until_date,Runs to a documented date,"Council President Maggie Lewis (District 5) authored and sponsored the moratorium, announcing it Jul 10 and introducing it to committee Jul 13. The City-County Council advanced it 23-1 on Aug 10 (lone no: Michael-Paul Hart, District 20, whose district includes the DC Blox site) and the Metropolitan Development Commission gave final 6-0 approval Aug 19 as a zoning-ordinance amendment, through Dec 31, 2027. State law protects three already-approved projects, which are NOT paused — DC Blox (Warren Twp), Metrobloks (Martindale-Brightwood) and Sabey (Decatur Twp). A committee will study campus size, building height, environmental impact and sound levels before the pause lifts. Marion County and Indianapolis are one jurisdiction under Unigov",https://www.wfyi.org/wfyi-news/2026-08-19/new-data-centers-temporarily-banned-in-marion-county,news,,2026-09-02,True,,,"[{""date"": ""2026-08-19"", ""kind"": ""enacted"", ""label"": ""Enacted"", ""source"": ""https://www.wfyi.org/wfyi-news/2026-08-19/new-data-centers-temporarily-banned-in-marion-county""}]",,39.77,-86.16
pulaski-county-ar,Pulaski County,AR,Local,Rejected,Rejected,False,,"Jul 28, 2026",2026-07-28,day,,unknown,Term not documented,Multiple attempts failed: a May 26 vote appeared to pass but a tally error voided it (didn't reach the 10-vote two-thirds threshold); a revised version was explicitly voted down 10-3 on Jul 28. County now pursuing regulations instead,https://www.arkansasonline.com/news/2026/jul/28/pulaski-county-quorum-court-rejects-data-center/,news,,2026-08-13,True,,,"[{""date"": ""2026-07-28"", ""kind"": ""rejected"", ""label"": ""Rejected"", ""source"": ""https://www.arkansasonline.com/news/2026/jul/28/pulaski-county-quorum-court-rejects-data-center/""}]",,34.75,-92.29
st-lawrence-county-ny,St. Lawrence County,NY,Local,Proposed,Proposed,False,,"Jun 1, 2026",2026-06-01,day,,unknown,Term not documented,"The county did not adopt a moratorium of its own — it passed a resolution affirming local zoning authority and urging its municipalities to consider one. Tracked as a signal, not a restriction",https://www.rockinst.org/blog/updates-on-the-cloud-more-moratoriums-on-data-centers/,roundup,,2026-08-04,True,,,"[{""date"": ""2026-06-01"", ""kind"": ""proposed"", ""label"": ""Proposed"", ""source"": ""https://www.rockinst.org/blog/updates-on-the-cloud-more-moratoriums-on-data-centers/""}]",,44.59,-75.16
mohawk-montgomery-co-ny,Mohawk (Montgomery Co.),NY,Local,Enacted,Enacted,False,155.0,"Aug 13, 2026",2026-08-13,day,2027-02-13,until_date,Runs to a documented date,6-month moratorium adopted after public hearing; supervisor cites the state EO's 50 MW floor as leaving smaller facilities unregulated.,https://www.dailygazette.com/leader_herald/the_recorder/news/govt_politics/mohawk-adopts-data-center-moratorium/article_4aca1a21-13bc-4ca1-8170-8101857aa84d.html,news,,2026-09-11,True,50 MW,,"[{""date"": ""2026-08-13"", ""kind"": ""enacted"", ""label"": ""Enacted"", ""source"": ""https://www.dailygazette.com/leader_herald/the_recorder/news/govt_politics/mohawk-adopts-data-center-moratorium/article_4aca1a21-13bc-4ca1-8170-8101857aa84d.html""}]",,42.92,-74.42
salem-or,Salem,OR,Local,Proposed,Proposed,False,,"Aug 3, 2026",2026-08-03,day,,unknown,Term not documented,"Council voted unanimously to *begin* the process — a 60- or 120-day moratorium still has to come back for adoption, and staff must first give the state notice and show a compelling need. No pause is in effect; a developer advanced its plan ahead of the vote",https://katu.com/news/local/tonight-salem-city-leaders-consider-ai-data-center-moratorium,news,,2026-08-04,True,,,"[{""date"": ""2026-08-03"", ""kind"": ""proposed"", ""label"": ""Proposed"", ""source"": ""https://katu.com/news/local/tonight-salem-city-leaders-consider-ai-data-center-moratorium""}]",,44.94,-123.04
jersey-city-nj,Jersey City,NJ,Local,Proposed,Proposed,False,,"Introduced Jul 15, 2026",2026-07-15,day,,unknown,Term not documented,"Ordinance 26-057 would bar data centers as the principal use of industrial land. Passed first reading and the planning board; final council vote set for Aug 19, 2026",https://www.jerseycitynj.gov/news/jersey_city_introduces_law_to_ban_data_centers,official,,2026-08-04,True,,,"[{""date"": ""2026-07-15"", ""kind"": ""proposed"", ""label"": ""Proposed"", ""source"": ""https://www.jerseycitynj.gov/news/jersey_city_introduces_law_to_ban_data_centers""}]",,40.72,-74.05
howell-township-nj,Howell Township,NJ,Local,Proposed,Proposed,False,,2026,2026-01-01,year,,unknown,Term not documented,"Ordinance reconfirming data centers as a prohibited use; public hearing and final vote set for Aug 18, 2026",https://patch.com/new-jersey/howell/howell-moves-ban-ai-data-centers-township,news,,2026-08-04,True,,,"[{""date"": ""2026-01-01"", ""kind"": ""proposed"", ""label"": ""Proposed"", ""source"": ""https://patch.com/new-jersey/howell/howell-moves-ban-ai-data-centers-township""}]",,40.18,-74.2
andover-township-nj,Andover Township,NJ,Local,Proposed,Proposed,False,,May 2026,2026-05-01,month,,unknown,Term not documented,Township moved to ban AI data centers after a contentious public meeting; faces a suit from National Land Developers over a former airport site,https://nj1015.com/andover-township-data-center-ban/,news,,2026-08-04,True,,,"[{""date"": ""2026-05-01"", ""kind"": ""proposed"", ""label"": ""Proposed"", ""source"": ""https://nj1015.com/andover-township-data-center-ban/""}]",,41.0,-74.74
la-crosse-wi,La Crosse,WI,Local,Enacted,Enacted,False,521.0,"Aug 14, 2026",2026-08-14,day,2028-02-14,until_date,Runs to a documented date,"18-month moratorium approved by Common Council, matching the county's Jun 18 moratorium. Covers facilities >1 PB or >2 MW. Plan commission advanced it Aug 3",https://www.seehafernews.com/2026/08/14/la-crosse-common-council-approves-moratorium-on-data-center-developments/,news,,2026-08-15,True,2 MW,,"[{""date"": ""2026-08-14"", ""kind"": ""enacted"", ""label"": ""Enacted"", ""source"": ""https://www.seehafernews.com/2026/08/14/la-crosse-common-council-approves-moratorium-on-data-center-developments/""}]",,43.8,-91.24
yakima-county-wa,Yakima County,WA,Local,Enacted,Enacted,False,,2026,2026-01-01,year,,fixed_undated,"A stated duration, but the end date isn't recorded here","6-month moratorium in unincorporated areas, unanimous. Studying economic, health, agricultural, and water impacts",https://www.yakimaherald.com/news/local/government/yakima-county-commissioners-pass-six-month-data-center-moratorium/article_997dbbc7-7fe0-476a-9d92-73179f958bf7.html,news,,2026-08-13,True,,,"[{""date"": ""2026-01-01"", ""kind"": ""enacted"", ""label"": ""Enacted"", ""source"": ""https://www.yakimaherald.com/news/local/government/yakima-county-commissioners-pass-six-month-data-center-moratorium/article_997dbbc7-7fe0-476a-9d92-73179f958bf7.html""}]",,46.6,-120.51
greensboro-nc,Greensboro,NC,Local,Enacted,Enacted,False,156.0,"Aug 18, 2026",2026-08-18,day,2027-02-14,until_date,Runs to a documented date,"180-day pause on applications for data centers with electrical demand above 10 MW, 8-0 with one recusal, after a hearing at which residents asked for 32 months. Council had voted 5-4 on Jul 21 against starting the process, then reversed; the 120-day draft was lengthened to 180 after public input. Runs to mid-February 2027",https://greensborothread.com/news/politics/greensboro-nc-data-center-moratorium-denise-roth/,news,,2026-09-05,True,10 MW,,"[{""date"": ""2026-08-18"", ""kind"": ""enacted"", ""label"": ""Enacted"", ""source"": ""https://greensborothread.com/news/politics/greensboro-nc-data-center-moratorium-denise-roth/""}]",,36.07,-79.79
new-haven-ct,New Haven,CT,Local,Proposed,Proposed,False,,"Jul 6, 2026",2026-07-06,day,,unknown,Term not documented,12-month moratorium pitched; would bar city departments from accepting or approving data center applications or conversions,https://www.newhavenindependent.org/2026/07/06/12-month-pause-pitched-for-data-center-dev/,news,,2026-08-04,True,,,"[{""date"": ""2026-07-06"", ""kind"": ""proposed"", ""label"": ""Proposed"", ""source"": ""https://www.newhavenindependent.org/2026/07/06/12-month-pause-pitched-for-data-center-dev/""}]",,41.31,-72.93
henderson-nv,Henderson,NV,Local,Rejected,Rejected,False,,"Jul 28, 2026",2026-07-28,day,,unknown,Term not documented,"Council rejected the mayor's 180-day pause after nearly two hours of public comment favouring it, opting for code changes and project-by-project development agreements instead",https://thenevadaindependent.com/article/henderson-rejects-data-center-moratorium-instead-exploring-code-changes,news,,2026-08-04,True,,,"[{""date"": ""2026-07-28"", ""kind"": ""rejected"", ""label"": ""Rejected"", ""source"": ""https://thenevadaindependent.com/article/henderson-rejects-data-center-moratorium-instead-exploring-code-changes""}]",,36.04,-114.98
cheyenne-wy,Cheyenne,WY,Local,Rejected,Rejected,False,,"May 27, 2026",2026-05-27,day,,unknown,Term not documented,12-month proposal voted down 8–1 after 3.5 hours of public comment,https://wyofile.com/cheyenne-rejects-moratorium-on-data-centers/,news,,2026-08-04,True,,,"[{""date"": ""2026-05-27"", ""kind"": ""rejected"", ""label"": ""Rejected"", ""source"": ""https://wyofile.com/cheyenne-rejects-moratorium-on-data-centers/""}]",,41.14,-104.82
new-york-statewide-ny,New York (statewide),NY,State,Enacted,Enacted,False,,"Jul 14, 2026",2026-07-14,day,,until_event,"Runs until a condition is met, not to a date","EO 62: first statewide pause. Holds DEC discretionary approvals for 50+ MW facilities until DPS finishes a generic environmental impact statement — roughly a year, but tied to that study, not a fixed date",https://www.governor.ny.gov/executive-order/no-62-establishing-temporary-moratorium-data-centers-new-york-while-state-develops,official,,2026-08-04,True,,,"[{""date"": ""2026-07-14"", ""kind"": ""enacted"", ""label"": ""Enacted"", ""source"": ""https://www.governor.ny.gov/executive-order/no-62-establishing-temporary-moratorium-data-centers-new-york-while-state-develops""}]",,42.65,-73.76
new-york-s10642-a11560-ny,New York (S10642/A11560),NY,State,Proposed,Proposed,False,,"Passed both houses Jun 4, 2026",2026-06-04,day,,unknown,Term not documented,"Responsible Data Center Development Act: 1-year moratorium on state permits for 20+ MW facilities, plus a dedicated utility rate class, a DEC impact study, and a host-community benefit program. Passed the Senate 43-17. Per the Senate's own record it had not been delivered to the Governor as of Aug 4, 2026 — Hochul acted by executive order (EO 62, 50 MW floor) instead. Still live, and stricter than the EO",https://www.nysenate.gov/legislation/bills/2025/S10642,official,,2026-08-04,True,50 MW,,"[{""date"": ""2026-06-04"", ""kind"": ""proposed"", ""label"": ""Proposed"", ""source"": ""https://www.nysenate.gov/legislation/bills/2025/S10642""}]",,42.65,-73.76
texas-abbott-directive-tx,Texas (Abbott directive),TX,State,Enacted,Enacted,False,,"Aug 3, 2026",2026-08-03,day,,until_event,"Runs until a condition is met, not to a date","Governor directed ERCOT and PUC to freeze all data center interconnection progress pending a comprehensive audit. ERCOT halted 'Batch Zero' large-load study and suspended Aug 7 classification notifications. Queue holds ~474 GW (~90%% data centers) — 5x Texas's record peak demand. Audit scope: tax incentives, water, community impacts, on-site generation, ownership. Excludes projects with on-site generation and areas outside ERCOT. PUCT open meeting Aug 20. No end date — treat as a hold on the queue, not a construction ban",https://www.texastribune.org/2026/08/03/texas-data-center-project-audit-greg-abbott/,news,,2026-08-13,True,,all_uses,"[{""date"": ""2026-08-03"", ""kind"": ""enacted"", ""label"": ""Enacted"", ""source"": ""https://www.texastribune.org/2026/08/03/texas-data-center-project-audit-greg-abbott/""}]",,30.27,-97.74
oregon-statewide-or,Oregon (statewide),OR,State,Proposed,Proposed,False,,"Aug 4, 2026",2026-08-04,day,,unknown,Term not documented,Democratic lawmakers proposed a three-year moratorium on new large data centers,https://centraloregonian.com/2026/08/04/democratic-lawmakers-propose-three-year-moratorium-on-new-large-data-centers-in-oregon/,news,,2026-08-04,True,,,"[{""date"": ""2026-08-04"", ""kind"": ""proposed"", ""label"": ""Proposed"", ""source"": ""https://centraloregonian.com/2026/08/04/democratic-lawmakers-propose-three-year-moratorium-on-new-large-data-centers-in-oregon/""}]",,44.94,-123.03
georgia-hb-1012-ga,Georgia (HB 1012),GA,State,Proposed,Proposed,False,,2026,2026-01-01,year,,unknown,Term not documented,"Would bar local permits for new data centers until Mar 1, 2027, exempting approvals issued before Jul 1, 2026",https://goodjobsfirst.org/data-center-moratorium-bills-are-spreading-in-2026/,news,,2026-08-04,True,,,"[{""date"": ""2026-01-01"", ""kind"": ""proposed"", ""label"": ""Proposed"", ""source"": ""https://goodjobsfirst.org/data-center-moratorium-bills-are-spreading-in-2026/""}]",,33.75,-84.39
maine-statewide-me,Maine (statewide),ME,State,Vetoed,Vetoed,False,,"Apr 24, 2026",2026-04-24,day,,unknown,Term not documented,LD 307 would have paused 20+ MW facilities to Nov 2027; governor vetoed,https://www.rockinst.org/blog/updates-on-the-cloud-more-moratoriums-on-data-centers/,roundup,,2026-08-04,True,,,"[{""date"": ""2026-04-24"", ""kind"": ""vetoed"", ""label"": ""Vetoed"", ""source"": ""https://www.rockinst.org/blog/updates-on-the-cloud-more-moratoriums-on-data-centers/""}]",,44.31,-69.78
ohio-ballot-measure-oh,Ohio (ballot measure),OH,State,Rejected,Rejected,False,,"Jul 1, 2026",2026-07-01,day,,unknown,Term not documented,"Conserve Ohio's proposed constitutional amendment to ban data centers over 25 MW gathered only ~70,000 of the required 413,488 signatures by the Jul 1 deadline. Organizers plan to try again for the 2027 ballot",https://ballotpedia.org/Ohio_Prohibition_of_Data_Center_Construction_Amendment_(2026),news,,2026-08-13,True,25 MW,,"[{""date"": ""2026-07-01"", ""kind"": ""rejected"", ""label"": ""Rejected"", ""source"": ""https://ballotpedia.org/Ohio_Prohibition_of_Data_Center_Construction_Amendment_(2026)""}]",,39.96,-82.99
bell-county-ky,Bell County,KY,Local,Enacted,Enacted,False,660.0,"Jul 2, 2026",2026-07-02,day,2028-07-02,until_date,Runs to a documented date,"2-year moratorium, passed unanimously by the fiscal court; halted a Murray Industries hyperscale project that had already begun clearing land along the Bell-Knox county line",https://www.wymt.com/2026/07/02/bell-county-passes-data-center-moratorium-halting-construction-2-years/,news,,2026-08-11,True,,,"[{""date"": ""2026-07-02"", ""kind"": ""enacted"", ""label"": ""Enacted"", ""source"": ""https://www.wymt.com/2026/07/02/bell-county-passes-data-center-moratorium-halting-construction-2-years/""}]",,36.75,-83.55
citrus-county-fl,Citrus County,FL,Local,Enacted,Enacted,False,257.0,"May 26, 2026",2026-05-26,day,2027-05-26,until_date,Runs to a documented date,"1-year freeze on new data-center rezoning applications, development orders and building permits, adopted unanimously; the Holder Industrial Park project it was aimed at was later withdrawn by the developer",https://www.fox13news.com/news/citrus-county-commission-approves-freeze-ai-data-center-rezoning-applications,news,,2026-08-11,True,,rezoning,"[{""date"": ""2026-05-26"", ""kind"": ""enacted"", ""label"": ""Enacted"", ""source"": ""https://www.fox13news.com/news/citrus-county-commission-approves-freeze-ai-data-center-rezoning-applications""}]",,28.83,-82.33
little-rock-ar,Little Rock,AR,Local,Rejected,Rejected,False,,"Aug 4, 2026",2026-08-04,day,,unknown,Term not documented,"18-month permitting halt on hyperscale data centers (250,000+ sq ft or 75+ MW), including a planned Google facility at the Port of Little Rock; failed 4-4 with two directors absent. The city's June 3, 2026 data-center regulations (no groundwater cooling, noise monitors) remain in effect regardless.",https://www.nwaonline.com/news/2026/aug/04/little-rock-data-center-moratorium-falls-short-in/,news,,2026-08-12,True,,,"[{""date"": ""2026-08-04"", ""kind"": ""rejected"", ""label"": ""Rejected"", ""source"": ""https://www.nwaonline.com/news/2026/aug/04/little-rock-data-center-moratorium-falls-short-in/""}]",,34.75,-92.29
coachella-ca,Coachella,CA,Local,Enacted,Enacted,False,,"Aug 26, 2026",2026-08-26,day,,standing,No end date by design — a permanent ban or standing statute,"Permanent ban: Ordinance No. 1231, adopted unanimously Aug 26, 2026 (first reading Aug 12, also unanimous), prohibits large-scale data centers in all zoning districts, effective 30 days after adoption; accessory server rooms and IT facilities incidental to a permitted use are exempt. Replaces the 45-day moratorium adopted Jun 4 alongside terminating the city's agreement with Stronghold Power over a 400+-acre, six-data-center campus, later extended through Jun 3, 2027. Second California city to ban data centers, after Monterey Park; first in the Coachella Valley. Mayor Figueroa asked staff to explore a ballot measure to entrench the ban. Corroborated by KESQ, NBC Palm Springs, The Riverside Record, MyNewsLA and KVCR.",https://www.kvcrnews.org/local-news/2026-08-28/coachella-becomes-second-california-city-to-ban-data-centers-as-opposition-swells-in-golden-state,news,,2026-08-29,True,,,"[{""date"": ""2026-08-26"", ""kind"": ""enacted"", ""label"": ""Enacted"", ""source"": ""https://www.kvcrnews.org/local-news/2026-08-28/coachella-becomes-second-california-city-to-ban-data-centers-as-opposition-swells-in-golden-state""}]",,33.68,-116.17
aurora-co,Aurora,CO,Local,Rejected,Rejected,False,,"Aug 10, 2026",2026-08-10,day,,unknown,Term not documented,"Emergency resolution for a 6-month moratorium on data-center construction failed 6-5, Mayor Mike Coffman casting the tiebreaking vote against; council instead passed a resolution to develop data-center standards (water/zoning) within 35 days, without a pause.",https://www.denver7.com/news/local-news/in-your-community/aurora-arapahoe-county/aurora-city-council-rejects-six-month-data-center-ban-as-it-pursues-new-regulations,news,,2026-08-12,True,,,"[{""date"": ""2026-08-10"", ""kind"": ""rejected"", ""label"": ""Rejected"", ""source"": ""https://www.denver7.com/news/local-news/in-your-community/aurora-arapahoe-county/aurora-city-council-rejects-six-month-data-center-ban-as-it-pursues-new-regulations""}]",,39.73,-104.83
desoto-county-fl,DeSoto County,FL,Local,Enacted,Enacted,False,321.0,"Jul 29, 2026",2026-07-29,day,2027-07-29,until_date,Runs to a documented date,"1-year moratorium on new data-center rezoning, approved 4-0 (one commissioner recused). Does not apply to rezoning applications already tied to an 800+-acre data-center project proposed earlier in 2026, which can still advance.",https://www.wgcu.org/top-story/2026-07-29/desoto-approves-data-center-moratorium-but-controversial-project-can-advance,news,,2026-08-12,True,,rezoning,"[{""date"": ""2026-07-29"", ""kind"": ""enacted"", ""label"": ""Enacted"", ""source"": ""https://www.wgcu.org/top-story/2026-07-29/desoto-approves-data-center-moratorium-but-controversial-project-can-advance""}]",,27.22,-81.86
snohomish-county-wa,Snohomish County,WA,Local,Enacted,Enacted,False,104.0,"Jun 24, 2026",2026-06-24,day,2026-12-24,until_date,Runs to a documented date,"6-month emergency zoning moratorium on new data-center development in unincorporated Snohomish County, adopted unanimously so the council can craft a permanent policy.",https://www.heraldnet.com/2026/06/25/snohomish-county-council-approves-emergency-data-center-moratorium/,news,,2026-08-12,True,,,"[{""date"": ""2026-06-24"", ""kind"": ""enacted"", ""label"": ""Enacted"", ""source"": ""https://www.heraldnet.com/2026/06/25/snohomish-county-council-approves-emergency-data-center-moratorium/""}]",,48.03,-122.13
taylor-county-fl,Taylor County,FL,Local,Rejected,Rejected,False,,"Jul 7, 2026",2026-07-07,day,,unknown,Term not documented,Motion to impose a data-center moratorium failed at the commission's first public discussion on data centers; commissioners instead scheduled a public workshop for Aug 25.,https://www.wctv.tv/2026/07/07/taylor-county-commission-votes-down-data-center-moratorium-residents-wonder-what-comes-next/,news,,2026-08-12,True,,,"[{""date"": ""2026-07-07"", ""kind"": ""rejected"", ""label"": ""Rejected"", ""source"": ""https://www.wctv.tv/2026/07/07/taylor-county-commission-votes-down-data-center-moratorium-residents-wonder-what-comes-next/""}]",,30.11,-83.58
clinton-ia,Clinton,IA,Local,Rejected,Rejected,False,,"Jun 9, 2026",2026-06-09,day,,unknown,Term not documented,Proposed moratorium rejected 5-2 as QTS considers an AI data center campus north of US-30/west of Mill Creek Parkway; council members argued a pause could send the wrong message to developers.,https://qctimes.com/news/local/government-politics/article_5827c520-3b42-407e-9610-c8a6421385e5.html,news,,2026-08-12,True,,,"[{""date"": ""2026-06-09"", ""kind"": ""rejected"", ""label"": ""Rejected"", ""source"": ""https://qctimes.com/news/local/government-politics/article_5827c520-3b42-407e-9610-c8a6421385e5.html""}]",,41.84,-90.19
cave-city-ky,Cave City,KY,Local,Enacted,Enacted,False,251.0,"May 20, 2026",2026-05-20,day,2027-05-20,until_date,Runs to a documented date,"12-month moratorium on new data centers, approved 4-1 on second reading to allow time to draft zoning language; the city was subsequently sued over the moratorium and has asked for the suit's dismissal.",https://www.wbko.com/2026/05/21/cave-city-council-enacts-12-month-moratorium-data-centers/,news,,2026-08-12,True,,,"[{""date"": ""2026-05-20"", ""kind"": ""enacted"", ""label"": ""Enacted"", ""source"": ""https://www.wbko.com/2026/05/21/cave-city-council-enacts-12-month-moratorium-data-centers/""}]",,37.13,-85.96
sanford-me,Sanford,ME,Local,Enacted,Enacted,False,142.0,"Extended Aug 5, 2026",2026-08-05,day,2027-01-31,until_date,Runs to a documented date,"91-day emergency moratorium enacted May 19, 2026, halting a proposed Mousam River data center project; extended unanimously for 180 more days on Aug 5, 2026.",https://www.pressherald.com/2026/08/05/sanford-extends-data-center-moratorium-for-180-days/,news,,2026-08-12,True,,,"[{""date"": ""2026-08-05"", ""kind"": ""extended"", ""label"": ""Extended"", ""source"": ""https://www.pressherald.com/2026/08/05/sanford-extends-data-center-moratorium-for-180-days/""}]",,43.44,-70.77
socorro-county-nm,Socorro County,NM,Local,Enacted,Enacted,False,271.0,"Jun 9, 2026",2026-06-09,day,2027-06-09,until_date,Runs to a documented date,"1-year moratorium on data centers and related infrastructure on unincorporated county land, adopted unanimously after 2+ months of opposition to the proposed Green Data Center; also began forming an advisory committee to recommend regulations.",https://www.kob.com/news/top-news/new-mexico-county-approves-1-year-data-center-moratorium/,news,,2026-08-12,True,,,"[{""date"": ""2026-06-09"", ""kind"": ""enacted"", ""label"": ""Enacted"", ""source"": ""https://www.kob.com/news/top-news/new-mexico-county-approves-1-year-data-center-moratorium/""}]",,34.06,-106.89
nye-county-nv,Nye County,NV,Local,Enacted,Enacted,False,,"Jun 2, 2026",2026-06-02,day,,until_event,"Runs until a condition is met, not to a date","Countywide moratorium on new commercial data-center applications, approved unanimously after the Nye County Water District's governing board raised Pahrump Valley water-supply concerns; stays in place until a regulatory ordinance is adopted rather than a fixed date.",https://pvtimes.com/news/nye-county-approves-data-center-moratorium-186722/,news,,2026-08-12,True,,,"[{""date"": ""2026-06-02"", ""kind"": ""enacted"", ""label"": ""Enacted"", ""source"": ""https://pvtimes.com/news/nye-county-approves-data-center-moratorium-186722/""}]",,36.21,-115.98
farmville-nc,Farmville,NC,Local,Enacted,Enacted,False,326.0,"Aug 3, 2026",2026-08-03,day,2027-08-03,until_date,Runs to a documented date,"12-month moratorium on data-center development, approved unanimously by the town's Board of Commissioners to allow staff time to research impacts and draft ordinance language, after East Energy Renewables (headquartered in Farmville) pitched a data-center network to town leaders in February.",https://www.witn.com/2026/08/04/farmville-board-adopts-12-month-moratorium-potential-data-center-after-residents-voice-opposition/,news,,2026-08-12,True,,,"[{""date"": ""2026-08-03"", ""kind"": ""enacted"", ""label"": ""Enacted"", ""source"": ""https://www.witn.com/2026/08/04/farmville-board-adopts-12-month-moratorium-potential-data-center-after-residents-voice-opposition/""}]",,35.6,-77.6
summit-nj,Summit,NJ,Local,Enacted,Enacted,False,,"Jun 16, 2026",2026-06-16,day,,standing,No end date by design — a permanent ban or standing statute,"Ordinance banning AI data centers (20+ MW or significant municipal water impact) and, separately, detention centers, passed the same night — the data-center ban is permanent zoning, not a time-limited pause, aimed partly at keeping one off the former Bristol Myers Squibb campus. Some residents say the ordinance's enforcement mechanism falls short.",https://www.tapinto.net/towns/summit/sections/government/articles/summit-council-takes-up-controversial-ai-data-center-and-detention-ban,news,,2026-08-12,True,,,"[{""date"": ""2026-06-16"", ""kind"": ""enacted"", ""label"": ""Enacted"", ""source"": ""https://www.tapinto.net/towns/summit/sections/government/articles/summit-council-takes-up-controversial-ai-data-center-and-detention-ban""}]",,40.72,-74.36
newberry-county-sc,Newberry County,SC,Local,Enacted,Enacted,False,308.0,"Jul 16, 2026",2026-07-16,day,2027-07-16,until_date,Runs to a documented date,"12-month moratorium on accepting new data-center permits, confirmed unanimously after the council unanimously denied the 'Project Altair' land-sale ordinance in June. Staff directed to research appropriate locations for future data-center development.",https://www.foxcarolina.com/2026/07/16/newberry-county-council-unanimously-confirms-year-long-moratorium-data-centers/,news,,2026-08-12,True,,,"[{""date"": ""2026-07-16"", ""kind"": ""enacted"", ""label"": ""Enacted"", ""source"": ""https://www.foxcarolina.com/2026/07/16/newberry-county-council-unanimously-confirms-year-long-moratorium-data-centers/""}]",,34.27,-81.62
colleton-county-sc,Colleton County,SC,Local,Enacted,Enacted,False,118.0,"Jul 7, 2026",2026-07-07,day,2027-01-07,until_date,Runs to a documented date,"6-month moratorium on special exceptions, conditional-use approvals, and other land-use/development approvals for data centers (Ordinance 26-O-04), adopted unanimously. Planning Commission separately approved a 'digital infrastructure overlay district' text amendment.",https://scdailygazette.com/2026/06/26/sc-counties-enacting-data-center-moratoriums/,roundup,,2026-08-12,True,,,"[{""date"": ""2026-07-07"", ""kind"": ""enacted"", ""label"": ""Enacted"", ""source"": ""https://scdailygazette.com/2026/06/26/sc-counties-enacting-data-center-moratoriums/""}]",,32.9,-80.67
dodge-county-wi,Dodge County,WI,Local,Enacted,Enacted,False,517.0,"Aug 10, 2026",2026-08-10,day,2028-02-10,until_date,Runs to a documented date,"18-month moratorium on data-center development in county-zoned unincorporated areas, approved 29-2 by the Board of Supervisors after a public hearing. Initiated by Supervisor Cathy Houchin following constituent concerns about a Beaver Dam-area data center's impact on water.",https://dailydodge.com/dodge-county-to-hold-public-hearing-on-proposed-data-center-moratorium/,news,,2026-08-12,True,,,"[{""date"": ""2026-08-10"", ""kind"": ""enacted"", ""label"": ""Enacted"", ""source"": ""https://dailydodge.com/dodge-county-to-hold-public-hearing-on-proposed-data-center-moratorium/""}]",,43.42,-88.73
salix-ia,Salix,IA,Local,Proposed,Proposed,False,,"Aug 12, 2026",2026-08-12,day,,unknown,Term not documented,"1-year moratorium on data centers, formal vote scheduled Aug 12, 2026. Council voted 3-2 (Jul 8) to advance the concept after 100+ residents debated a MidAmerican Energy data center on ~900 acres of annexed farmland.",https://www.ktiv.com/2026/08/12/salix-city-council-consider-data-center-moratorium/,news,,2026-08-12,True,900 acres,,"[{""date"": ""2026-08-12"", ""kind"": ""proposed"", ""label"": ""Proposed"", ""source"": ""https://www.ktiv.com/2026/08/12/salix-city-council-consider-data-center-moratorium/""}]",,42.28,-96.29
hogansville-ga,Hogansville,GA,Local,Enacted,Expired,True,-10.0,May 2026,2026-05-01,month,2026-09-01,until_date,Runs to a documented date,"90-day moratorium on data-center applications, extended 30 days in Jul 2026 (to approximately early Sep 2026) while the city develops a new data-center ordinance with consultant Canvas Planning and a citizen input committee. QTS (Eagle South LLC) has proposed a 600 MW facility",https://www.lagrangenews.com/news/hogansville-approves-90-day-moratorium-for-data-centers-9d59b175,news,,2026-08-13,True,600 MW,,"[{""date"": ""2026-05-01"", ""kind"": ""enacted"", ""label"": ""Enacted"", ""source"": ""https://www.lagrangenews.com/news/hogansville-approves-90-day-moratorium-for-data-centers-9d59b175""}]",,33.17,-84.91
jeffersonville-in,Jeffersonville,IN,Local,Enacted,Enacted,False,327.0,"Aug 4, 2026",2026-08-04,day,2027-08-04,until_date,Runs to a documented date,"City Council voted 8-0 on Aug 4, 2026; the administration's original ordinance set a 6-month pause, and at-large member Jacky Snelling moved to extend it to a full year before passage. City Attorney Les Merkley told the council Indiana law does not allow an outright ban, only regulation, so the Plan Commission is drafting data-center standards for the city's Unified Development Ordinance during the pause, targeting adoption before Jan 1, 2027. District 1's Dustin White proposed a River Ridge-coterminous data-center overlay district as one option. Does not affect the Meta facility at River Ridge Commerce Center, where the River Ridge Development Authority — not the city — holds land-use authority under a decades-old interlocal agreement rooted in the site's history as the former Indiana Army Ammunition Plant",https://www.newsandtribune.com/news/jeffersonville-city-council-approves-one-year-moratorium-for-data-centers/article_c39dd353-1c15-4b9d-8d00-462c2da7506b.html,news,,2026-09-02,True,,,"[{""date"": ""2026-08-04"", ""kind"": ""enacted"", ""label"": ""Enacted"", ""source"": ""https://www.newsandtribune.com/news/jeffersonville-city-council-approves-one-year-moratorium-for-data-centers/article_c39dd353-1c15-4b9d-8d00-462c2da7506b.html""}]",,38.28,-85.74
palm-beach-county-fl,Palm Beach County,FL,Local,Enacted,Enacted,False,323.0,Jul 2026,2026-07-01,month,2027-07-31,until_date,Runs to a documented date,"Zoning-in-progress freeze on AI data center applications in unincorporated areas, 5-2; up to 1 year or until new zoning adopted. Project Tango (filed pre-freeze) was rejected 5-2",https://www.bocaratontribune.com/bocaratonnews/2026/07/palm-beach-county-enacts-ai-data-center-moratorium/,news,,2026-08-13,True,,,"[{""date"": ""2026-07-01"", ""kind"": ""enacted"", ""label"": ""Enacted"", ""source"": ""https://www.bocaratontribune.com/bocaratonnews/2026/07/palm-beach-county-enacts-ai-data-center-moratorium/""}]",,26.71,-80.27
escambia-county-fl,Escambia County,FL,Local,Enacted,Enacted,False,,Aug 2026,2026-08-01,month,,standing,No end date by design — a permanent ban or standing statute,"Ban on large-scale data centers (50+ MW) in unincorporated areas. Resolution passed 5-0 on Jul 23, ordinance approved 4-1 in Aug. Small server rooms (accessory use) still permitted",https://weartv.com/news/local/escambia-county-commissioners-vote-to-block-large-scale-data-centers-in-unincorporated-areas,news,,2026-08-13,True,,,"[{""date"": ""2026-08-01"", ""kind"": ""enacted"", ""label"": ""Enacted"", ""source"": ""https://weartv.com/news/local/escambia-county-commissioners-vote-to-block-large-scale-data-centers-in-unincorporated-areas""}]",,30.67,-87.38
santa-rosa-county-fl,Santa Rosa County,FL,Local,Enacted,Enacted,False,315.0,"Jul 23, 2026",2026-07-23,day,2027-07-23,until_date,Runs to a documented date,12-month moratorium in unincorporated areas; residents at the Jul 9 hearing pressed for an outright permanent ban. Follows SB 484 (DeSantis) granting local authority to restrict data centers,https://srpressgazette.com/santa-rosa-county-looks-to-approve-a-12-month-ban-on-data-center-development/,news,,2026-08-13,True,,,"[{""date"": ""2026-07-23"", ""kind"": ""enacted"", ""label"": ""Enacted"", ""source"": ""https://srpressgazette.com/santa-rosa-county-looks-to-approve-a-12-month-ban-on-data-center-development/""}]",,30.68,-87.02
warrick-county-in,Warrick County,IN,Local,Enacted,Enacted,False,149.0,"Aug 11, 2026",2026-08-11,day,2027-02-07,until_date,Runs to a documented date,"180-day moratorium, unanimous vote by the three-member Board of Commissioners on Aug 11, 2026 at the Friedman Park Event Center after expected turnout outgrew the usual meeting room. Originated as a recommendation from the Area Plan Commission's Jul 13 hearing, where the APC tabled its own draft ordinance (which would have barred data centers over 40,000 sq ft) for further study and instead recommended a temporary halt. No permit application had been filed for Project Zora as of the vote, and commissioners had declined to sign an NDA with the developer",https://www.14news.com/2026/08/11/warrick-commissioners-vote-moratorium-pause-data-center-development/,news,,2026-09-02,True,"40,000 sq ft",,"[{""date"": ""2026-08-11"", ""kind"": ""enacted"", ""label"": ""Enacted"", ""source"": ""https://www.14news.com/2026/08/11/warrick-commissioners-vote-moratorium-pause-data-center-development/""}]",,38.09,-87.28
islip-ny,Islip,NY,Local,Enacted,Enacted,False,519.0,"Aug 12, 2026",2026-08-12,day,2028-02-12,until_date,Runs to a documented date,18-month ban on new data center facilities; second Long Island town after Brookhaven,https://longisland.news12.com/2026/08/12/town-of-islip-approves-18-month-ban-on-new-data-centers/5cLcS6GGkBbkzPxp55Kx9u,news,,2026-08-13,True,,,"[{""date"": ""2026-08-12"", ""kind"": ""enacted"", ""label"": ""Enacted"", ""source"": ""https://longisland.news12.com/2026/08/12/town-of-islip-approves-18-month-ban-on-new-data-centers/5cLcS6GGkBbkzPxp55Kx9u""}]",,40.73,-73.21
brookhaven-ny,Brookhaven,NY,Local,Enacted,Enacted,False,493.0,"Jul 17, 2026",2026-07-17,day,2028-01-17,until_date,Runs to a documented date,"18-month moratorium, unanimous after nearly 6 hours of public hearings; town code doesn't currently define data centers. First Long Island town to act",https://patch.com/new-york/sachem/brookhaven-pols-enact-18-month-moratorium-data-centers-throughout-town,news,,2026-08-13,True,,,"[{""date"": ""2026-07-17"", ""kind"": ""enacted"", ""label"": ""Enacted"", ""source"": ""https://patch.com/new-york/sachem/brookhaven-pols-enact-18-month-moratorium-data-centers-throughout-town""}]",,40.78,-72.92
waxhaw-nc,Waxhaw,NC,Local,Enacted,Enacted,False,334.0,"Aug 11, 2026",2026-08-11,day,2027-08-11,until_date,Runs to a documented date,"12-month moratorium, unanimous; covers data centers, crypto mining, and related digital infrastructure. Preemptive — no proposals pending",https://www.wbtv.com/2026/08/13/town-waxhaw-unanimously-approved-12-month-moratorium-data-centers/,news,,2026-08-13,True,,,"[{""date"": ""2026-08-11"", ""kind"": ""enacted"", ""label"": ""Enacted"", ""source"": ""https://www.wbtv.com/2026/08/13/town-waxhaw-unanimously-approved-12-month-moratorium-data-centers/""}]",,34.93,-80.74
cobb-county-ga,Cobb County,GA,Local,Enacted,Enacted,False,157.0,Extended Aug 2026,2026-08-01,month,2027-02-15,until_date,Runs to a documented date,"180-day moratorium enacted Feb 2026, extended an additional 180 days ~Aug 2026; unincorporated areas only. Ordinance changes in progress",https://www.wsbtv.com/news/local/cobb-county/cobb-county-commission-extends-data-center-moratorium-180-days/T7AXV7XHNNGZDI2CSYEI6M7YN4/,news,,2026-08-13,True,,,"[{""date"": ""2026-08-01"", ""kind"": ""extended"", ""label"": ""Extended"", ""source"": ""https://www.wsbtv.com/news/local/cobb-county/cobb-county-commission-extends-data-center-moratorium-180-days/T7AXV7XHNNGZDI2CSYEI6M7YN4/""}]",,33.94,-84.58
rochester-hills-mi,Rochester Hills,MI,Local,Enacted,Enacted,False,185.0,Extended Aug 2026,2026-08-01,month,2027-03-15,until_date,Runs to a documented date,"180-day moratorium adopted Mar 2026, extended through mid-Mar 2027; studying noise, vibration, light pollution, water, electricity demand",https://www.detroitnews.com/story/news/local/oakland-county/2026/08/11/rochester-hills-extends-data-center-moratorium/91256551007/,news,,2026-08-13,True,,,"[{""date"": ""2026-08-01"", ""kind"": ""extended"", ""label"": ""Extended"", ""source"": ""https://www.detroitnews.com/story/news/local/oakland-county/2026/08/11/rochester-hills-extends-data-center-moratorium/91256551007/""}]",,42.66,-83.15
independence-county-ar,Independence County,AR,Local,Enacted,Enacted,False,1795.0,"Aug 11, 2026",2026-08-11,day,2031-08-11,until_date,Runs to a documented date,"5-year moratorium, unanimous — the longest in Arkansas. Preemptive; no project currently proposed",https://arkansasadvocate.com/2026/08/11/outside-of-little-rock-arkansas-counties-and-cities-move-ahead-on-data-center-moratoriums/,roundup,,2026-08-13,True,,,"[{""date"": ""2026-08-11"", ""kind"": ""enacted"", ""label"": ""Enacted"", ""source"": ""https://arkansasadvocate.com/2026/08/11/outside-of-little-rock-arkansas-counties-and-cities-move-ahead-on-data-center-moratoriums/""}]",,35.74,-91.57
russellville-ar,Russellville,AR,Local,Enacted,Enacted,False,142.0,Jul 2026,2026-07-01,month,2027-01-31,until_date,Runs to a documented date,6-month pause on data center approvals,https://arkansasadvocate.com/2026/08/11/outside-of-little-rock-arkansas-counties-and-cities-move-ahead-on-data-center-moratoriums/,roundup,,2026-08-13,True,,,"[{""date"": ""2026-07-01"", ""kind"": ""enacted"", ""label"": ""Enacted"", ""source"": ""https://arkansasadvocate.com/2026/08/11/outside-of-little-rock-arkansas-counties-and-cities-move-ahead-on-data-center-moratoriums/""}]",,35.28,-93.13
union-county-ar,Union County,AR,Local,Enacted,Enacted,False,301.0,"Jun 30, 2026",2026-06-30,day,2027-07-09,until_date,Runs to a documented date,"Ordinance 1795: 1-year moratorium (Jul 10, 2026 – Jul 9, 2027), unanimous; studying water, electricity, utilities, emergency services, property and zoning impacts",https://www.eldoradonews.com/news/2026/jun/30/union-county-officials-approve-one-year/,news,,2026-08-13,True,,,"[{""date"": ""2026-06-30"", ""kind"": ""enacted"", ""label"": ""Enacted"", ""source"": ""https://www.eldoradonews.com/news/2026/jun/30/union-county-officials-approve-one-year/""}]",,33.27,-92.6
carroll-county-ar,Carroll County,AR,Local,Enacted,Enacted,False,279.0,"Jun 17, 2026",2026-06-17,day,2027-06-17,until_date,Runs to a documented date,"1-year moratorium on high-impact industrial and high-intensity digital infrastructure facilities, unanimous emergency ordinance",https://www.ky3.com/2026/06/17/carroll-county-unanimously-passes-1-year-moratorium-data-centers-other-high-intensity-digital-infrastructure-facilities/,news,,2026-08-13,True,,,"[{""date"": ""2026-06-17"", ""kind"": ""enacted"", ""label"": ""Enacted"", ""source"": ""https://www.ky3.com/2026/06/17/carroll-county-unanimously-passes-1-year-moratorium-data-centers-other-high-intensity-digital-infrastructure-facilities/""}]",,36.34,-93.53
ridgely-md,Ridgely,MD,Local,Enacted,Enacted,False,354.0,Aug 2026,2026-08-01,month,2027-08-31,until_date,Runs to a documented date,1-year moratorium; part of an Eastern Shore wave of local action after a controversial Federalsburg data center proposal,http://www.stardem.com/news/caroline/ridgely-passes-one-year-moratorium-on-data-centers/article_97ec1ae7-4a05-4e9e-9551-4bc8b650043a.html,news,,2026-08-13,True,,,"[{""date"": ""2026-08-01"", ""kind"": ""enacted"", ""label"": ""Enacted"", ""source"": ""http://www.stardem.com/news/caroline/ridgely-passes-one-year-moratorium-on-data-centers/article_97ec1ae7-4a05-4e9e-9551-4bc8b650043a.html""}]",,38.95,-75.88
monterey-park-ca,Monterey Park,CA,Local,Enacted,Enacted,False,,"Jun 2, 2026",2026-06-02,day,,standing,No end date by design — a permanent ban or standing statute,"Permanent ban via ballot measure, approved overwhelmingly by voters — first U.S. city to ban data centers by popular vote. Originally a 45-day moratorium (Jan 21), extended 1 year, then put on the ballot",https://lapublicpress.org/2026/06/monterey-park-data-center-ban-elections-2026/,news,,2026-08-13,True,,,"[{""date"": ""2026-06-02"", ""kind"": ""enacted"", ""label"": ""Enacted"", ""source"": ""https://lapublicpress.org/2026/06/monterey-park-data-center-ban-elections-2026/""}]",,34.06,-118.12
cherry-hill-nj,Cherry Hill,NJ,Local,Enacted,Enacted,False,,"Jul 28, 2026",2026-07-28,day,,standing,No end date by design — a permanent ban or standing statute,"Ordinance prohibiting data centers as a non-permitted use, unanimous; small server rooms for standalone businesses still allowed. Most populous municipality in Camden County",https://www.inquirer.com/south-jersey/cherry-hill-nj-data-center-ban-20260728.html,roundup,,2026-08-13,True,,,"[{""date"": ""2026-07-28"", ""kind"": ""enacted"", ""label"": ""Enacted"", ""source"": ""https://www.inquirer.com/south-jersey/cherry-hill-nj-data-center-ban-20260728.html""}]",,39.93,-75.0
medford-nj,Medford,NJ,Local,Enacted,Enacted,False,,"Jun 25, 2026",2026-06-25,day,,standing,No end date by design — a permanent ban or standing statute,"Ordinance prohibiting data centers within town limits, unanimous. Preemptive — no proposals pending",https://www.inquirer.com/south-jersey/medford-data-center-ban-artificial-intelligence-20260625.html,news,,2026-08-13,True,,,"[{""date"": ""2026-06-25"", ""kind"": ""enacted"", ""label"": ""Enacted"", ""source"": ""https://www.inquirer.com/south-jersey/medford-data-center-ban-artificial-intelligence-20260625.html""}]",,39.87,-74.82
mansfield-township-burlington-co-nj,Mansfield Township (Burlington Co.),NJ,Local,Enacted,Enacted,False,,"Jul 15, 2026",2026-07-15,day,,standing,No end date by design — a permanent ban or standing statute,"Ordinance banning data centers as a named use category, unanimous. 27th NJ municipality to pass a local ban",https://www.yahoo.com/news/us/articles/mansfield-revises-zoning-strengthen-data-123013988.html,news,,2026-08-13,True,,,"[{""date"": ""2026-07-15"", ""kind"": ""enacted"", ""label"": ""Enacted"", ""source"": ""https://www.yahoo.com/news/us/articles/mansfield-revises-zoning-strengthen-data-123013988.html""}]",,40.07,-74.72
chesterfield-nj,Chesterfield,NJ,Local,Enacted,Enacted,False,,Jul 2026,2026-07-01,month,,standing,No end date by design — a permanent ban or standing statute,"Ban on data centers in all zones, adopted alongside Mansfield Township",https://www.inquirer.com/south-jersey/cherry-hill-nj-data-center-ban-20260728.html,roundup,,2026-08-13,True,,,"[{""date"": ""2026-07-01"", ""kind"": ""enacted"", ""label"": ""Enacted"", ""source"": ""https://www.inquirer.com/south-jersey/cherry-hill-nj-data-center-ban-20260728.html""}]",,40.12,-74.66
berkeley-heights-nj,Berkeley Heights,NJ,Local,Enacted,Enacted,False,,Jul 2026,2026-07-01,month,,standing,No end date by design — a permanent ban or standing statute,"Permanent ban on data centers in all zones, unanimous; followed debate over potential Nokia site conversion",https://www.tapinto.net/towns/berkeley-heights/sections/business-and-finance/articles/berkeley-heights-bans-data-centers-townwide-capping-weeks-of-debate-over-nokia-site,news,,2026-08-13,True,,,"[{""date"": ""2026-07-01"", ""kind"": ""enacted"", ""label"": ""Enacted"", ""source"": ""https://www.tapinto.net/towns/berkeley-heights/sections/business-and-finance/articles/berkeley-heights-bans-data-centers-townwide-capping-weeks-of-debate-over-nokia-site""}]",,40.68,-74.44
louisville-ky,Louisville,KY,Local,Enacted,Enacted,False,155.0,"Aug 13, 2026",2026-08-13,day,2027-02-13,until_date,Runs to a documented date,6-month moratorium passed by Metro Council. Advanced by P&Z Committee 7-1 on Aug 4. Originally proposed Sep 2025 after a 1.6M sq ft hyperscale was approved with little public input,https://www.lpm.org/news/2026-08-04/louisville-metro-council-advances-data-center-moratorium,news,,2026-08-13,True,,,"[{""date"": ""2026-08-13"", ""kind"": ""enacted"", ""label"": ""Enacted"", ""source"": ""https://www.lpm.org/news/2026-08-04/louisville-metro-council-advances-data-center-moratorium""}]",,38.25,-85.76
statesville-nc,Statesville,NC,Local,Proposed,Proposed,False,,First reading Aug 2026,2026-08-01,month,,unknown,Term not documented,"180-day moratorium passed first reading; second reading scheduled Sep 14, 2026. No new data centers planned but city has received inquiries and the UDC does not address data centers",https://www.iredellfreenews.com/news-features/2026/statesville-city-council-approves-180-day-moratorium-on-data-centers,news,,2026-08-13,True,,,"[{""date"": ""2026-08-01"", ""kind"": ""proposed"", ""label"": ""Proposed"", ""source"": ""https://www.iredellfreenews.com/news-features/2026/statesville-city-council-approves-180-day-moratorium-on-data-centers""}]",,35.79,-80.89
fort-worth-tx,Fort Worth,TX,Local,Proposed,Proposed,False,,"Aug 11, 2026",2026-08-11,day,,unknown,Term not documented,Council voted unanimously to begin 90-day moratorium process; public hearings required before it takes effect (~Feb 2027). Also created a Data Center & Infrastructure Committee,https://fortworthreport.org/2026/08/12/data-center-moratorium-takes-first-steps-after-fort-worth-city-councils-unanimous-vote/,news,,2026-08-13,True,,,"[{""date"": ""2026-08-11"", ""kind"": ""proposed"", ""label"": ""Proposed"", ""source"": ""https://fortworthreport.org/2026/08/12/data-center-moratorium-takes-first-steps-after-fort-worth-city-councils-unanimous-vote/""}]",,32.75,-97.33
knox-county-tn,Knox County,TN,Local,Enacted,Enacted,False,284.0,"Jun 22, 2026",2026-06-22,day,2027-06-22,until_date,Runs to a documented date,1-year moratorium passed unanimously 10-0 by county commission. Planning commission developing zoning recommendations,https://commission.knoxcountytn.gov/forums/topic/data-center-moratorium/,official,,2026-08-15,True,,,"[{""date"": ""2026-06-22"", ""kind"": ""enacted"", ""label"": ""Enacted"", ""source"": ""https://commission.knoxcountytn.gov/forums/topic/data-center-moratorium/""}]",,35.99,-83.94
knoxville-tn,Knoxville,TN,Local,Enacted,Enacted,False,299.0,"Jul 8, 2026",2026-07-08,day,2027-07-07,until_date,Runs to a documented date,"1-year moratorium on large data centers (10+ MW peak demand). Pauses permits, building approvals, utility extensions, and development agreements. Expires Jul 7, 2027 or when zoning amendments take effect, whichever is first",https://www.knoxvilletn.gov/news/2026/cc_approves_waterfront_plan_data_ctr_moratorium,official,,2026-08-15,True,,,"[{""date"": ""2026-07-08"", ""kind"": ""enacted"", ""label"": ""Enacted"", ""source"": ""https://www.knoxvilletn.gov/news/2026/cc_approves_waterfront_plan_data_ctr_moratorium""}]",,35.96,-83.92
massillon-oh,Massillon,OH,Local,Enacted,Expired,True,-28.0,Apr 2026,2026-04-01,month,2026-08-14,until_date,Runs to a documented date,"180-day moratorium (expired Aug 14). Replaced by permanent zoning rules voted 7-1 on Aug 3: data centers restricted to I-2 industrial zones, 400 ft minimum from residential, utility capacity certification and noise limits required",https://www.news5cleveland.com/news/local-news/we-follow-through/massillon-puts-limits-on-future-data-centers-with-new-zoning-rules,news,,2026-08-15,True,,,"[{""date"": ""2026-04-01"", ""kind"": ""enacted"", ""label"": ""Enacted"", ""source"": ""https://www.news5cleveland.com/news/local-news/we-follow-through/massillon-puts-limits-on-future-data-centers-with-new-zoning-rules""}]",,40.8,-81.52
lavon-tx,Lavon,TX,Local,Enacted,Enacted,False,55.0,"Aug 7, 2026",2026-08-07,day,2026-11-05,until_date,Runs to a documented date,90-day moratorium on data center projects approved at special council meeting while the city reviews zoning and infrastructure,https://www.wfaa.com/video/tech/city-of-lavon-discussing-data-center-moratorium/287-bda49564-1e93-43c5-ad74-4dbb71af0464,news,,2026-08-15,True,,,"[{""date"": ""2026-08-07"", ""kind"": ""enacted"", ""label"": ""Enacted"", ""source"": ""https://www.wfaa.com/video/tech/city-of-lavon-discussing-data-center-moratorium/287-bda49564-1e93-43c5-ad74-4dbb71af0464""}]",,33.03,-96.43
san-antonio-tx,San Antonio,TX,Local,Rejected,Rejected,False,,"Aug 26, 2026",2026-08-26,day,,unknown,Term not documented,"Three council members (Galvan, Castillo, Meza Gonzalez) filed an Aug 7 memo for a 3-6 month moratorium. At the Aug 26 session most of council declined it by consensus and chose UDC amendments instead: 500-ft buffers from homes, schools and hospitals, industrial/commercial zones only, noise buffers, possible special-use authorization. Zoning Commission Sep 15, council vote Oct 15, 2026",https://www.sacurrent.com/news/san-antonio-news/san-antonio-city-council-debates-data-center-moratorium-stricter-development-rules/,news,,2026-09-05,True,,,"[{""date"": ""2026-08-26"", ""kind"": ""rejected"", ""label"": ""Rejected"", ""source"": ""https://www.sacurrent.com/news/san-antonio-news/san-antonio-city-council-debates-data-center-moratorium-stricter-development-rules/""}]",,29.42,-98.49
columbia-county-ga,Columbia County,GA,Local,Proposed,Proposed,False,,Aug 2026,2026-08-01,month,,unknown,Term not documented,180-day moratorium proposed at commission meeting by chair candidate Cambrey Wood; citizens group also presented model ordinance. Would not affect two already-approved data centers. No vote yet,https://www.wfxg.com/news/columbia-county-commission-chair-hopeful-proposes-new-data-center-legislation/article_42377dc5-1418-4aa6-8860-70c604fb4323.html,news,,2026-08-15,True,,,"[{""date"": ""2026-08-01"", ""kind"": ""proposed"", ""label"": ""Proposed"", ""source"": ""https://www.wfxg.com/news/columbia-county-commission-chair-hopeful-proposes-new-data-center-legislation/article_42377dc5-1418-4aa6-8860-70c604fb4323.html""}]",,33.55,-82.27
denton-tx,Denton,TX,Local,Proposed,Proposed,False,,"Aug 5, 2026",2026-08-05,day,,unknown,Term not documented,"Council voted 4-3 to proceed with a possible 90-day moratorium; public hearings tentatively Sep 22 / Oct 27, final adoption Dec 2",https://www.keranews.org/news/2026-08-05/denton-moves-toward-data-center-moratorium-city-council-weighs-stricter-development-rules,news,,2026-08-13,True,,,"[{""date"": ""2026-08-05"", ""kind"": ""proposed"", ""label"": ""Proposed"", ""source"": ""https://www.keranews.org/news/2026-08-05/denton-moves-toward-data-center-moratorium-city-council-weighs-stricter-development-rules""}]",,33.21,-97.13
marshalltown-ia,Marshalltown,IA,Local,Enacted,Enacted,False,73.0,"Aug 24, 2026",2026-08-24,day,2026-11-23,until_date,Runs to a documented date,"Ordinance 15123 signed Aug 24; 5-2 vote. Moratorium runs through Nov 23, 2026, extendable up to 60 additional days. Council previously voted down a 6-month moratorium in Jun.",https://www.marshalltown-ia.gov/DocumentCenter/View/12040/2026-08-24_ORD-15123_SIGNED-Temporary_Data_Center_Moratorium,official,,2026-09-11,True,,,"[{""date"": ""2026-08-24"", ""kind"": ""enacted"", ""label"": ""Enacted"", ""source"": ""https://www.marshalltown-ia.gov/DocumentCenter/View/12040/2026-08-24_ORD-15123_SIGNED-Temporary_Data_Center_Moratorium""}]",,42.05,-92.91
east-brunswick-nj,East Brunswick,NJ,Local,Enacted,Enacted,False,,"Aug 25, 2026",2026-08-25,day,,standing,No end date by design — a permanent ban or standing statute,"Broad zoning ban on data centers, adopted the same night as North Brunswick and Stafford Township after advancing through council earlier in the summer",https://www.roi-nj.com/2026/08/25/industry/energy-utilities/north-brunswick-east-brunswick-and-stafford-township-ban-data-centers/,roundup,,2026-08-30,True,,,"[{""date"": ""2026-08-25"", ""kind"": ""enacted"", ""label"": ""Enacted"", ""source"": ""https://www.roi-nj.com/2026/08/25/industry/energy-utilities/north-brunswick-east-brunswick-and-stafford-township-ban-data-centers/""}]",,40.43,-74.42
loudoun-county-va,Loudoun County,VA,Local,Proposed,Proposed,False,,"Jul 22, 2026",2026-07-22,day,,unknown,Term not documented,"Board of Supervisors passed Supervisor Briskman's motion 6-1-2 (Umstattd opposed; Kershner and Letourneau absent) directing the county attorney to return in September with options for pausing new data center applications while the county finishes its data center standards. County Attorney Leo Rogers told the board a blanket moratorium is not legal in Virginia: legislative applications (rezonings, special exceptions) could be paused for up to a year, but administrative applications cannot because state code sets review clocks. The item is expected Sep 15, 2026. A separate proposal to strip the exemption from 23 grandfathered projects was deferred Sep 1 for legal review and returns Oct 6. World's largest data center hub",https://www.loudounnow.com/news/loudoun-supervisors-eye-data-centers-moratorium-more-regulations/article_63c90942-647a-4af6-9d43-5ae05a148153.html,news,,2026-09-05,True,,rezoning,"[{""date"": ""2026-07-22"", ""kind"": ""proposed"", ""label"": ""Proposed"", ""source"": ""https://www.loudounnow.com/news/loudoun-supervisors-eye-data-centers-moratorium-more-regulations/article_63c90942-647a-4af6-9d43-5ae05a148153.html""}]",,39.08,-77.64
oklahoma-city-ok,Oklahoma City,OK,Local,Enacted,Enacted,False,111.0,"Apr 22, 2026",2026-04-22,day,2026-12-31,until_date,Runs to a documented date,"Emergency moratorium through end of 2026 on zoning and development applications for data centers, unanimous. Exempts 75 MW and below after a later amendment, plus two pending rezonings",https://www.okc.gov/News-articles/Oklahoma-City-Council-approves-moratorium-on-new-data-centers,official,,2026-08-13,True,75 MW,rezoning,"[{""date"": ""2026-04-22"", ""kind"": ""enacted"", ""label"": ""Enacted"", ""source"": ""https://www.okc.gov/News-articles/Oklahoma-City-Council-approves-moratorium-on-new-data-centers""}]",,35.47,-97.52
boone-county-in,Boone County,IN,Local,Enacted,Enacted,False,277.0,"Jun 16, 2026",2026-06-16,day,2027-06-15,until_date,Runs to a documented date,"1-year moratorium in unincorporated areas, unanimous (Ordinance 2026-08); 12th Indiana county to pause. Does not affect Meta's $10B LEAP campus, which sits on land annexed into the City of Lebanon, not unincorporated county land",https://boonecounty.in.gov/2026/06/15/19190/,official,,2026-09-02,True,,,"[{""date"": ""2026-06-16"", ""kind"": ""enacted"", ""label"": ""Enacted"", ""source"": ""https://boonecounty.in.gov/2026/06/15/19190/""}]",,40.05,-86.47
grant-county-in,Grant County,IN,Local,Enacted,Enacted,False,552.0,"Mar 16, 2026",2026-03-16,day,2028-03-16,until_date,Runs to a documented date,"Ordinance 4-2026: 24-month moratorium on improvement-location permits for data centers in unincorporated Grant County, unanimous (3-0), or until the Area Plan Commission's data center zoning amendments are adopted, whichever comes first. Does not bind Marion, Gas City or other incorporated towns. An APC subcommittee finished its first review of a draft ordinance in Aug 2026",http://commissioners.grant.in.datapitstop.us/DATA/MINUTES/FLD00005/00011112.PDF,official,,2026-09-02,True,,,"[{""date"": ""2026-03-16"", ""kind"": ""enacted"", ""label"": ""Enacted"", ""source"": ""http://commissioners.grant.in.datapitstop.us/DATA/MINUTES/FLD00005/00011112.PDF""}]",,40.51,-85.66
fayette-county-in,Fayette County,IN,Local,Enacted,Enacted,False,249.0,"May 18, 2026",2026-05-18,day,2027-05-18,until_date,Runs to a documented date,"Commissioners approved the ordinance May 5, 2026, effective May 18, contingent on the City of Connersville adopting the same measure (the county and city share an Area Plan Commission) at its own May 18 meeting. Economic-development CEO Brad Colter told commissioners there was no data-center deal, NDA or discussion in place for the county, and backed the pause so the APC could commission an impact study and draft zoning standards; Commissioner Dale Strong said it ""will give the Planning Commission time to develop appropriate zoning regulations."" Preemptive — no local data-center policy existed before this",https://www.newsexaminer.com/news/commissioners-put-the-brakes-on-data-centers/article_9656df1d-2bd9-5df9-924d-4d6670aee9cd.html,news,,2026-09-02,True,,,"[{""date"": ""2026-05-18"", ""kind"": ""enacted"", ""label"": ""Enacted"", ""source"": ""https://www.newsexaminer.com/news/commissioners-put-the-brakes-on-data-centers/article_9656df1d-2bd9-5df9-924d-4d6670aee9cd.html""}]",,39.64,-85.18
starke-county-in,Starke County,IN,Local,Enacted,Enacted,False,95.0,"Dec 15, 2025",2025-12-15,day,2026-12-15,until_date,Runs to a documented date,"Board of Commissioners adopted Ordinance 2025-37 by a 3-0 vote on Dec 15, 2025, on the Plan Commission's Dec 4 favorable recommendation, barring building permits, improvement-location permits and site-plan applications for hyperscale data centers (>5,000 sq ft) in unincorporated Starke County for 12 months. Prompted by a Chicago-based firm's Nov 2025 inquiry about rezoning two parcels for a data center. The Plan Commission recommended a 1-year extension on Jul 15, 2026, but no source confirms the Board of Commissioners has voted on it — do not present the extension as adopted",https://starke.in.gov/dlp_document/ordinance-2025-37-hyperscale-data-center-moratorium/,official,,2026-09-02,True,"5,000 sq ft",rezoning,"[{""date"": ""2025-12-15"", ""kind"": ""enacted"", ""label"": ""Enacted"", ""source"": ""https://starke.in.gov/dlp_document/ordinance-2025-37-hyperscale-data-center-moratorium/""}]",,41.28,-86.63
marshall-county-in,Marshall County,IN,Local,Enacted,Enacted,False,,"Apr 20, 2026",2026-04-20,day,,standing,No end date by design — a permanent ban or standing statute,"Permanent ban — the Board of Commissioners replaced an earlier temporary moratorium (adopted around Jan 2025, reportedly the first in the state) with a prohibition on ""Data Processing"" uses in the county zoning ordinance. Commissioner Jesse Bohannon said no company had actually proposed a project in Marshall County — the ban followed concern after Amazon and Microsoft campuses were built in neighboring St. Joseph and La Porte counties. Same day, commissioners also adopted a battery-storage setback ordinance and advanced a solar-farm acreage cap. No exact ordinance number could be confirmed from a public source; do not publish one without verifying it",https://www.wndu.com/2026/04/20/marshall-county-commissioners-ban-data-centers-limit-solar-projects/,news,,2026-09-02,True,,,"[{""date"": ""2026-04-20"", ""kind"": ""enacted"", ""label"": ""Enacted"", ""source"": ""https://www.wndu.com/2026/04/20/marshall-county-commissioners-ban-data-centers-limit-solar-projects/""}]",,41.35,-86.31
cass-county-in,Cass County,IN,Local,Enacted,Enacted,False,,"Apr 21, 2026",2026-04-21,day,,standing,No end date by design — a permanent ban or standing statute,"Board of Commissioners adopted Ordinance Comm-Ord-2026-08 on Apr 21, 2026, on the Plan Commission's favorable recommendation from an Apr 7 hearing. The ordinance amends the zoning ordinance's district-use table to mark ""Data Processing"" a prohibited use in every district — Agricultural, Residential, Business, Industrial and Commercial General — a permanent ban, not a time-limited pause. All three commissioners (Ruth Baker, president; Mike Deitrich; Roger Spencer) signed it, 3-0. No named company or project triggered it. ""Cass County"" + ""data center"" news searches are dominated by an unrelated fight in Cass County, Michigan — do not conflate the two",https://www.in.gov/counties/cass/files/Comm-Ord-2026-08-Data-Processing-signed.pdf,official,,2026-09-02,True,,,"[{""date"": ""2026-04-21"", ""kind"": ""enacted"", ""label"": ""Enacted"", ""source"": ""https://www.in.gov/counties/cass/files/Comm-Ord-2026-08-Data-Processing-signed.pdf""}]",,40.76,-86.35
johnson-city-tn,Johnson City,TN,Local,Enacted,Enacted,False,83.0,"Extended May 22, 2026",2026-05-22,day,2026-12-03,until_date,Runs to a documented date,"Moratorium extended unanimously to Dec 3, 2026 while a special board drafts noise and distance regulations. Data centers limited to I-2 Heavy Industrial zone since 2025. 5,000+ of 6,000 survey respondents 'extremely concerned'",https://www.supertalk929.com/2026/05/22/johnson-city-commission-votes-to-extend-data-center-moratorium/,news,,2026-08-13,True,,,"[{""date"": ""2026-05-22"", ""kind"": ""extended"", ""label"": ""Extended"", ""source"": ""https://www.supertalk929.com/2026/05/22/johnson-city-commission-votes-to-extend-data-center-moratorium/""}]",,36.31,-82.35
mcminnville-tn,McMinnville,TN,Local,Enacted,Enacted,False,448.0,"Jun 3, 2026",2026-06-03,day,2027-12-03,until_date,Runs to a documented date,"18-month moratorium, unanimous; prompted by a proposed 25 MW Nvidia GB200 NVL72 AI campus. 2,600+ petition signatures. Town halls scheduled Jun 25 and 29",https://www.wsmv.com/2026/06/03/mcminnville-approves-18-month-moratorium-new-data-centers-creating-requirements-numerous-impact-studies/,news,,2026-08-13,True,25 MW,,"[{""date"": ""2026-06-03"", ""kind"": ""enacted"", ""label"": ""Enacted"", ""source"": ""https://www.wsmv.com/2026/06/03/mcminnville-approves-18-month-moratorium-new-data-centers-creating-requirements-numerous-impact-studies/""}]",,35.68,-85.77
athens-clarke-county-ga,Athens-Clarke County,GA,Local,Enacted,Enacted,False,,Extended Mar 2026,2026-03-01,month,,until_event,"Runs until a condition is met, not to a date","Moratorium adopted Dec 2025, extended 3 months in Mar 2026 while an ordinance is drafted. Waiting on state-level legislation before finalising local rules",https://flagpole.com/news/city-dope/2026/03/11/athens-clarke-county-commission-extends-moratorium-on-data-centers/,news,,2026-08-13,True,,,"[{""date"": ""2026-03-01"", ""kind"": ""extended"", ""label"": ""Extended"", ""source"": ""https://flagpole.com/news/city-dope/2026/03/11/athens-clarke-county-commission-extends-moratorium-on-data-centers/""}]",,33.96,-83.38
palmetto-ga,Palmetto,GA,Local,Enacted,Enacted,False,,Mar 2026,2026-03-01,month,,standing,No end date by design — a permanent ban or standing statute,Permanent ban — city council unanimously rewrote the industrial zoning code to exclude data centers entirely,https://www.wabe.org/palmetto-city-council-approves-rewritten-industrial-zoning-code-to-ban-exclude-data-centers/,news,,2026-08-13,True,,,"[{""date"": ""2026-03-01"", ""kind"": ""enacted"", ""label"": ""Enacted"", ""source"": ""https://www.wabe.org/palmetto-city-council-approves-rewritten-industrial-zoning-code-to-ban-exclude-data-centers/""}]",,33.51,-84.67
hall-county-ga,Hall County,GA,Local,Enacted,Expired,True,-17.0,"Feb 26, 2026",2026-02-26,day,2026-08-25,until_date,Runs to a documented date,"180-day moratorium on data centers, high-density residential, and detention centers, approved 4-0. Staff examining regulations for impacts on county services and infrastructure",https://accessnorthga.com/news/hall-co-approves-180-day-moratorium-includes-detention-centers,news,,2026-08-13,True,,,"[{""date"": ""2026-02-26"", ""kind"": ""enacted"", ""label"": ""Enacted"", ""source"": ""https://accessnorthga.com/news/hall-co-approves-180-day-moratorium-includes-detention-centers""}]",,34.3,-83.82
coweta-county-ga,Coweta County,GA,Local,Enacted,Enacted,False,103.0,Jun 2026,2026-06-01,month,2026-12-23,until_date,Runs to a documented date,180-day moratorium; five previously proposed data centers (including the \$17B Project Sail) are exempt under vested-rights doctrine. Expires Dec 23 or when the board adopts ordinance amendments,https://www.times-herald.com/news/commissioners-approve-180-day-data-center-moratorium/article_29dd50b8-88fb-4424-98d9-9d87abfb4588.html,news,,2026-08-13,True,,,"[{""date"": ""2026-06-01"", ""kind"": ""enacted"", ""label"": ""Enacted"", ""source"": ""https://www.times-herald.com/news/commissioners-approve-180-day-data-center-moratorium/article_29dd50b8-88fb-4424-98d9-9d87abfb4588.html""}]",,33.35,-84.77
jackson-county-mo,Jackson County,MO,Local,Enacted,Enacted,False,99.0,"Jun 22, 2026",2026-06-22,day,2026-12-19,until_date,Runs to a documented date,"180-day moratorium on data center and battery storage land use applications, 8-0 (one excused). Amended up from 120 days",https://www.kctv5.com/2026/06/22/jackson-county-legislature-passes-180-day-moratorium-data-center-applications/,news,,2026-08-13,True,,,"[{""date"": ""2026-06-22"", ""kind"": ""enacted"", ""label"": ""Enacted"", ""source"": ""https://www.kctv5.com/2026/06/22/jackson-county-legislature-passes-180-day-moratorium-data-center-applications/""}]",,39.01,-94.35
springfield-mo,Springfield,MO,Local,Enacted,Enacted,False,67.0,"Jun 29, 2026",2026-06-29,day,2026-11-17,until_date,Runs to a documented date,"120-day administrative delay, 8-0. Expires Nov 17 or when council passes a two-reading bill. Public input sessions to follow",https://www.ky3.com/2026/06/29/springfield-city-council-passes-120-day-moratorium-data-centers-heres-what-happens-next/,news,,2026-08-13,True,,,"[{""date"": ""2026-06-29"", ""kind"": ""enacted"", ""label"": ""Enacted"", ""source"": ""https://www.ky3.com/2026/06/29/springfield-city-council-passes-120-day-moratorium-data-centers-heres-what-happens-next/""}]",,37.22,-93.29
inver-grove-heights-mn,Inver Grove Heights,MN,Local,Enacted,Enacted,False,288.0,"Jun 26, 2026",2026-06-26,day,2027-06-26,until_date,Runs to a documented date,"1-year moratorium, 3-2; freezes a proposed 55,000 sq ft / 5 MW project while staff study zoning, water and noise impacts. Developer QLevr has threatened a \$150M lawsuit",https://www.mprnews.org/story/2026/06/26/inver-grove-heights-approves-moratorium-data-centers,news,,2026-08-13,True,"55,000 sq ft",,"[{""date"": ""2026-06-26"", ""kind"": ""enacted"", ""label"": ""Enacted"", ""source"": ""https://www.mprnews.org/story/2026/06/26/inver-grove-heights-approves-moratorium-data-centers""}]",,44.85,-93.04
flint-mi,Flint,MI,Local,Enacted,Enacted,False,270.0,"Jun 8, 2026",2026-06-08,day,2027-06-08,until_date,Runs to a documented date,"12-month moratorium, 7-1; no permits, site plans, or construction for data centers accepted or processed during the pause",https://www.abc12.com/news/business/flint-city-council-approves-one-year-data-center-moratorium/article_8f64b736-0ba6-41bc-a6ce-032bbf62665c.html,news,,2026-08-13,True,,,"[{""date"": ""2026-06-08"", ""kind"": ""enacted"", ""label"": ""Enacted"", ""source"": ""https://www.abc12.com/news/business/flint-city-council-approves-one-year-data-center-moratorium/article_8f64b736-0ba6-41bc-a6ce-032bbf62665c.html""}]",,43.01,-83.69
ypsilanti-ycua-mi,Ypsilanti (YCUA),MI,Local,Enacted,Enacted,False,223.0,"Apr 22, 2026",2026-04-22,day,2027-04-22,until_date,Runs to a documented date,"Utility-level: 12-month moratorium on water and sewer service to new data centers, unanimous. Blocks a \$1.25B U-M / Los Alamos computing facility; U-M has threatened to sue",https://planetdetroit.org/2026/04/data-center-water-moratorium-ypsilanti/,news,,2026-08-13,True,,,"[{""date"": ""2026-04-22"", ""kind"": ""enacted"", ""label"": ""Enacted"", ""source"": ""https://planetdetroit.org/2026/04/data-center-water-moratorium-ypsilanti/""}]",,42.24,-83.61
birmingham-al,Birmingham,AL,Local,Enacted,Expired,True,-8.0,"Mar 3, 2026",2026-03-03,day,2026-09-03,until_date,Runs to a documented date,"6-month moratorium on 20+ MW facilities, unanimous. Exempts the Nebius AI factory project (application already under review)",https://www.wbrc.com/2026/03/04/birmingham-city-council-votes-pause-new-data-center-applications-six-months/,news,,2026-08-13,True,,,"[{""date"": ""2026-03-03"", ""kind"": ""enacted"", ""label"": ""Enacted"", ""source"": ""https://www.wbrc.com/2026/03/04/birmingham-city-council-votes-pause-new-data-center-applications-six-months/""}]",,33.52,-86.8
homewood-al,Homewood,AL,Local,Enacted,Enacted,False,284.0,"Jun 22, 2026",2026-06-22,day,2027-06-22,until_date,Runs to a documented date,"12-month moratorium, extendable 6 months. Preemptive — no data center proposals pending. Staff and Planning Commission to study zoning, operational, and infrastructure standards",https://www.wbrc.com/2026/06/23/not-intended-oppose-economic-development-or-technological-investment-homewood-approves-12-month-temporary-moratorium-data-centers/,news,,2026-08-13,True,,,"[{""date"": ""2026-06-22"", ""kind"": ""enacted"", ""label"": ""Enacted"", ""source"": ""https://www.wbrc.com/2026/06/23/not-intended-oppose-economic-development-or-technological-investment-homewood-approves-12-month-temporary-moratorium-data-centers/""}]",,33.47,-86.8
waterford-township-camden-co-nj,Waterford Township (Camden Co.),NJ,Local,Enacted,Enacted,False,,Apr 2026,2026-04-01,month,,standing,No end date by design — a permanent ban or standing statute,Ban on data centers in all zoning districts; cited heightened concerns as a Pinelands Community,https://nj1015.com/new-jersey-ai-data-center-bans/,roundup,,2026-08-13,True,,,"[{""date"": ""2026-04-01"", ""kind"": ""enacted"", ""label"": ""Enacted"", ""source"": ""https://nj1015.com/new-jersey-ai-data-center-bans/""}]",,39.74,-74.83
plainfield-nj,Plainfield,NJ,Local,Proposed,Proposed,False,,First reading Jul 2026,2026-07-01,month,,unknown,Term not documented,Citywide ban across all zoning districts introduced by council; final vote scheduled Aug 10. Council rejected a weaker regulatory approach in May,https://www.tapinto.net/towns/plainfield/articles/plainfield-city-council-takes-significant-step-towards-data-center-ban,news,,2026-08-13,True,,,"[{""date"": ""2026-07-01"", ""kind"": ""proposed"", ""label"": ""Proposed"", ""source"": ""https://www.tapinto.net/towns/plainfield/articles/plainfield-city-council-takes-significant-step-towards-data-center-ban""}]",,40.63,-74.41
north-plainfield-nj,North Plainfield,NJ,Local,Proposed,Proposed,False,,First reading Jun 2026,2026-06-01,month,,unknown,Term not documented,"Ordinance 26-10 banning data centers borough-wide, 6-0 first reading; second reading and public hearing pending",https://www.tapinto.net/towns/north-plainfield-slash-green-brook-slash-watchung/articles/north-plainfield-advances-ordinance-to-ban-data-centers-borough-wide,news,,2026-08-13,True,,,"[{""date"": ""2026-06-01"", ""kind"": ""proposed"", ""label"": ""Proposed"", ""source"": ""https://www.tapinto.net/towns/north-plainfield-slash-green-brook-slash-watchung/articles/north-plainfield-advances-ordinance-to-ban-data-centers-borough-wide""}]",,40.63,-74.43
leeds-al,Leeds,AL,Local,Enacted,Enacted,False,265.0,"Jun 3, 2026",2026-06-03,day,2027-06-03,until_date,Runs to a documented date,"1-year moratorium on data center applications and permits, unanimous (Ord. 2026-06-02). Preemptive — no active proposals, but residents flagged Alabama Power marketing of nearby Grand River site to data center developers",https://abc3340.com/news/local/leeds-city-council-approves-one-year-moratorium-on-data-center-development,news,,2026-08-13,True,,,"[{""date"": ""2026-06-03"", ""kind"": ""enacted"", ""label"": ""Enacted"", ""source"": ""https://abc3340.com/news/local/leeds-city-council-approves-one-year-moratorium-on-data-center-development""}]",,33.55,-86.54
springville-al,Springville,AL,Local,Enacted,Enacted,False,298.0,"Jul 6, 2026",2026-07-06,day,2027-07-06,until_date,Runs to a documented date,1-year moratorium on data center proposals. Preemptive — no proposals in pipeline,https://newsaegis.com/2026/07/16/data-centers-dont-create-jobs-springville-joins-leeds-places-moratorium-on-centers/,news,,2026-08-13,True,,,"[{""date"": ""2026-07-06"", ""kind"": ""enacted"", ""label"": ""Enacted"", ""source"": ""https://newsaegis.com/2026/07/16/data-centers-dont-create-jobs-springville-joins-leeds-places-moratorium-on-centers/""}]",,33.77,-86.47
cullman-al,Cullman,AL,Local,Enacted,Enacted,False,286.0,"Jun 24, 2026",2026-06-24,day,2027-06-24,until_date,Runs to a documented date,"12-month moratorium, unanimous (Res. 2026-116). Council also referred Ord. 2026-42 to Planning Commission to prohibit data centers outright. County cannot follow suit — limited home rule",https://www.wbrc.com/2026/06/26/cullman-city-council-unanimously-passes-12-month-temporary-moratorium-data-centers/,news,,2026-08-13,True,,,"[{""date"": ""2026-06-24"", ""kind"": ""enacted"", ""label"": ""Enacted"", ""source"": ""https://www.wbrc.com/2026/06/26/cullman-city-council-unanimously-passes-12-month-temporary-moratorium-data-centers/""}]",,34.17,-86.84
fort-payne-al,Fort Payne,AL,Local,Enacted,Enacted,False,96.0,"Jun 16, 2026",2026-06-16,day,2026-12-16,until_date,Runs to a documented date,"6-month moratorium, unanimous. Preemptive — no developer inquiries. Proposed zoning: M2 heavy-industrial only, conditional use, 1,000-ft residential setback, EIS, water-use plan, noise standards",https://256today.com/fort-payne-gets-ahead-of-data-center-boom-with-development-moratorium/,news,,2026-08-13,True,,,"[{""date"": ""2026-06-16"", ""kind"": ""enacted"", ""label"": ""Enacted"", ""source"": ""https://256today.com/fort-payne-gets-ahead-of-data-center-boom-with-development-moratorium/""}]",,34.44,-85.72
pinson-al,Pinson,AL,Local,Enacted,Enacted,False,330.0,"Aug 7, 2026",2026-08-07,day,2027-08-07,until_date,Runs to a documented date,"1-year moratorium targeting hyper/mega data centers, especially AI facilities. Preemptive — no proposals pending",https://www.trussvilletribune.com/2026/08/07/pinson-council-passes-one-year-moratorium-on-data-centers/,news,,2026-09-11,True,,,"[{""date"": ""2026-08-07"", ""kind"": ""enacted"", ""label"": ""Enacted"", ""source"": ""https://www.trussvilletribune.com/2026/08/07/pinson-council-passes-one-year-moratorium-on-data-centers/""}]",,33.69,-86.68
fairfield-al,Fairfield,AL,Local,Enacted,Enacted,False,,Jul 2026,2026-07-01,month,,unknown,Term not documented,Temporary moratorium after resident pressure over Patmos (Missouri AI co.) proposal to convert former Walmart to colocation data center. Duration not specified,https://www.thecooldown.com/green-tech/patmos-company-proposed-ai-data-center-fairfield-alabama/,news,,2026-08-13,True,,,"[{""date"": ""2026-07-01"", ""kind"": ""enacted"", ""label"": ""Enacted"", ""source"": ""https://www.thecooldown.com/green-tech/patmos-company-proposed-ai-data-center-fairfield-alabama/""}]",,33.48,-86.91
city-of-st-charles-mo,City of St. Charles,MO,Local,Enacted,Enacted,False,,"May 19, 2026",2026-05-19,day,,standing,No end date by design — a permanent ban or standing statute,"Permanent ban — data centers removed as a permitted use from all zoning districts, 7-1 (Bill 14085). Triggered by 'Project Cumulus' proposal near city water wells. Initial 1-year moratorium Aug 2025",https://www.ksdk.com/article/news/politics/st-charles-city-council-votes-7-1-to-effectively-ban-data-centers/63-7c9264ad-1dc5-4c38-853a-1f7cddf9c2ac,news,,2026-08-13,True,,,"[{""date"": ""2026-05-19"", ""kind"": ""enacted"", ""label"": ""Enacted"", ""source"": ""https://www.ksdk.com/article/news/politics/st-charles-city-council-votes-7-1-to-effectively-ban-data-centers/63-7c9264ad-1dc5-4c38-853a-1f7cddf9c2ac""}]",,38.78,-90.52
st-charles-county-mo,St. Charles County,MO,Local,Enacted,Enacted,False,124.0,"Jul 13, 2026",2026-07-13,day,2027-01-13,until_date,Runs to a documented date,"6-month moratorium on projects >100,000 sq ft or >5 MW, unanimous. Third-party study of health, infrastructure, and quality-of-life impacts commissioned",https://www.firstalert4.com/2026/07/14/st-charles-county-approves-6-month-data-center-moratorium/,news,,2026-08-13,True,"100,000 sq ft",,"[{""date"": ""2026-07-13"", ""kind"": ""enacted"", ""label"": ""Enacted"", ""source"": ""https://www.firstalert4.com/2026/07/14/st-charles-county-approves-6-month-data-center-moratorium/""}]",,38.78,-90.55
columbia-mo,Columbia,MO,Local,Enacted,Enacted,False,,May 2026,2026-05-01,month,,fixed_undated,"A stated duration, but the end date isn't recorded here","1-year moratorium pausing data center permits and conditional-use applications, 6-0. Council approved data center definition and zoning criteria simultaneously",https://www.columbiamissourian.com/news/local/city-council-approves-data-center-definition-requests-moratorium/article_064eadce-c84e-4bfc-8f9c-b930741b94af.html,news,,2026-08-13,True,,,"[{""date"": ""2026-05-01"", ""kind"": ""enacted"", ""label"": ""Enacted"", ""source"": ""https://www.columbiamissourian.com/news/local/city-council-approves-data-center-definition-requests-moratorium/article_064eadce-c84e-4bfc-8f9c-b930741b94af.html""}]",,38.95,-92.33
minneapolis-mn,Minneapolis,MN,Local,Enacted,Enacted,False,71.0,"May 22, 2026",2026-05-22,day,2026-11-21,until_date,Runs to a documented date,"6-month moratorium on data centers >350,000 sq ft, 8-5. Downtown core exempt. Zoning ordinance updates and environmental impact report due during the pause",https://www.startribune.com/minneapolis-data-centers-moratorium/601846955,news,,2026-08-13,True,"350,000 sq ft",,"[{""date"": ""2026-05-22"", ""kind"": ""enacted"", ""label"": ""Enacted"", ""source"": ""https://www.startribune.com/minneapolis-data-centers-moratorium/601846955""}]",,44.98,-93.27
eagan-mn,Eagan,MN,Local,Enacted,Enacted,False,159.0,Feb 2026,2026-02-01,month,2027-02-17,until_date,Runs to a documented date,"1-year moratorium on data centers >20 MW or within 500 ft of residential, first MN city to pause. Under legal challenge — developer filed suit Jun 15 alleging city lacks authority to regulate electricity demand",https://www.fox9.com/news/eagan-data-center-moratorium-city-faces-lawsuit-minnesota-communities-push-back,news,,2026-08-13,True,20 MW,,"[{""date"": ""2026-02-01"", ""kind"": ""enacted"", ""label"": ""Enacted"", ""source"": ""https://www.fox9.com/news/eagan-data-center-moratorium-city-faces-lawsuit-minnesota-communities-push-back""}]",,44.8,-93.17
carver-mn,Carver,MN,Local,Enacted,Enacted,False,207.0,"Apr 6, 2026",2026-04-06,day,2027-04-06,until_date,Runs to a documented date,"1-year moratorium, unanimous. Proactive — no pending data center project at time of vote",https://www.fox9.com/news/minnesota-data-centers-carver-city-council-1-year-moratorium-april-11,news,,2026-08-13,True,,,"[{""date"": ""2026-04-06"", ""kind"": ""enacted"", ""label"": ""Enacted"", ""source"": ""https://www.fox9.com/news/minnesota-data-centers-carver-city-council-1-year-moratorium-april-11""}]",,44.76,-93.63
wright-county-mn,Wright County,MN,Local,Enacted,Enacted,False,250.0,"May 19, 2026",2026-05-19,day,2027-05-19,until_date,Runs to a documented date,"Emergency 1-year moratorium (Ord. 26-2), unanimous. Applies to unincorporated areas only. Moratorium Workgroup formed Jun 16 to evaluate environmental, fiscal, infrastructure, and land use considerations",https://www.wrightcountymn.gov/m/newsflash/Home/Detail/5177,official,,2026-08-13,True,,,"[{""date"": ""2026-05-19"", ""kind"": ""enacted"", ""label"": ""Enacted"", ""source"": ""https://www.wrightcountymn.gov/m/newsflash/Home/Detail/5177""}]",,45.17,-93.96
washington-county-mn,Washington County,MN,Local,Enacted,Enacted,False,,Jul 2026,2026-07-01,month,,fixed_undated,"A stated duration, but the end date isn't recorded here","1-year moratorium on new data center applications in unincorporated areas, 4-1. Extended from originally proposed 6-month pause",https://www.startribune.com/minnesota-counties-data-centers/601857833,news,,2026-08-13,True,,,"[{""date"": ""2026-07-01"", ""kind"": ""enacted"", ""label"": ""Enacted"", ""source"": ""https://www.startribune.com/minnesota-counties-data-centers/601857833""}]",,45.04,-92.89
wixom-mi,Wixom,MI,Local,Enacted,Enacted,False,13.0,"Mar 24, 2026",2026-03-24,day,2026-09-24,until_date,Runs to a documented date,"6-month moratorium on data center permits, construction, and installation. Under legal challenge — Sansone Group (519,000 sq ft complex) filed federal suit Aug 7",https://www.wixomgov.org/departments/construction-development-services-building/data-center-moratorium-ordinance,news,,2026-08-13,True,"519,000 sq ft",,"[{""date"": ""2026-03-24"", ""kind"": ""enacted"", ""label"": ""Enacted"", ""source"": ""https://www.wixomgov.org/departments/construction-development-services-building/data-center-moratorium-ordinance""}]",,42.53,-83.54
saline-mi,Saline,MI,Local,Enacted,Enacted,False,123.0,"Jan 12, 2026",2026-01-12,day,2027-01-12,until_date,Runs to a documented date,"12-month citywide moratorium on new data center approvals, unanimous",https://www.wkar.org/wkar-news/2026-02-27/michigan-data-center-tracker-moratoria-legislation-and-grid-impact,roundup,,2026-08-13,True,,,"[{""date"": ""2026-01-12"", ""kind"": ""enacted"", ""label"": ""Enacted"", ""source"": ""https://www.wkar.org/wkar-news/2026-02-27/michigan-data-center-tracker-moratoria-legislation-and-grid-impact""}]",,42.17,-83.78
grand-blanc-township-mi,Grand Blanc Township,MI,Local,Enacted,Enacted,False,132.0,"Jan 21, 2026",2026-01-21,day,2027-01-21,until_date,Runs to a documented date,1-year moratorium on data center development,https://www.wkar.org/wkar-news/2026-02-27/michigan-data-center-tracker-moratoria-legislation-and-grid-impact,roundup,,2026-08-13,True,,,"[{""date"": ""2026-01-21"", ""kind"": ""enacted"", ""label"": ""Enacted"", ""source"": ""https://www.wkar.org/wkar-news/2026-02-27/michigan-data-center-tracker-moratoria-legislation-and-grid-impact""}]",,42.93,-83.63
manchester-township-mi,Manchester Township,MI,Local,Enacted,Enacted,False,398.0,"Oct 14, 2025",2025-10-14,day,2027-10-14,until_date,Runs to a documented date,2-year moratorium — longest duration among Michigan communities,https://www.wkar.org/wkar-news/2026-02-27/michigan-data-center-tracker-moratoria-legislation-and-grid-impact,roundup,,2026-08-13,True,,,"[{""date"": ""2025-10-14"", ""kind"": ""enacted"", ""label"": ""Enacted"", ""source"": ""https://www.wkar.org/wkar-news/2026-02-27/michigan-data-center-tracker-moratoria-legislation-and-grid-impact""}]",,42.15,-84.04
armada-township-mi,Armada Township,MI,Local,Enacted,Expired,True,-60.0,"Jan 14, 2026",2026-01-14,day,2026-07-13,until_date,Runs to a documented date,180-day moratorium on data center development,https://www.wkar.org/wkar-news/2026-02-27/michigan-data-center-tracker-moratoria-legislation-and-grid-impact,roundup,,2026-08-13,True,,,"[{""date"": ""2026-01-14"", ""kind"": ""enacted"", ""label"": ""Enacted"", ""source"": ""https://www.wkar.org/wkar-news/2026-02-27/michigan-data-center-tracker-moratoria-legislation-and-grid-impact""}]",,42.84,-82.88
green-charter-township-mi,Green Charter Township,MI,Local,Enacted,Enacted,False,89.0,"Dec 9, 2025",2025-12-09,day,2026-12-09,until_date,Runs to a documented date,"1-year moratorium citing water, energy, and noise concerns",https://www.wkar.org/wkar-news/2026-02-27/michigan-data-center-tracker-moratoria-legislation-and-grid-impact,roundup,,2026-08-13,True,,,"[{""date"": ""2025-12-09"", ""kind"": ""enacted"", ""label"": ""Enacted"", ""source"": ""https://www.wkar.org/wkar-news/2026-02-27/michigan-data-center-tracker-moratoria-legislation-and-grid-impact""}]",,43.61,-85.5
pittsfield-township-mi,Pittsfield Township,MI,Local,Enacted,Expired,True,-117.0,"Nov 18, 2025",2025-11-18,day,2026-05-17,until_date,Runs to a documented date,180-day moratorium on data center development,https://www.wkar.org/wkar-news/2026-02-27/michigan-data-center-tracker-moratoria-legislation-and-grid-impact,roundup,,2026-08-13,True,,,"[{""date"": ""2025-11-18"", ""kind"": ""enacted"", ""label"": ""Enacted"", ""source"": ""https://www.wkar.org/wkar-news/2026-02-27/michigan-data-center-tracker-moratoria-legislation-and-grid-impact""}]",,42.22,-83.74
howell-township-mi,Howell Township,MI,Local,Enacted,Expired,True,-114.0,"Nov 20, 2025",2025-11-20,day,2026-05-20,until_date,Runs to a documented date,6-month moratorium on data center development,https://www.fractracker.org/2026/01/howell-township-data-center-win,news,,2026-08-13,True,,,"[{""date"": ""2025-11-20"", ""kind"": ""enacted"", ""label"": ""Enacted"", ""source"": ""https://www.fractracker.org/2026/01/howell-township-data-center-win""}]",,42.61,-83.93
northville-mi,Northville,MI,Local,Enacted,Enacted,False,117.0,"Jan 6, 2026",2026-01-06,day,2027-01-06,until_date,Runs to a documented date,12-month moratorium on data center development,https://www.wkar.org/wkar-news/2026-02-27/michigan-data-center-tracker-moratoria-legislation-and-grid-impact,roundup,,2026-08-13,True,,,"[{""date"": ""2026-01-06"", ""kind"": ""enacted"", ""label"": ""Enacted"", ""source"": ""https://www.wkar.org/wkar-news/2026-02-27/michigan-data-center-tracker-moratoria-legislation-and-grid-impact""}]",,42.43,-83.48
pontiac-mi,Pontiac,MI,Local,Enacted,Expired,True,-52.0,"Jan 21, 2026",2026-01-21,day,2026-07-21,until_date,Runs to a documented date,6-month moratorium on data center development,https://www.wkar.org/wkar-news/2026-02-27/michigan-data-center-tracker-moratoria-legislation-and-grid-impact,roundup,,2026-08-13,True,,,"[{""date"": ""2026-01-21"", ""kind"": ""enacted"", ""label"": ""Enacted"", ""source"": ""https://www.wkar.org/wkar-news/2026-02-27/michigan-data-center-tracker-moratoria-legislation-and-grid-impact""}]",,42.64,-83.29
saginaw-mi,Saginaw,MI,Local,Enacted,Expired,True,-60.0,"Jan 13, 2026",2026-01-13,day,2026-07-13,until_date,Runs to a documented date,6-month moratorium on data center development,https://www.wkar.org/wkar-news/2026-02-27/michigan-data-center-tracker-moratoria-legislation-and-grid-impact,roundup,,2026-08-13,True,,,"[{""date"": ""2026-01-13"", ""kind"": ""enacted"", ""label"": ""Enacted"", ""source"": ""https://www.wkar.org/wkar-news/2026-02-27/michigan-data-center-tracker-moratoria-legislation-and-grid-impact""}]",,43.42,-83.95
sterling-heights-mi,Sterling Heights,MI,Local,Enacted,Enacted,False,146.0,"Feb 4, 2026",2026-02-04,day,2027-02-04,until_date,Runs to a documented date,1-year moratorium on data center development,https://www.wkar.org/wkar-news/2026-02-27/michigan-data-center-tracker-moratoria-legislation-and-grid-impact,roundup,,2026-08-13,True,,,"[{""date"": ""2026-02-04"", ""kind"": ""enacted"", ""label"": ""Enacted"", ""source"": ""https://www.wkar.org/wkar-news/2026-02-27/michigan-data-center-tracker-moratoria-legislation-and-grid-impact""}]",,42.58,-83.03
south-lyon-mi,South Lyon,MI,Local,Enacted,Enacted,False,152.0,"Feb 10, 2026",2026-02-10,day,2027-02-10,until_date,Runs to a documented date,12-month moratorium on data center development,https://www.wkar.org/wkar-news/2026-02-27/michigan-data-center-tracker-moratoria-legislation-and-grid-impact,roundup,,2026-08-13,True,,,"[{""date"": ""2026-02-10"", ""kind"": ""enacted"", ""label"": ""Enacted"", ""source"": ""https://www.wkar.org/wkar-news/2026-02-27/michigan-data-center-tracker-moratoria-legislation-and-grid-impact""}]",,42.46,-83.65
taylor-mi,Taylor,MI,Local,Enacted,Enacted,False,,Jan 2026,2026-01-01,month,,fixed_undated,"A stated duration, but the end date isn't recorded here",1-year moratorium on data center development,https://www.wkar.org/wkar-news/2026-02-27/michigan-data-center-tracker-moratoria-legislation-and-grid-impact,roundup,,2026-08-13,True,,,"[{""date"": ""2026-01-01"", ""kind"": ""enacted"", ""label"": ""Enacted"", ""source"": ""https://www.wkar.org/wkar-news/2026-02-27/michigan-data-center-tracker-moratoria-legislation-and-grid-impact""}]",,42.24,-83.27
tyrone-township-mi,Tyrone Township,MI,Local,Enacted,Expired,True,-102.0,"Dec 2, 2025",2025-12-02,day,2026-06-01,until_date,Runs to a documented date,6-month moratorium on data center development,https://www.wkar.org/wkar-news/2026-02-27/michigan-data-center-tracker-moratoria-legislation-and-grid-impact,roundup,,2026-08-13,True,,,"[{""date"": ""2025-12-02"", ""kind"": ""enacted"", ""label"": ""Enacted"", ""source"": ""https://www.wkar.org/wkar-news/2026-02-27/michigan-data-center-tracker-moratoria-legislation-and-grid-impact""}]",,42.66,-83.86
dundee-township-mi,Dundee Township,MI,Local,Enacted,Enacted,False,,Oct 2025,2025-10-01,month,,fixed_undated,"A stated duration, but the end date isn't recorded here",90-day moratorium with extension on data center development,https://www.wkar.org/wkar-news/2026-02-27/michigan-data-center-tracker-moratoria-legislation-and-grid-impact,roundup,,2026-08-13,True,,,"[{""date"": ""2025-10-01"", ""kind"": ""enacted"", ""label"": ""Enacted"", ""source"": ""https://www.wkar.org/wkar-news/2026-02-27/michigan-data-center-tracker-moratoria-legislation-and-grid-impact""}]",,41.96,-83.66
sylvan-township-mi,Sylvan Township,MI,Local,Enacted,Expired,True,-51.0,"Jan 22, 2026",2026-01-22,day,2026-07-22,until_date,Runs to a documented date,6-month moratorium on data center development,https://www.wkar.org/wkar-news/2026-02-27/michigan-data-center-tracker-moratoria-legislation-and-grid-impact,roundup,,2026-08-13,True,,,"[{""date"": ""2026-01-22"", ""kind"": ""enacted"", ""label"": ""Enacted"", ""source"": ""https://www.wkar.org/wkar-news/2026-02-27/michigan-data-center-tracker-moratoria-legislation-and-grid-impact""}]",,42.32,-84.08
lodi-township-mi,Lodi Township,MI,Local,Enacted,Expired,True,-40.0,"Feb 3, 2026",2026-02-03,day,2026-08-02,until_date,Runs to a documented date,180-day moratorium on data center development,https://www.wkar.org/wkar-news/2026-02-27/michigan-data-center-tracker-moratoria-legislation-and-grid-impact,roundup,,2026-08-13,True,,,"[{""date"": ""2026-02-03"", ""kind"": ""enacted"", ""label"": ""Enacted"", ""source"": ""https://www.wkar.org/wkar-news/2026-02-27/michigan-data-center-tracker-moratoria-legislation-and-grid-impact""}]",,42.23,-83.86
york-township-mi,York Township,MI,Local,Enacted,Expired,True,-30.0,"Feb 12, 2026",2026-02-12,day,2026-08-12,until_date,Runs to a documented date,6-month moratorium on data center development,https://www.wkar.org/wkar-news/2026-02-27/michigan-data-center-tracker-moratoria-legislation-and-grid-impact,roundup,,2026-08-13,True,,,"[{""date"": ""2026-02-12"", ""kind"": ""enacted"", ""label"": ""Enacted"", ""source"": ""https://www.wkar.org/wkar-news/2026-02-27/michigan-data-center-tracker-moratoria-legislation-and-grid-impact""}]",,42.1,-83.71
hayes-township-mi,Hayes Township,MI,Local,Enacted,Expired,True,-33.0,"Feb 10, 2026",2026-02-10,day,2026-08-09,until_date,Runs to a documented date,180-day moratorium on data center development,https://www.wkar.org/wkar-news/2026-02-27/michigan-data-center-tracker-moratoria-legislation-and-grid-impact,roundup,,2026-08-13,True,,,"[{""date"": ""2026-02-10"", ""kind"": ""enacted"", ""label"": ""Enacted"", ""source"": ""https://www.wkar.org/wkar-news/2026-02-27/michigan-data-center-tracker-moratoria-legislation-and-grid-impact""}]",,42.92,-83.04
springfield-township-mi,Springfield Township,MI,Local,Enacted,Enacted,False,,Dec 2025,2025-12-01,month,,fixed_undated,"A stated duration, but the end date isn't recorded here",180-day moratorium on data center development,https://www.wkar.org/wkar-news/2026-02-27/michigan-data-center-tracker-moratoria-legislation-and-grid-impact,roundup,,2026-08-13,True,,,"[{""date"": ""2025-12-01"", ""kind"": ""enacted"", ""label"": ""Enacted"", ""source"": ""https://www.wkar.org/wkar-news/2026-02-27/michigan-data-center-tracker-moratoria-legislation-and-grid-impact""}]",,42.76,-83.48
village-of-romeo-mi,Village of Romeo,MI,Local,Enacted,Enacted,False,,"Jan 26, 2026",2026-01-26,day,,unknown,Term not documented,Moratorium on data center development,https://www.wkar.org/wkar-news/2026-02-27/michigan-data-center-tracker-moratoria-legislation-and-grid-impact,roundup,,2026-08-13,True,,,"[{""date"": ""2026-01-26"", ""kind"": ""enacted"", ""label"": ""Enacted"", ""source"": ""https://www.wkar.org/wkar-news/2026-02-27/michigan-data-center-tracker-moratoria-legislation-and-grid-impact""}]",,42.8,-83.01
solon-township-mi,Solon Township,MI,Local,Enacted,Enacted,False,,Feb 2026,2026-02-01,month,,fixed_undated,"A stated duration, but the end date isn't recorded here",6-month moratorium on data center development,https://www.wkar.org/wkar-news/2026-02-27/michigan-data-center-tracker-moratoria-legislation-and-grid-impact,roundup,,2026-08-13,True,,,"[{""date"": ""2026-02-01"", ""kind"": ""enacted"", ""label"": ""Enacted"", ""source"": ""https://www.wkar.org/wkar-news/2026-02-27/michigan-data-center-tracker-moratoria-legislation-and-grid-impact""}]",,43.61,-85.58
big-rapids-township-mi,Big Rapids Township,MI,Local,Enacted,Enacted,False,165.0,"Feb 23, 2026",2026-02-23,day,2027-02-23,until_date,Runs to a documented date,1-year moratorium on data center development,https://www.wkar.org/wkar-news/2026-02-27/michigan-data-center-tracker-moratoria-legislation-and-grid-impact,roundup,,2026-08-13,True,,,"[{""date"": ""2026-02-23"", ""kind"": ""enacted"", ""label"": ""Enacted"", ""source"": ""https://www.wkar.org/wkar-news/2026-02-27/michigan-data-center-tracker-moratoria-legislation-and-grid-impact""}]",,43.7,-85.48
lenox-township-mi,Lenox Township,MI,Local,Enacted,Expired,True,-101.0,"Feb 2, 2026",2026-02-02,day,2026-06-02,until_date,Runs to a documented date,"4-month moratorium effective Feb 2, 2026 with one 4-month extension option; the township's adoption statement has since been removed from its site. The Jun 1, 2026 board agenda carried no extension item, so whether the option was exercised is unrecorded",https://www.wkar.org/wkar-news/2026-02-27/michigan-data-center-tracker-moratoria-legislation-and-grid-impact,roundup,,2026-09-04,True,,,"[{""date"": ""2026-02-02"", ""kind"": ""enacted"", ""label"": ""Enacted"", ""source"": ""https://www.wkar.org/wkar-news/2026-02-27/michigan-data-center-tracker-moratoria-legislation-and-grid-impact""}]",,42.74,-82.94
daviess-county-ky,Daviess County,KY,Local,Enacted,Enacted,False,259.0,"May 28, 2026",2026-05-28,day,2027-05-28,until_date,Runs to a documented date,"12-month moratorium, unanimous. Triggered by hyperscale data center planned at idled aluminum mill in neighboring Hancock County",https://www.14news.com/2026/05/29/daviess-co-fiscal-court-approves-moratorium-data-center-applications/,news,,2026-08-13,True,,,"[{""date"": ""2026-05-28"", ""kind"": ""enacted"", ""label"": ""Enacted"", ""source"": ""https://www.14news.com/2026/05/29/daviess-co-fiscal-court-approves-moratorium-data-center-applications/""}]",,37.77,-87.11
lexington-fayette-county-ky,Lexington (Fayette County),KY,Local,Enacted,Enacted,False,50.0,"Jun 9, 2026",2026-06-09,day,2026-10-31,until_date,Runs to a documented date,"Moratorium on permits, development plans, and zone changes, unanimous. Expires Oct 31; Planning Division drafting Zoning Ordinance Text Amendment proposals",https://www.lex18.com/news/covering-kentucky/lexington-city-council-passes-moratorium-on-data-center-development,news,,2026-08-13,True,,,"[{""date"": ""2026-06-09"", ""kind"": ""enacted"", ""label"": ""Enacted"", ""source"": ""https://www.lex18.com/news/covering-kentucky/lexington-city-council-passes-moratorium-on-data-center-development""}]",,38.04,-84.5
allen-county-ky,Allen County,KY,Local,Enacted,Enacted,False,638.0,"Jun 10, 2026",2026-06-10,day,2028-06-10,until_date,Runs to a documented date,2-year moratorium (Ord. 26-03). Proactive — Judge-Executive observed 'headaches' in nearby Simpson County with hyperscale proposal,https://www.wnky.com/allen-county-pauses-data-center-development-for-two-years/,news,,2026-08-13,True,,,"[{""date"": ""2026-06-10"", ""kind"": ""enacted"", ""label"": ""Enacted"", ""source"": ""https://www.wnky.com/allen-county-pauses-data-center-development-for-two-years/""}]",,36.75,-86.19
mercer-county-ky,Mercer County,KY,Local,Enacted,Enacted,False,,Aug 2026,2026-08-01,month,,fixed_undated,"A stated duration, but the end date isn't recorded here","1-year moratorium in unincorporated areas, unanimous. Does NOT apply to City of Burgin, which is pursuing annexation to accommodate a proposed hyperscale data center. Grassroots group 'We Are Mercer County' active",https://www.wkms.org/2026-08-12/a-kentucky-county-passes-a-data-center-moratorium-with-a-city-sized-hole,news,,2026-08-13,True,,,"[{""date"": ""2026-08-01"", ""kind"": ""enacted"", ""label"": ""Enacted"", ""source"": ""https://www.wkms.org/2026-08-12/a-kentucky-county-passes-a-data-center-moratorium-with-a-city-sized-hole""}]",,37.81,-84.88
jessamine-county-ky,Jessamine County,KY,Local,Enacted,Enacted,False,327.0,"Aug 4, 2026",2026-08-04,day,2027-08-04,until_date,Runs to a documented date,12-month moratorium. Proactive — no data center development inquiries had been made in the county at time of vote,https://fox56news.com/news/local/jessamine-county-approves-12-month-data-center-moratorium/,news,,2026-08-13,True,,,"[{""date"": ""2026-08-04"", ""kind"": ""enacted"", ""label"": ""Enacted"", ""source"": ""https://fox56news.com/news/local/jessamine-county-approves-12-month-data-center-moratorium/""}]",,37.87,-84.58
johnson-county-ia,Johnson County,IA,Local,Enacted,Enacted,False,58.0,"Nov 6, 2025",2025-11-06,day,2026-11-08,until_date,Runs to a documented date,"1-year moratorium in unincorporated areas, unanimous. Excludes Iowa City, North Liberty, Coralville. Water/electrical bill concerns",https://cbs2iowa.com/news/local/johnson-county-imposes-moratorium-on-data-centers-to-protect-resources-and-assess-impacts,news,,2026-08-13,True,,,"[{""date"": ""2025-11-06"", ""kind"": ""enacted"", ""label"": ""Enacted"", ""source"": ""https://cbs2iowa.com/news/local/johnson-county-imposes-moratorium-on-data-centers-to-protect-resources-and-assess-impacts""}]",,41.67,-91.59
woodbury-county-ia,Woodbury County,IA,Local,Enacted,Enacted,False,285.0,"Jun 23, 2026",2026-06-23,day,2027-06-23,until_date,Runs to a documented date,"12-month moratorium in unincorporated areas, 5-0. Does NOT affect Salix, which annexed ~900 acres that MidAmerican Energy confirmed is being considered for a data center",https://www.ktiv.com/2026/06/23/woodbury-county-passes-moratorium-data-center-projects/,news,,2026-08-13,True,900 acres,,"[{""date"": ""2026-06-23"", ""kind"": ""enacted"", ""label"": ""Enacted"", ""source"": ""https://www.ktiv.com/2026/06/23/woodbury-county-passes-moratorium-data-center-projects/""}]",,42.39,-96.11
plymouth-county-ia,Plymouth County,IA,Local,Enacted,Enacted,False,278.0,"Jun 16, 2026",2026-06-16,day,2027-06-16,until_date,Runs to a documented date,"1-year moratorium on data centers and industrial battery storage, 4-0 (one absent). Revocable or extendable at any time",https://www.ktiv.com/2026/06/17/plymouth-county-hits-pause-data-centers-with-1-year-moratorium/,news,,2026-08-13,True,,,"[{""date"": ""2026-06-16"", ""kind"": ""enacted"", ""label"": ""Enacted"", ""source"": ""https://www.ktiv.com/2026/06/17/plymouth-county-hits-pause-data-centers-with-1-year-moratorium/""}]",,42.86,-96.28
sioux-county-ia,Sioux County,IA,Local,Enacted,Enacted,False,278.0,"Jun 16, 2026",2026-06-16,day,2027-06-16,until_date,Runs to a documented date,1-year moratorium on data centers and battery storage in unincorporated areas. PathOne Data Centers considering redeveloping former Bison Renewable Energy property near Hull,https://www.ktiv.com/2026/06/23/sioux-county-northwest-iowa-places-one-year-moratorium-data-centers/,news,,2026-08-13,True,,,"[{""date"": ""2026-06-16"", ""kind"": ""enacted"", ""label"": ""Enacted"", ""source"": ""https://www.ktiv.com/2026/06/23/sioux-county-northwest-iowa-places-one-year-moratorium-data-centers/""}]",,43.08,-96.18
ida-county-ia,Ida County,IA,Local,Enacted,Enacted,False,,Jun 2026,2026-06-01,month,,until_event,"Runs until a condition is met, not to a date","Indefinite moratorium, unanimous. Supervisors want more information before allowing development",https://www.radioiowa.com/2026/07/13/ida-county-joins-list-of-iowa-counties-with-data-center-moratoriums/,news,,2026-08-13,True,,,"[{""date"": ""2026-06-01"", ""kind"": ""enacted"", ""label"": ""Enacted"", ""source"": ""https://www.radioiowa.com/2026/07/13/ida-county-joins-list-of-iowa-counties-with-data-center-moratoriums/""}]",,42.39,-95.52
madison-county-ia,Madison County,IA,Local,Enacted,Enacted,False,314.0,"Jul 22, 2026",2026-07-22,day,2027-07-22,until_date,Runs to a documented date,"1-year moratorium, unanimous",https://www.radioiowa.com/2026/07/08/eight-iowa-counties-have-moratoriums-on-data-center-development/,roundup,,2026-08-13,True,,,"[{""date"": ""2026-07-22"", ""kind"": ""enacted"", ""label"": ""Enacted"", ""source"": ""https://www.radioiowa.com/2026/07/08/eight-iowa-counties-have-moratoriums-on-data-center-development/""}]",,41.33,-94.02
shelby-county-ia,Shelby County,IA,Local,Enacted,Enacted,False,293.0,2026,2026-01-01,year,2027-07-01,until_date,Runs to a documented date,Moratorium through Jul 2027 while permanent rules are developed,https://www.radioiowa.com/2026/07/08/eight-iowa-counties-have-moratoriums-on-data-center-development/,roundup,,2026-08-13,True,,,"[{""date"": ""2026-01-01"", ""kind"": ""enacted"", ""label"": ""Enacted"", ""source"": ""https://www.radioiowa.com/2026/07/08/eight-iowa-counties-have-moratoriums-on-data-center-development/""}]",,41.77,-95.31
clarke-county-ia,Clarke County,IA,Local,Enacted,Enacted,False,,2026,2026-01-01,year,,until_event,"Runs until a condition is met, not to a date",Temporary moratorium while permanent rules are developed,https://www.radioiowa.com/2026/07/08/eight-iowa-counties-have-moratoriums-on-data-center-development/,roundup,,2026-08-13,True,,,"[{""date"": ""2026-01-01"", ""kind"": ""enacted"", ""label"": ""Enacted"", ""source"": ""https://www.radioiowa.com/2026/07/08/eight-iowa-counties-have-moratoriums-on-data-center-development/""}]",,41.03,-93.78
olyphant-pa,Olyphant,PA,Local,Enacted,Enacted,False,,2025,2025-01-01,year,,fixed_undated,"A stated duration, but the end date isn't recorded here","6-month moratorium on new data center development, 4-3. Triggered a wave of similar actions across Lackawanna, Luzerne, and Chester counties",https://www.thecentersquare.com/pennsylvania/article_06f92bfc-34c1-430c-9487-375bde5c9415.html,news,,2026-08-13,True,,,"[{""date"": ""2025-01-01"", ""kind"": ""enacted"", ""label"": ""Enacted"", ""source"": ""https://www.thecentersquare.com/pennsylvania/article_06f92bfc-34c1-430c-9487-375bde5c9415.html""}]",,41.47,-75.6
east-whiteland-township-pa,East Whiteland Township,PA,Local,Enacted,Enacted,False,,Mar 2026,2026-03-01,month,,fixed_undated,"A stated duration, but the end date isn't recorded here",180-day moratorium — board declared parts of data center zoning 'substantively invalid' and launched curative amendment. Developer Green Fig withdrew 1.7M sq ft application in May after sustained public opposition,https://www.foodandwaterwatch.org/2026/05/05/east-whiteland-pa-data-center-developer-withdraws-application-after-fierce-public-opposition/,news,,2026-08-13,True,,,"[{""date"": ""2026-03-01"", ""kind"": ""enacted"", ""label"": ""Enacted"", ""source"": ""https://www.foodandwaterwatch.org/2026/05/05/east-whiteland-pa-data-center-developer-withdraws-application-after-fierce-public-opposition/""}]",,40.04,-75.55
pennsylvania-pa,Pennsylvania,PA,State,Proposed,Proposed,False,,"Jul 12, 2026",2026-07-12,day,,unknown,Term not documented,SB 1345 — would allow municipalities to impose 18-month moratoriums. Passed Senate Rules & Exec Nominations Committee 13-4. Three competing state bills range from 180 days to 3 years. Not yet enacted,https://broadbandbreakfast.com/pennsylvania-senate-advances-bill-allowing-18-month-data-center-moratoriums/,news,,2026-08-13,True,,,"[{""date"": ""2026-07-12"", ""kind"": ""proposed"", ""label"": ""Proposed"", ""source"": ""https://broadbandbreakfast.com/pennsylvania-senate-advances-bill-allowing-18-month-data-center-moratoriums/""}]",,40.27,-76.88
lordstown-oh,Lordstown,OH,Local,Enacted,Enacted,False,,Jan 2026,2026-01-01,month,,fixed_undated,"A stated duration, but the end date isn't recorded here","180-day moratorium (converted from outright ban after lawsuit). Developer Bristolville 25 LLC sued over \$3.6B, 1.65M sq ft project on former GM Lordstown Assembly site near OpenAI Stargate",https://www.vindy.com/news/local-news/2026/05/lordstown-officials-plan-to-re-up-180-day-moratorium-on-data-centers/,news,,2026-08-13,True,,,"[{""date"": ""2026-01-01"", ""kind"": ""enacted"", ""label"": ""Enacted"", ""source"": ""https://www.vindy.com/news/local-news/2026/05/lordstown-officials-plan-to-re-up-180-day-moratorium-on-data-centers/""}]",,41.17,-80.87
ravenna-oh,Ravenna,OH,Local,Enacted,Enacted,False,221.0,"Apr 20, 2026",2026-04-20,day,2027-04-20,until_date,Runs to a documented date,"1-year moratorium, unanimous. Nearly 100 residents packed the special meeting. Resident's 4-minute speech against a proposed data center near UH Portage Medical Center went viral (250K+ views on X)",https://www.thecooldown.com/green-tech/ravenna-ohio-residents-oppose-ai-data-centers/,news,,2026-08-13,True,,,"[{""date"": ""2026-04-20"", ""kind"": ""enacted"", ""label"": ""Enacted"", ""source"": ""https://www.thecooldown.com/green-tech/ravenna-ohio-residents-oppose-ai-data-centers/""}]",,41.16,-81.24
boardman-township-oh,Boardman Township,OH,Local,Enacted,Enacted,False,229.0,"Apr 28, 2026",2026-04-28,day,2027-04-28,until_date,Runs to a documented date,"1-year moratorium, unanimous. Pause for zoning regulation development",https://www.vindy.com/news/local-news/2026/05/boardman-oks-1-year-data-center-moratorium/,news,,2026-08-13,True,,,"[{""date"": ""2026-04-28"", ""kind"": ""enacted"", ""label"": ""Enacted"", ""source"": ""https://www.vindy.com/news/local-news/2026/05/boardman-oks-1-year-data-center-moratorium/""}]",,41.02,-80.66
painesville-township-oh,Painesville Township,OH,Local,Enacted,Enacted,False,,May 2026,2026-05-01,month,,fixed_undated,"A stated duration, but the end date isn't recorded here","12-month moratorium on new data center permits, unanimous",https://www.thecooldown.com/green-business/painesville-township-ohio-data-center/,news,,2026-08-13,True,,,"[{""date"": ""2026-05-01"", ""kind"": ""enacted"", ""label"": ""Enacted"", ""source"": ""https://www.thecooldown.com/green-business/painesville-township-ohio-data-center/""}]",,41.72,-81.25
weathersfield-township-oh,Weathersfield Township,OH,Local,Enacted,Enacted,False,,2026,2026-01-01,year,,fixed_undated,"A stated duration, but the end date isn't recorded here",6-month moratorium. Bitdeer plans a data center on Belmont Ave on land where an Ohio Edison power plant once operated,https://www.wkbn.com/news/local-news/weathersfield-news/weathersfield-township-trustees-place-moratorium-on-approving-data-center/,news,,2026-08-13,True,,,"[{""date"": ""2026-01-01"", ""kind"": ""enacted"", ""label"": ""Enacted"", ""source"": ""https://www.wkbn.com/news/local-news/weathersfield-news/weathersfield-township-trustees-place-moratorium-on-approving-data-center/""}]",,41.13,-80.76
twinsburg-oh,Twinsburg,OH,Local,Enacted,Enacted,False,,2026,2026-01-01,year,,fixed_undated,"A stated duration, but the end date isn't recorded here",12-month moratorium on data center permits,https://mytwinsburg.com/DocumentCenter/View/11167/2026-065-Establishing-Moratorium-for-Data-Centers,news,,2026-08-13,True,,,"[{""date"": ""2026-01-01"", ""kind"": ""enacted"", ""label"": ""Enacted"", ""source"": ""https://mytwinsburg.com/DocumentCenter/View/11167/2026-065-Establishing-Moratorium-for-Data-Centers""}]",,41.31,-81.44
south-bloomfield-oh,South Bloomfield,OH,Local,Enacted,Enacted,False,,2026,2026-01-01,year,,standing,No end date by design — a permanent ban or standing statute,Preventive ban — eliminated all industrial zoning preemptively to block data center applications. No developer had approached,https://www.statenews.org/section/the-ohio-newsroom/2026-02-26/ohio-towns-are-pushing-back-against-data-centers-to-varying-degrees-of-success,news,,2026-08-13,True,,,"[{""date"": ""2026-01-01"", ""kind"": ""enacted"", ""label"": ""Enacted"", ""source"": ""https://www.statenews.org/section/the-ohio-newsroom/2026-02-26/ohio-towns-are-pushing-back-against-data-centers-to-varying-degrees-of-success""}]",,39.72,-82.87
ohio-tax-exemptions-oh,Ohio (tax exemptions),OH,State,Enacted,Enacted,False,,2025,2025-01-01,year,,until_event,"Runs until a condition is met, not to a date",Governor's moratorium on data center tax exemptions while Joint Data Center Committee holds hearings. Two last data centers received \$42M in exemptions before the pause took effect,https://signalcleveland.org/ohio-approves-last-data-center-exemption-before-moratorium/,news,,2026-08-13,True,,,"[{""date"": ""2025-01-01"", ""kind"": ""enacted"", ""label"": ""Enacted"", ""source"": ""https://signalcleveland.org/ohio-approves-last-data-center-exemption-before-moratorium/""}]",,40.42,-82.91
madison-wi,Madison,WI,Local,Enacted,Enacted,False,124.0,"Jan 13, 2026",2026-01-13,day,2027-01-13,until_date,Runs to a documented date,"Up to 1-year moratorium on zoning for data centers >10,000 sq ft, unanimous. Evaluating electricity, water, land use, and community benefit impacts",https://www.cityofmadison.com/dpced/about/temporary-data-center-moratorium,news,,2026-08-13,True,"10,000 sq ft",,"[{""date"": ""2026-01-13"", ""kind"": ""enacted"", ""label"": ""Enacted"", ""source"": ""https://www.cityofmadison.com/dpced/about/temporary-data-center-moratorium""}]",,43.07,-89.4
town-of-cassville-wi,Town of Cassville,WI,Local,Enacted,Enacted,False,,Apr 2026,2026-04-01,month,,fixed_undated,"A stated duration, but the end date isn't recorded here","2-year moratorium, unanimous. 36 sq mi in Grant County. Residents mobilized against a \$1B proposed project",https://dailyreporter.com/2026/06/05/wisconsin-counties-impose-moratoriums-on-hyperscale-data-centers/,news,,2026-08-13,True,,,"[{""date"": ""2026-04-01"", ""kind"": ""enacted"", ""label"": ""Enacted"", ""source"": ""https://dailyreporter.com/2026/06/05/wisconsin-counties-impose-moratoriums-on-hyperscale-data-centers/""}]",,42.72,-90.98
dane-county-wi,Dane County,WI,Local,Enacted,Enacted,False,449.0,"Jun 4, 2026",2026-06-04,day,2027-12-04,until_date,Runs to a documented date,18-month moratorium on hyperscale data centers in county zoning areas. Advisory committee to study benefits and pitfalls,https://isthmus.com/news/news/dane-county-board-approves-data-center-moratorium/,news,,2026-08-13,True,,,"[{""date"": ""2026-06-04"", ""kind"": ""enacted"", ""label"": ""Enacted"", ""source"": ""https://isthmus.com/news/news/dane-county-board-approves-data-center-moratorium/""}]",,43.07,-89.42
village-of-wrightstown-wi,Village of Wrightstown,WI,Local,Enacted,Enacted,False,278.0,"Jun 16, 2026",2026-06-16,day,2027-06-16,until_date,Runs to a documented date,"1-year moratorium, unanimous. Cloverleaf Infrastructure proposed ~1 GW AI data center in region. Aug 2026 advisory referendum: 87%% voted village should NOT authorize public improvements for large data centers",https://www.wearegreenbay.com/news/local-news/wrightstown-places-moratorium-on-data-centers/,news,,2026-08-13,True,,,"[{""date"": ""2026-06-16"", ""kind"": ""enacted"", ""label"": ""Enacted"", ""source"": ""https://www.wearegreenbay.com/news/local-news/wrightstown-places-moratorium-on-data-centers/""}]",,44.33,-88.16
superior-wi,Superior,WI,Local,Enacted,Enacted,False,279.0,"Jun 17, 2026",2026-06-17,day,2027-06-17,until_date,Runs to a documented date,"1-year moratorium, unanimous. City lacks zoning definitions for data center sizes. Planning commission reviewing zoning and infrastructure recommendations",https://www.wpr.org/news/superior-joins-growing-number-of-wisconsin-communities-to-pass-data-center-moratorium,news,,2026-08-13,True,,,"[{""date"": ""2026-06-17"", ""kind"": ""enacted"", ""label"": ""Enacted"", ""source"": ""https://www.wpr.org/news/superior-joins-growing-number-of-wisconsin-communities-to-pass-data-center-moratorium""}]",,46.72,-92.1
wisconsin-wi,Wisconsin,WI,State,Proposed,Proposed,False,,"Feb 26, 2026",2026-02-26,day,,unknown,Term not documented,SB 1061 — would halt operations at existing data centers until legislature enacts protections. Would ban shifting energy/water costs onto residential customers. Not yet voted on,"https://docs.legis.wisconsin.gov/document/proposaltext/2025/REG/SB1061,2,5",official,,2026-08-13,True,,,"[{""date"": ""2026-02-26"", ""kind"": ""proposed"", ""label"": ""Proposed"", ""source"": ""https://docs.legis.wisconsin.gov/document/proposaltext/2025/REG/SB1061,2,5""}]",,43.07,-89.4
aurora-il,Aurora,IL,Local,Enacted,Expired,True,-171.0,"Sep 25, 2025",2025-09-25,day,2026-03-24,until_date,Runs to a documented date,"180-day moratorium, 10-1. Expired Mar 24, 2026 and replaced by permanent regulations: noise limits (56/46 dB day/evening), water standards, energy efficiency, annual reporting. 10 existing DCs",https://abc7chicago.com/post/aurora-city-council-consider-temporary-moratorium-put-pause-development-new-data-centers/17882682/,news,,2026-08-13,True,,,"[{""date"": ""2025-09-25"", ""kind"": ""enacted"", ""label"": ""Enacted"", ""source"": ""https://abc7chicago.com/post/aurora-city-council-consider-temporary-moratorium-put-pause-development-new-data-centers/17882682/""}]",,41.76,-88.32
mattoon-il,Mattoon,IL,Local,Enacted,Enacted,False,,"Sep 1, 2026",2026-09-01,day,,until_event,"Runs until a condition is met, not to a date","1-year moratorium on large-scale data centers, unanimous; renews automatically each year unless the council acts, so it has no fixed end date",https://www.wandtv.com/2026/09/02/mattoon-city-council-unanimously-approves-1-year-data-center-moratorium/,news,,2026-09-04,True,,,"[{""date"": ""2026-09-01"", ""kind"": ""enacted"", ""label"": ""Enacted"", ""source"": ""https://www.wandtv.com/2026/09/02/mattoon-city-council-unanimously-approves-1-year-data-center-moratorium/""}]",,39.48,-88.37
champaign-county-il,Champaign County,IL,Local,Enacted,Enacted,False,224.0,"Apr 23, 2026",2026-04-23,day,2027-04-23,until_date,Runs to a documented date,"12-month moratorium on data centers >=10,000 sq ft on unincorporated land. Board reversed committee's 9-month recommendation after hearing from dozens of residents. 100+ attendees. Task force created",https://www.wsiu.org/state-of-illinois/2026-04-24/champaign-county-board-approves-1-year-data-center-moratorium,news,,2026-08-13,True,"10,000 sq ft",,"[{""date"": ""2026-04-23"", ""kind"": ""enacted"", ""label"": ""Enacted"", ""source"": ""https://www.wsiu.org/state-of-illinois/2026-04-24/champaign-county-board-approves-1-year-data-center-moratorium""}]",,40.14,-88.2
normal-il,Normal,IL,Local,Enacted,Enacted,False,80.0,"May 19, 2026",2026-05-19,day,2026-11-30,until_date,Runs to a documented date,"6-month moratorium through Nov 30, unanimous. Pause while leaders develop regulations",https://www.25newsnow.com/2026/05/19/data-center-pauses-considered-normal-bloomington/,news,,2026-08-13,True,,,"[{""date"": ""2026-05-19"", ""kind"": ""enacted"", ""label"": ""Enacted"", ""source"": ""https://www.25newsnow.com/2026/05/19/data-center-pauses-considered-normal-bloomington/""}]",,40.51,-88.99
lake-county-il,Lake County,IL,Local,Proposed,Proposed,False,,"Jun 9, 2026",2026-06-09,day,,unknown,Term not documented,8-month moratorium proposed; immediate 120-day administrative deferral enacted. First Chicago-area county to pursue a pause. Directed zoning board to hold hearing on code changes,https://www.dailyherald.com/20260609/business-openings/taking-this-issue-extremely-seriously-lake-county-pursues-data-center-moratorium/,news,,2026-08-13,True,,,"[{""date"": ""2026-06-09"", ""kind"": ""proposed"", ""label"": ""Proposed"", ""source"": ""https://www.dailyherald.com/20260609/business-openings/taking-this-issue-extremely-seriously-lake-county-pursues-data-center-moratorium/""}]",,42.35,-87.86
illinois-tax-incentives-il,Illinois (tax incentives),IL,State,Enacted,Enacted,False,659.0,"Jul 1, 2026",2026-07-01,day,2028-07-01,until_date,Runs to a documented date,Governor Pritzker paused Data Center Investment Program for 2 years. Existing incentive agreements honored. Legislature had adjourned without passing the POWER Act (SB4016/HB5513),https://gov-pritzker-newsroom.prezly.com/gov-pritzker-pauses-new-data-center-tax-incentives,news,,2026-08-13,True,,,"[{""date"": ""2026-07-01"", ""kind"": ""enacted"", ""label"": ""Enacted"", ""source"": ""https://gov-pritzker-newsroom.prezly.com/gov-pritzker-pauses-new-data-center-tax-incentives""}]",,39.8,-89.65
dearborn-county-in,Dearborn County,IN,Local,Enacted,Enacted,False,167.0,"Feb 25, 2026",2026-02-25,day,2027-02-25,until_date,Runs to a documented date,"Up to 1-year moratorium on processing rezoning applications for commercial solar, battery storage (BESS), and data centers, adopted Feb 25 and effective Feb 26, 2026. Prompted by 1,700+ petition signatures against Linea Energy's roughly 1,200-acre solar proposal for Manchester Township; no data center application had been filed. The county is drafting a solar ordinance first and has paused data-center/BESS ordinance work until that's done; a 7-member citizen advisory committee (26 applicants for 6 seats) formed in May 2026 to advise on the solar rules",https://www.dearborncounty.org/department/board.php?structureid=166,news,,2026-09-02,True,,rezoning,"[{""date"": ""2026-02-25"", ""kind"": ""enacted"", ""label"": ""Enacted"", ""source"": ""https://www.dearborncounty.org/department/board.php?structureid=166""}]",,39.15,-84.97
putnam-county-in,Putnam County,IN,Local,Enacted,Enacted,False,67.0,"Nov 17, 2025",2025-11-17,day,2026-11-17,until_date,Runs to a documented date,"1-year moratorium on data centers, solar, wind, and SMRs in unincorporated areas, adopted 2-1 (Beck and Helmer for; Woodall opposed — his stated reasoning wasn't individually reported). ~100 residents packed the meeting after EnergyRe's revised application for a 150 MW solar farm near Cloverdale (cut from 200 MW / ~2,000 acres, with 500-ft setbacks added). Commissioner Beck framed the pause as a chance to rewrite the county's Unified Development Ordinance. Primarily a solar fight — no distinct data-center proposal has surfaced for Putnam County — with data centers, wind and SMRs bundled in preemptively. EnergyRe subsequently withdrew the solar filing",https://www.giant.fm/putnam-county/news/local-news/putnam-county-commissioners-vote-in-favor-of-moratorium-on-solar-farms/,news,,2026-09-02,True,150 MW,,"[{""date"": ""2025-11-17"", ""kind"": ""enacted"", ""label"": ""Enacted"", ""source"": ""https://www.giant.fm/putnam-county/news/local-news/putnam-county-commissioners-vote-in-favor-of-moratorium-on-solar-farms/""}]",,39.66,-86.86
white-county-in,White County,IN,Local,Enacted,Enacted,False,39.0,"Oct 20, 2025",2025-10-20,day,2026-10-20,until_date,Runs to a documented date,"12-month moratorium on new data center development in unincorporated White County, adopted 2-1 (Davis and Pass for; Smolek dissenting, saying a development agreement wasn't imminent and the county still owed follow-up on an earlier wind/solar pause). Prompted by Blue Ladder Development's proposed data center at Mid-America Commerce Park in Wolcott (roughly 184-300 acres, up to four data halls), which had seen repeated rezoning delays; residents cited water, land-use and transparency concerns. A same-named ""White County"" moratorium with different commissioner names found in search is almost certainly a different state's White County — not this one",https://www.wrul.com/local-news/twelve-month-moratorium-approved-for-white-county/,news,,2026-09-02,True,300 acres,rezoning,"[{""date"": ""2025-10-20"", ""kind"": ""enacted"", ""label"": ""Enacted"", ""source"": ""https://www.wrul.com/local-news/twelve-month-moratorium-approved-for-white-county/""}]",,40.75,-86.86
pulaski-county-in,Pulaski County,IN,Local,Enacted,Enacted,False,144.0,"Feb 2, 2026",2026-02-02,day,2027-02-02,until_date,Runs to a documented date,"12-month moratorium, unanimous, after the Advisory Plan Commission recommended it 5-0 on Jan 26, 2026. Preemptive — no proposal had been submitted as of the vote. Commissioner Jennifer Knebel cited the strain of the ongoing Mammoth Solar project as a reason for the pause; Commissioner Don Street said he'd hear a proposal if one came and wants the eventual ordinance to cover setbacks, power and water. A search-engine claim of a Jul 2026 extension vote could not be traced to any real article or county record and is not included here — treat the moratorium as running through approximately Feb 2, 2027 absent primary-sourced confirmation otherwise",https://pulaskijournal.com/news/12-month-data-center-moratorium-passes-unanimously,news,,2026-09-02,True,,,"[{""date"": ""2026-02-02"", ""kind"": ""enacted"", ""label"": ""Enacted"", ""source"": ""https://pulaskijournal.com/news/12-month-data-center-moratorium-passes-unanimously""}]",,41.05,-86.7
fulton-county-in,Fulton County,IN,Local,Enacted,Enacted,False,172.0,"Mar 2, 2026",2026-03-02,day,2027-03-02,until_date,Runs to a documented date,"The Area Plan Commission recommended the moratorium 6-1 on Feb 10, 2026 at a standing-room-only hearing; the Board of Commissioners adopted a 1-year pause 2-1 on Mar 2. Commissioner Dave Sommers cast the dissenting vote (""I've got to represent 20,000 people, not just 2,000""); Bryan Lewis and Rick Ranstead voted yes. Triggered by Decennial Group's proposed ~500 MW / 300-acre campus near Akron, presented to 40+ residents at a contentious Feb 4 open house before any site or tenant was named. A data-center review committee formed during the pause to study impacts and draft zoning; no source confirms its final recommendations or a follow-on vote",https://www.wndu.com/2026/03/03/fulton-county-commissioners-approve-one-year-moratorium-data-center-construction/,news,,2026-09-02,True,500 MW,,"[{""date"": ""2026-03-02"", ""kind"": ""enacted"", ""label"": ""Enacted"", ""source"": ""https://www.wndu.com/2026/03/03/fulton-county-commissioners-approve-one-year-moratorium-data-center-construction/""}]",,41.07,-86.26
miami-county-in,Miami County,IN,Local,Enacted,Enacted,False,,"May 4, 2026",2026-05-04,day,,unknown,Term not documented,"Moratorium on accepting, processing and approving all data center applications and permits, adopted May 4, 2026 on the Plan Commission's Apr 8 favorable recommendation. No named company drove it — an earlier, unnamed proposal ""fell through"" per the county's own account, and residents' stated concern was mainly proximity to Boone County's Meta campus. A permanent zoning ordinance (draft standards: 2.5-mile setback from residences, 5,000-ft general setback, per Plan Administrator Corey Roser) was set for final consideration Jul 20, 2026, but no source confirms whether commissioners adopted, revised or tabled it — the ordinance's terms and the moratorium's current status are unconfirmed pending that",https://www.miamicountyin.gov/910/Proposed-Data-Center-Ordinance-Moratoriu,official,,2026-09-02,True,,all_uses,"[{""date"": ""2026-05-04"", ""kind"": ""enacted"", ""label"": ""Enacted"", ""source"": ""https://www.miamicountyin.gov/910/Proposed-Data-Center-Ordinance-Moratoriu""}]",,40.76,-86.05
new-albany-in,New Albany,IN,Local,Enacted,Enacted,False,308.0,"Jul 16, 2026",2026-07-16,day,2027-07-16,until_date,Runs to a documented date,"Up to 1-year moratorium on data center campuses over 100,000 sq ft, citywide and in the 2-mile fringe planning jurisdiction. Proposed by Mayor Jeff Gahan on Jun 9, 2026, advanced by the Plan Commission Jun 23, and adopted unanimously by the Common Council Jul 16. Study covers infrastructure, utility costs, environmental effects and neighborhood character, feeding into the city's Comprehensive Plan. No company had applied in New Albany at adoption — proactive, driven by regional pressure from the Louisville-area boom (Meta's ~700,000 sq ft facility at River Ridge in neighboring Jeffersonville, and a proposed Shadow Lake Business Park project in Charlestown)",https://www.newsandtribune.com/indiana/city-council-pauses-data-center-development-in-new-albany-for-1-year/article_dc3733a3-b9a5-4197-b780-9ffd5035aa89.html,news,,2026-09-02,True,"100,000 sq ft",,"[{""date"": ""2026-07-16"", ""kind"": ""enacted"", ""label"": ""Enacted"", ""source"": ""https://www.newsandtribune.com/indiana/city-council-pauses-data-center-development-in-new-albany-for-1-year/article_dc3733a3-b9a5-4197-b780-9ffd5035aa89.html""}]",,38.29,-85.82
federal-way-wa,Federal Way,WA,Local,Enacted,Enacted,False,299.0,"Jul 7, 2026",2026-07-07,day,2027-07-07,until_date,Runs to a documented date,"12-month moratorium, unanimous. Studying impact on former Weyerhaeuser campus. Public hearing set Sep 1",https://www.rentonreporter.com/2026/07/08/federal-way-passes-1-year-moratorium-on-data-centers/,news,,2026-08-13,True,,,"[{""date"": ""2026-07-07"", ""kind"": ""enacted"", ""label"": ""Enacted"", ""source"": ""https://www.rentonreporter.com/2026/07/08/federal-way-passes-1-year-moratorium-on-data-centers/""}]",,47.32,-122.31
burien-wa,Burien,WA,Local,Enacted,Enacted,False,291.0,"Jun 29, 2026",2026-06-29,day,2027-06-29,until_date,Runs to a documented date,"12-month emergency moratorium, unanimous, effective immediately",https://b-townblog.com/burien-city-council-approves-one-year-moratorium-on-new-data-centers-hears-concerns-over-nera-zoning-immigration-arrests-school-relocation-more/,news,,2026-08-13,True,,,"[{""date"": ""2026-06-29"", ""kind"": ""enacted"", ""label"": ""Enacted"", ""source"": ""https://b-townblog.com/burien-city-council-approves-one-year-moratorium-on-new-data-centers-hears-concerns-over-nera-zoning-immigration-arrests-school-relocation-more/""}]",,47.47,-122.35
marysville-wa,Marysville,WA,Local,Enacted,Enacted,False,,Jul 2026,2026-07-01,month,,fixed_undated,"A stated duration, but the end date isn't recorded here","6-month moratorium on buildings/facilities whose principal use is data management/transmission, unanimous. Mayor urged surrounding counties to follow suit",https://www.heraldnet.com/2026/07/15/marysville-initiates-6-month-moratorium-on-data-centers/,news,,2026-08-13,True,,,"[{""date"": ""2026-07-01"", ""kind"": ""enacted"", ""label"": ""Enacted"", ""source"": ""https://www.heraldnet.com/2026/07/15/marysville-initiates-6-month-moratorium-on-data-centers/""}]",,48.05,-122.18
skagit-county-wa,Skagit County,WA,Local,Enacted,Enacted,False,81.0,"Jun 1, 2026",2026-06-01,day,2026-12-01,until_date,Runs to a documented date,"6-month moratorium in rural/unincorporated areas on data centers >2,000 sq ft or >2 MW. Planning Commission advancing code changes to make it permanent. Farmland and water protection",https://www.skagitcounty.net/Departments/Home/press/060126.htm,news,,2026-08-13,True,"2,000 sq ft",,"[{""date"": ""2026-06-01"", ""kind"": ""enacted"", ""label"": ""Enacted"", ""source"": ""https://www.skagitcounty.net/Departments/Home/press/060126.htm""}]",,48.47,-121.84
pasco-wa,Pasco,WA,Local,Enacted,Enacted,False,,Jul 2026,2026-07-01,month,,fixed_undated,"A stated duration, but the end date isn't recorded here","6-month moratorium, 6-0. Extendable if officials don't have satisfactory answers. Developing data-center-specific land-use regulations",https://www.datacenterdynamics.com/en/news/council-in-pasco-washington-unanimously-approves-six-month-data-center-moratorium/,news,,2026-08-13,True,,,"[{""date"": ""2026-07-01"", ""kind"": ""enacted"", ""label"": ""Enacted"", ""source"": ""https://www.datacenterdynamics.com/en/news/council-in-pasco-washington-unanimously-approves-six-month-data-center-moratorium/""}]",,46.24,-119.1
cle-elum-wa,Cle Elum,WA,Local,Enacted,Enacted,False,142.0,"Jul 31, 2026",2026-07-31,day,2027-01-31,until_date,Runs to a documented date,"6-month moratorium, unanimous. Prompted by Blue Fern Development's 20 MW / 100,000 sq ft plan within Bullfrog Flats community near I-90. Site may be exempt via preexisting development agreement",https://www.dailyrecordnews.com/news/cle-elum-calls-timeout-on-development-applications-for-data-centers/article_43b63382-e7de-48da-9816-e760c936c24a.html,news,,2026-08-13,True,20 MW,,"[{""date"": ""2026-07-31"", ""kind"": ""enacted"", ""label"": ""Enacted"", ""source"": ""https://www.dailyrecordnews.com/news/cle-elum-calls-timeout-on-development-applications-for-data-centers/article_43b63382-e7de-48da-9816-e760c936c24a.html""}]",,47.19,-120.94
renton-wa,Renton,WA,Local,Proposed,Proposed,False,,"Jun 15, 2026",2026-06-15,day,,unknown,Term not documented,City council set AI data center moratorium in motion; process initiated but may not be finalized,https://www.rentonreporter.com/2026/06/15/renton-city-council-sets-ai-data-center-ban-in-motion/,news,,2026-08-13,True,,,"[{""date"": ""2026-06-15"", ""kind"": ""proposed"", ""label"": ""Proposed"", ""source"": ""https://www.rentonreporter.com/2026/06/15/renton-city-council-sets-ai-data-center-ban-in-motion/""}]",,47.48,-122.22
kittitas-county-wa,Kittitas County,WA,Local,Proposed,Proposed,False,,Aug 2026,2026-08-01,month,,unknown,Term not documented,"Commissioners reviewing proposed emergency 6-month moratorium. Follows Cle Elum ban. Concerns: energy, water, transportation, noise, lighting, agricultural compatibility",https://www.dailyrecordnews.com/news/kittitas-county-commissioners-to-look-at-data-center-ban/article_e455846e-e6d5-462e-91bb-03856c76cec9.html,news,,2026-08-13,True,,,"[{""date"": ""2026-08-01"", ""kind"": ""proposed"", ""label"": ""Proposed"", ""source"": ""https://www.dailyrecordnews.com/news/kittitas-county-commissioners-to-look-at-data-center-ban/article_e455846e-e6d5-462e-91bb-03856c76cec9.html""}]",,47.12,-120.72
arizona-tax-incentives-az,Arizona (tax incentives),AZ,State,Enacted,Enacted,False,1023.0,"Jul 1, 2026",2026-07-01,day,2029-06-30,until_date,Runs to a documented date,"HB 4168 — 3-year moratorium on new data center sales tax exemption applications, signed Jun 13. Saves ~\$57M. Developers submitted 113 applications in the 2 weeks before the pause (nearly as many as in the previous 13 years combined)",https://news.bloombergtax.com/daily-tax-report-state/arizona-data-center-tax-incentive-pause-signed-by-governor-hobbs,news,,2026-08-13,True,,,"[{""date"": ""2026-07-01"", ""kind"": ""enacted"", ""label"": ""Enacted"", ""source"": ""https://news.bloombergtax.com/daily-tax-report-state/arizona-data-center-tax-incentive-pause-signed-by-governor-hobbs""}]",,34.05,-111.09
pima-county-az,Pima County,AZ,Local,Proposed,Proposed,False,,"Aug 11, 2026",2026-08-11,day,,unknown,Term not documented,Board voted 3-2 to direct staff to draft 120-day moratorium on data center approvals. Prompted by opposition to 'Project Blue'. Formal approval still needed. Permanent ordinance expected fall 2026,https://www.tucsonsentinel.com/local/report/081126_pima_data_moratorium/pima-county-moves-forward-possible-data-center-moratorium,news,,2026-08-13,True,,,"[{""date"": ""2026-08-11"", ""kind"": ""proposed"", ""label"": ""Proposed"", ""source"": ""https://www.tucsonsentinel.com/local/report/081126_pima_data_moratorium/pima-county-moves-forward-possible-data-center-moratorium""}]",,32.22,-110.97
oregon-enterprise-zone-tax-or,Oregon (enterprise zone tax),OR,State,Enacted,Enacted,False,,"Jun 5, 2026",2026-06-05,day,,until_event,"Runs until a condition is met, not to a date",HB 4084 — makes new data centers ineligible for Enterprise Zone property tax breaks until 90 days after the 2027 session adjourns. Separate from the proposed 3-year construction moratorium. Oregon DC tax breaks cost ~\$450M/year,https://www.dwt.com/blogs/energy--environmental-law-blog/2026/06/oregon-data-center-tax-break-moratorium,news,,2026-08-13,True,,,"[{""date"": ""2026-06-05"", ""kind"": ""enacted"", ""label"": ""Enacted"", ""source"": ""https://www.dwt.com/blogs/energy--environmental-law-blog/2026/06/oregon-data-center-tax-break-moratorium""}]",,43.8,-120.55
chesapeake-va,Chesapeake,VA,Local,Enacted,Enacted,False,,Jul 2026,2026-07-01,month,,fixed_undated,"A stated duration, but the end date isn't recorded here","8-month pause on data center applications. Council had previously rejected a 350,000 sq ft project in Jun 2025. Planning commission drafting zoning amendments for case-by-case review",https://virginiabusiness.com/chesapeake-approves-8-month-pause-on-data-center-applications/,news,,2026-08-13,True,"350,000 sq ft",,"[{""date"": ""2026-07-01"", ""kind"": ""enacted"", ""label"": ""Enacted"", ""source"": ""https://virginiabusiness.com/chesapeake-approves-8-month-pause-on-data-center-applications/""}]",,36.77,-76.24
front-royal-va,Front Royal,VA,Local,Enacted,Enacted,False,23.0,"Jul 6, 2026",2026-07-06,day,2026-10-04,until_date,Runs to a documented date,"90-day moratorium on land-use applications for data centers, 6-0. Planning Commission drafting language to prohibit data centers in every town zoning district",https://www.nvdaily.com/nvdaily/council-oks-moratorium-on-data-center-applications/article_8bbfc9ce-d84e-5dd8-a4be-e8f9ee95cc94.html,news,,2026-08-13,True,,,"[{""date"": ""2026-07-06"", ""kind"": ""enacted"", ""label"": ""Enacted"", ""source"": ""https://www.nvdaily.com/nvdaily/council-oks-moratorium-on-data-center-applications/article_8bbfc9ce-d84e-5dd8-a4be-e8f9ee95cc94.html""}]",,38.92,-78.19
suffolk-va,Suffolk,VA,Local,Proposed,Proposed,False,,"Jun 17, 2026",2026-06-17,day,,unknown,Term not documented,"Council directed Planning Commission to draft UDO amendment prohibiting data centers in all zoning districts. Applications not being considered during drafting, but formal enactment pending",https://www.whro.org/local-government/2026-05-11/suffolk-working-on-data-center-regulations,news,,2026-08-13,True,,,"[{""date"": ""2026-06-17"", ""kind"": ""proposed"", ""label"": ""Proposed"", ""source"": ""https://www.whro.org/local-government/2026-05-11/suffolk-working-on-data-center-regulations""}]",,36.73,-76.58
harford-county-md,Harford County,MD,Local,Enacted,Enacted,False,,"Jun 10, 2026",2026-06-10,day,,standing,No end date by design — a permanent ban or standing statute,"Permanent ban — first MD county to permanently ban data centers, unanimous. A single hyperscale facility could double the county's residential electricity demand. Legal challenges anticipated",https://www.baltimoresun.com/2026/06/10/harford-council-passes-ban-on-data-centers/,news,,2026-08-13,True,,,"[{""date"": ""2026-06-10"", ""kind"": ""enacted"", ""label"": ""Enacted"", ""source"": ""https://www.baltimoresun.com/2026/06/10/harford-council-passes-ban-on-data-centers/""}]",,39.54,-76.3
howard-county-md,Howard County,MD,Local,Enacted,Enacted,False,417.0,"Jun 1, 2026",2026-06-01,day,2027-11-02,until_date,Runs to a documented date,"17-month moratorium (S.M.A.R.T. Act), unanimous. Expires Nov 2 2027 or when zoning amendment passes. Task force of up to 11 appointees studying impacts. Existing zoning dates to 1993",https://ccanactionfund.org/howard-county-approves-data-center-moratorium-and-task-force-legislation/,news,,2026-08-13,True,,,"[{""date"": ""2026-06-01"", ""kind"": ""enacted"", ""label"": ""Enacted"", ""source"": ""https://ccanactionfund.org/howard-county-approves-data-center-moratorium-and-task-force-legislation/""}]",,39.25,-76.93
carroll-county-md,Carroll County,MD,Local,Enacted,Enacted,False,161.0,"Feb 19, 2026",2026-02-19,day,2027-02-19,until_date,Runs to a documented date,12-month moratorium to study economic and environmental impacts and propose regulations,https://www.baltimoresun.com/2026/05/08/carroll-data-centers-commissioners-research/,news,,2026-08-13,True,,,"[{""date"": ""2026-02-19"", ""kind"": ""enacted"", ""label"": ""Enacted"", ""source"": ""https://www.baltimoresun.com/2026/05/08/carroll-data-centers-commissioners-research/""}]",,39.56,-76.97
queen-anne-s-county-md,Queen Anne's County,MD,Local,Enacted,Enacted,False,321.0,"Jul 29, 2026",2026-07-29,day,2027-07-29,until_date,Runs to a documented date,"12-month moratorium, effective immediately. Part of the Eastern Shore moratorium wave after the Federalsburg data center proposal",https://qac.org/m/newsflash/home/detail/3243,news,,2026-08-13,True,,,"[{""date"": ""2026-07-29"", ""kind"": ""enacted"", ""label"": ""Enacted"", ""source"": ""https://qac.org/m/newsflash/home/detail/3243""}]",,39.08,-76.08
caroline-county-md,Caroline County,MD,Local,Enacted,Enacted,False,,Jul 2026,2026-07-01,month,,fixed_undated,"A stated duration, but the end date isn't recorded here",1-year moratorium in unincorporated areas. Part of the Eastern Shore moratorium wave,https://www.wboc.com/news/caroline-county-commissioners-approve-a-one-year-moratorium-on-new-data-centers/article_e2b4c188-c810-4704-a33a-d95e0e029f28.html,news,,2026-08-13,True,,,"[{""date"": ""2026-07-01"", ""kind"": ""enacted"", ""label"": ""Enacted"", ""source"": ""https://www.wboc.com/news/caroline-county-commissioners-approve-a-one-year-moratorium-on-new-data-centers/article_e2b4c188-c810-4704-a33a-d95e0e029f28.html""}]",,38.87,-75.83
dorchester-county-md,Dorchester County,MD,Local,Enacted,Enacted,False,,Jun 2026,2026-06-01,month,,fixed_undated,"A stated duration, but the end date isn't recorded here",1-year moratorium. Part of the Eastern Shore moratorium cluster,http://www.stardem.com/news/data_centers/dorchester-county-council-hopes-to-get-ahead-on-regulating-data-center-proposals/article_af7ff49c-f072-4e08-85e9-1cd10bf1ca33.html,news,,2026-08-13,True,,,"[{""date"": ""2026-06-01"", ""kind"": ""enacted"", ""label"": ""Enacted"", ""source"": ""http://www.stardem.com/news/data_centers/dorchester-county-council-hopes-to-get-ahead-on-regulating-data-center-proposals/article_af7ff49c-f072-4e08-85e9-1cd10bf1ca33.html""}]",,38.5,-76.05
talbot-county-md,Talbot County,MD,Local,Proposed,Proposed,False,,"Sep 8, 2026",2026-09-08,day,,unknown,Term not documented,1-year moratorium resolution introduced; public comment hearing scheduled Sep 8. Not yet enacted,https://www.stardem.com/news/local_news/talbot-county-council-to-consider-1-year-data-center-moratorium/article_291971b2-d964-40c8-a533-e9982c8c234f.html,news,,2026-08-13,True,,,"[{""date"": ""2026-09-08"", ""kind"": ""proposed"", ""label"": ""Proposed"", ""source"": ""https://www.stardem.com/news/local_news/talbot-county-council-to-consider-1-year-data-center-moratorium/article_291971b2-d964-40c8-a533-e9982c8c234f.html""}]",,38.75,-76.17
asheville-nc,Asheville,NC,Local,Enacted,Enacted,False,279.0,"Jun 17, 2026",2026-06-17,day,2027-06-17,until_date,Runs to a documented date,"1-year moratorium covering all data centers regardless of size. City drafting zoning laws. Intensive impacts on local electric and water utilities, noise, and heat",https://mountainx.com/news/local-government/council-approves-one-year-moratorium-on-data-centers/,news,,2026-08-13,True,,all_uses,"[{""date"": ""2026-06-17"", ""kind"": ""enacted"", ""label"": ""Enacted"", ""source"": ""https://mountainx.com/news/local-government/council-approves-one-year-moratorium-on-data-centers/""}]",,35.6,-82.55
wendell-nc,Wendell,NC,Local,Enacted,Enacted,False,111.0,2026,2026-01-01,year,2026-12-31,until_date,Runs to a documented date,"Moratorium through Dec 31, 2026. Preemptive — no data center applications filed. Pause for leaders to learn about impacts",https://www.wral.com/news/local/central-north-carolina-data-center-plans-april-2026/,news,,2026-08-13,True,,,"[{""date"": ""2026-01-01"", ""kind"": ""enacted"", ""label"": ""Enacted"", ""source"": ""https://www.wral.com/news/local/central-north-carolina-data-center-plans-april-2026/""}]",,35.78,-78.37
spartanburg-county-sc,Spartanburg County,SC,Local,Enacted,Enacted,False,284.0,"Jun 22, 2026",2026-06-22,day,2027-06-22,until_date,Runs to a documented date,"1-year moratorium (extendable by council vote), no dissent on first reading. Pending ordinance doctrine invoked to halt applications immediately. Exempts previously approved Kohler Plant site project",https://www.foxcarolina.com/2026/06/22/spartanburg-county-votes-pause-data-center-applications-one-year/,roundup,,2026-08-13,True,,,"[{""date"": ""2026-06-22"", ""kind"": ""enacted"", ""label"": ""Enacted"", ""source"": ""https://www.foxcarolina.com/2026/06/22/spartanburg-county-votes-pause-data-center-applications-one-year/""}]",,34.95,-81.93
york-county-sc,York County,SC,Local,Enacted,Enacted,False,214.0,"Jul 13, 2026",2026-07-13,day,2027-04-13,until_date,Runs to a documented date,"9-month moratorium in unincorporated areas, final reading. Does NOT affect QTS project near Lake Wylie (vested rights). Studies: rate-making, generators, geothermal/heat, noise",https://www.foxcarolina.com/2026/06/22/spartanburg-county-votes-pause-data-center-applications-one-year/,roundup,,2026-08-13,True,,,"[{""date"": ""2026-07-13"", ""kind"": ""enacted"", ""label"": ""Enacted"", ""source"": ""https://www.foxcarolina.com/2026/06/22/spartanburg-county-votes-pause-data-center-applications-one-year/""}]",,34.99,-81.24
santa-fe-county-nm,Santa Fe County,NM,Local,Enacted,Enacted,False,478.0,"Jul 2, 2026",2026-07-02,day,2028-01-02,until_date,Runs to a documented date,"18-month moratorium, unanimous. Threshold lowered from 100 MW to 1 MW and cumulative-impact monitoring added in response to public comment; staff to draft water, energy and noise rules",https://www.santafecountynm.gov/news/detail/santa-fe-county-approves-18-month-moratorium-on-data-centers,official,,2026-08-23,True,100 MW,,"[{""date"": ""2026-07-02"", ""kind"": ""enacted"", ""label"": ""Enacted"", ""source"": ""https://www.santafecountynm.gov/news/detail/santa-fe-county-approves-18-month-moratorium-on-data-centers""}]",,35.51,-106.01
east-fishkill-ny,East Fishkill,NY,Local,Enacted,Enacted,False,1024.0,"Jun 25, 2026",2026-06-25,day,2029-07-01,until_date,Runs to a documented date,"3-year moratorium, unanimous, running to Jul 1, 2029. Halts Treetop Companies' proposed 1.16M sq ft campus south of Old State Road",https://spectrumlocalnews.com/nys/hudson-valley/news/2026/06/27/east-fishkill-data-center-moratorium,news,,2026-08-23,True,,,"[{""date"": ""2026-06-25"", ""kind"": ""enacted"", ""label"": ""Enacted"", ""source"": ""https://spectrumlocalnews.com/nys/hudson-valley/news/2026/06/27/east-fishkill-data-center-moratorium""}]",,41.53,-73.79
davie-county-nc,Davie County,NC,Local,Enacted,Enacted,False,299.0,"Jul 7, 2026",2026-07-07,day,2027-07-07,until_date,Runs to a documented date,"1-year moratorium, unanimous, after a two-hour public comment period on water use and health concerns",https://www.wfdd.org/politics-government/2026-07-07/davie-county-passes-one-year-data-center-moratorium,news,,2026-08-23,True,,,"[{""date"": ""2026-07-07"", ""kind"": ""enacted"", ""label"": ""Enacted"", ""source"": ""https://www.wfdd.org/politics-government/2026-07-07/davie-county-passes-one-year-data-center-moratorium""}]",,35.93,-80.55
nicholasville-ky,Nicholasville,KY,Local,Enacted,Enacted,False,,Aug 2026,2026-08-01,month,,fixed_undated,"A stated duration, but the end date isn't recorded here","6-month moratorium while the commission drafts sound limits and water/electrical capacity filing rules. No data center application has been filed; coverage does not record the vote date, so the end date is not derivable",https://www.wkyt.com/2026/08/11/nicholasville-passes-six-month-moratorium-data-centers/,news,,2026-08-23,True,,,"[{""date"": ""2026-08-01"", ""kind"": ""enacted"", ""label"": ""Enacted"", ""source"": ""https://www.wkyt.com/2026/08/11/nicholasville-passes-six-month-moratorium-data-centers/""}]",,37.88,-84.57
plain-city-oh,Plain City,OH,Local,Proposed,Proposed,False,,"Aug 10, 2026",2026-08-10,day,,unknown,Term not documented,Council shelved its draft zoning rules — the village attorney warned the Big Darby Creek setback might not survive a challenge — and scheduled an Aug 10 vote on a 6-month moratorium. No outlet has reported the outcome; do not cite this as enacted,https://abc6onyourside.com/news/local/plain-city-council-to-vote-aug-10-on-six-month-moratorium-on-data-centers,news,,2026-08-23,True,,,"[{""date"": ""2026-08-10"", ""kind"": ""proposed"", ""label"": ""Proposed"", ""source"": ""https://abc6onyourside.com/news/local/plain-city-council-to-vote-aug-10-on-six-month-moratorium-on-data-centers""}]",,40.11,-83.27
jefferson-county-ia,Jefferson County,IA,Local,Enacted,Enacted,False,334.0,"Aug 11, 2026",2026-08-11,day,2027-08-11,until_date,Runs to a documented date,"12-month moratorium adopted unanimously alongside a new data center ordinance; second and third readings waived so it took effect at once. County attorney recommended 1 year over the 24 months residents asked for, as more likely to survive a legal challenge",https://kilj.com/jefferson-county-approves-data-center-ordinance-and-one-year-moratorium/,news,,2026-08-23,True,,,"[{""date"": ""2026-08-11"", ""kind"": ""enacted"", ""label"": ""Enacted"", ""source"": ""https://kilj.com/jefferson-county-approves-data-center-ordinance-and-one-year-moratorium/""}]",,41.03,-91.95
bellevue-wi,Bellevue,WI,Local,Enacted,Enacted,False,335.0,"Aug 12, 2026",2026-08-12,day,2027-08-12,until_date,Runs to a documented date,"12-month ban on data center development, 5-0. Board may extend it a further six months",https://fox11online.com/news/local/bellevue-board-approves-year-long-ban-on-data-center-development-flietner-moratorium-trustees-vote-residents-crowley-tiffany-wrightstown-jet-power-grid-water,news,,2026-08-23,True,,,"[{""date"": ""2026-08-12"", ""kind"": ""enacted"", ""label"": ""Enacted"", ""source"": ""https://fox11online.com/news/local/bellevue-board-approves-year-long-ban-on-data-center-development-flietner-moratorium-trustees-vote-residents-crowley-tiffany-wrightstown-jet-power-grid-water""}]",,44.44,-87.92
chippewa-county-wi,Chippewa County,WI,Local,Enacted,Enacted,False,,"Aug 11, 2026",2026-08-11,day,,fixed_undated,"A stated duration, but the end date isn't recorded here","12-month moratorium, 19-0, first and second readings the same night (extended from the 10 months committee proposed). Applies only to the six towns under county zoning — Anson, Eagle Point, Hallie, Lafayette, Wheaton, Woodmohr. Coverage puts the effective date in September without naming it, so the end date is not derivable",http://www.leadertelegram.com/news/daily-updates/chippewa-county-board-approves-data-center-moratorium/article_91eb4e5d-9858-41ec-b515-d5d3fc97b747.html,news,,2026-08-23,True,,,"[{""date"": ""2026-08-11"", ""kind"": ""enacted"", ""label"": ""Enacted"", ""source"": ""http://www.leadertelegram.com/news/daily-updates/chippewa-county-board-approves-data-center-moratorium/article_91eb4e5d-9858-41ec-b515-d5d3fc97b747.html""}]",,45.07,-91.28
shawnee-county-ks,Shawnee County,KS,Local,Enacted,Enacted,False,159.0,"Aug 13, 2026",2026-08-13,day,2027-02-17,until_date,Runs to a documented date,"2-1: no final action on data center land use applications until Feb 17, 2027. Applications may still be filed — Compass Datacenters can resubmit — they just cannot be decided",https://www.wibw.com/2026/08/13/shawnee-co-commissioners-approve-moratorium-new-data-centers/,news,,2026-08-23,True,,,"[{""date"": ""2026-08-13"", ""kind"": ""enacted"", ""label"": ""Enacted"", ""source"": ""https://www.wibw.com/2026/08/13/shawnee-co-commissioners-approve-moratorium-new-data-centers/""}]",,39.04,-95.76
sedgwick-county-ks,Sedgwick County,KS,Local,Enacted,Enacted,False,104.0,Jan 2026,2026-01-01,month,2026-12-24,until_date,Runs to a documented date,"Interim development control on data center applications, first adopted January 2026 and extended three times — to Jun 11, to Sep 11, and on Sep 2, 2026 (unanimous) through Dec 24, 2026 — while planning staff write zoning rules; commission checkpoint Dec 2",https://www.kwch.com/2026/09/02/sedgwick-county-extends-pause-data-center-applications/,news,,2026-09-04,True,,,"[{""date"": ""2026-01-01"", ""kind"": ""enacted"", ""label"": ""Enacted"", ""source"": ""https://www.kwch.com/2026/09/02/sedgwick-county-extends-pause-data-center-applications/""}]",,37.69,-97.34
mount-vernon-wa,Mount Vernon,WA,Local,Enacted,Enacted,False,154.0,"Aug 12, 2026",2026-08-12,day,2027-02-12,until_date,Runs to a documented date,"6-month moratorium, 4-1, with no data center yet proposed. Planning staff to draft rules on electricity and water demand, stormwater and building in the Skagit River floodplain",https://www.cascadiadaily.com/2026/aug/13/mount-vernon-temporarily-bans-data-centers/,news,,2026-08-23,True,,,"[{""date"": ""2026-08-12"", ""kind"": ""enacted"", ""label"": ""Enacted"", ""source"": ""https://www.cascadiadaily.com/2026/aug/13/mount-vernon-temporarily-bans-data-centers/""}]",,48.42,-122.33
hillsboro-or,Hillsboro,OR,Local,Enacted,Enacted,False,74.0,"Jul 27, 2026",2026-07-27,day,2026-11-24,until_date,Runs to a documented date,120-day land use moratorium on new or expanded data centers and battery storage as a primary use — Oregon's first. Called with one day's notice so applications could not be filed ahead of the vote; applications already in continue,https://www.opb.org/article/2026/07/27/hillsboro-approves-data-center-moratorium/,news,,2026-08-23,True,,,"[{""date"": ""2026-07-27"", ""kind"": ""enacted"", ""label"": ""Enacted"", ""source"": ""https://www.opb.org/article/2026/07/27/hillsboro-approves-data-center-moratorium/""}]",,45.52,-122.99
red-bank-nj,Red Bank,NJ,Local,Enacted,Enacted,False,,"Jun 11, 2026",2026-06-11,day,,standing,No end date by design — a permanent ban or standing statute,"Zoning ordinance banning data centers borough-wide, unanimous. Council also passed a resolution asking the state to pause new large-scale data centers — the first NJ town to do so",https://www.redbankgreen.com/2026/06/ank-council-oks-adus-small-hotels-bans-data-centers06132026/,news,,2026-08-23,True,,,"[{""date"": ""2026-06-11"", ""kind"": ""enacted"", ""label"": ""Enacted"", ""source"": ""https://www.redbankgreen.com/2026/06/ank-council-oks-adus-small-hotels-bans-data-centers06132026/""}]",,40.35,-74.06
asbury-park-nj,Asbury Park,NJ,Local,Enacted,Enacted,False,,"Jun 10, 2026",2026-06-10,day,,until_event,"Runs until a condition is met, not to a date","Resolution 2026-264, unanimous: urges the governor and legislature to enact a statewide moratorium, and pauses local data center applications, zoning changes and site plans while the city rewrites its zoning code. A council resolution, not a zoning ban",https://www.cityofasburypark.com/CivicAlerts.aspx?AID=2658,news,,2026-08-23,True,,,"[{""date"": ""2026-06-10"", ""kind"": ""enacted"", ""label"": ""Enacted"", ""source"": ""https://www.cityofasburypark.com/CivicAlerts.aspx?AID=2658""}]",,40.22,-74.01
jackson-ms,Jackson,MS,Local,Enacted,Enacted,False,,"Jul 14, 2026",2026-07-14,day,,fixed_undated,"A stated duration, but the end date isn't recorded here","183-day moratorium, 5-2 — Mississippi's first. Because the vote was not unanimous it took effect 30 days after passage rather than at once, and no outlet records the effective date, so the end date is not derivable. Follows opposition to a 230-acre project in northwest Jackson",https://mississippitoday.org/2026/07/14/jackson-data-center-moratorium/,news,,2026-08-23,True,,,"[{""date"": ""2026-07-14"", ""kind"": ""enacted"", ""label"": ""Enacted"", ""source"": ""https://mississippitoday.org/2026/07/14/jackson-data-center-moratorium/""}]",,32.3,-90.18
eastport-me,Eastport,ME,Local,Enacted,Enacted,False,150.0,"Aug 12, 2026",2026-08-12,day,2027-02-08,until_date,Runs to a documented date,"180-day moratorium, unanimous, on permits for industrial data centers on land or underwater — aimed at DeepGreen's tidal-powered proposal off Kendell Head. Buys time to work through two citizen-initiated zoning ordinances",https://www.mainepublic.org/climate/2026-08-14/eastport-enacts-pause-on-data-center-development,news,,2026-08-23,True,,,"[{""date"": ""2026-08-12"", ""kind"": ""enacted"", ""label"": ""Enacted"", ""source"": ""https://www.mainepublic.org/climate/2026-08-14/eastport-enacts-pause-on-data-center-development""}]",,44.91,-66.99
tulare-county-ca,Tulare County,CA,County,Enacted,Enacted,False,21.0,"Aug 18, 2026",2026-08-18,day,2026-10-02,until_date,Runs to a documented date,"45-day urgency moratorium (4-1 vote, Townsend dissenting) on acceptance, processing and approval of permits for large-scale data centers in unincorporated county. Triggered by Global Stack USA proposal for edge-node computing at the county fairgrounds. Extendable to 10 mo 15 days, then up to 2 years total",https://sjvwater.org/tulare-county-hits-pause-on-ai-data-centers/,news,,2026-09-11,True,,,"[{""date"": ""2026-08-18"", ""kind"": ""enacted"", ""label"": ""Enacted"", ""source"": ""https://sjvwater.org/tulare-county-hits-pause-on-ai-data-centers/""}]",,36.23,-119.32
larimer-county-co,Larimer County,CO,Local,Enacted,Enacted,False,167.0,"Jan 27, 2026",2026-01-27,day,2027-02-25,until_date,Runs to a documented date,"Initial 30-day moratorium extended 6 months after Feb 9 public hearing, then to Feb 25, 2027 on Jul 13, 2026; prohibits land use applications for new data centers in unincorporated county while staff develops regulations",https://www.larimer.gov/planning/temp-moratorium-data-centers,official,,2026-09-04,True,,,"[{""date"": ""2026-01-27"", ""kind"": ""enacted"", ""label"": ""Enacted"", ""source"": ""https://www.larimer.gov/planning/temp-moratorium-data-centers""}]",,40.63,-105.13
boulder-county-co,Boulder County,CO,Local,Enacted,Enacted,False,82.0,"Jun 2, 2026",2026-06-02,day,2026-12-02,until_date,Runs to a documented date,Up to 6-month pause on planning applications for data centers and detention centers (unanimous); county reviewing Land Use Code,https://bouldercounty.gov/news/data-centers-and-detention-centers-commissioners-declare-moratorium/,official,,2026-08-19,True,,,"[{""date"": ""2026-06-02"", ""kind"": ""enacted"", ""label"": ""Enacted"", ""source"": ""https://bouldercounty.gov/news/data-centers-and-detention-centers-commissioners-declare-moratorium/""}]",,40.09,-105.36
anderson-county-tn,Anderson County,TN,Local,Enacted,Enacted,False,643.0,"Jun 15, 2026",2026-06-15,day,2028-06-15,until_date,Runs to a documented date,2-year moratorium (unanimous); commission will develop regulations during pause period,https://www.wvlt.tv/2026/06/16/anderson-county-commission-proposes-2-year-moratorium-local-data-centers/,news,,2026-08-19,True,,,"[{""date"": ""2026-06-15"", ""kind"": ""enacted"", ""label"": ""Enacted"", ""source"": ""https://www.wvlt.tv/2026/06/16/anderson-county-commission-proposes-2-year-moratorium-local-data-centers/""}]",,36.12,-84.2
lake-county-fl,Lake County,FL,Local,Enacted,Enacted,False,87.0,"Sep 8, 2026",2026-09-08,day,2026-12-07,until_date,Runs to a documented date,90-day moratorium on large-scale data center applications in unincorporated areas; approved unanimously.,https://www.cfpublic.org/politics/2026-09-09/lake-county-presses-pause-on-accepting-data-center-applications,news,,2026-09-11,True,,,"[{""date"": ""2026-09-08"", ""kind"": ""enacted"", ""label"": ""Enacted"", ""source"": ""https://www.cfpublic.org/politics/2026-09-09/lake-county-presses-pause-on-accepting-data-center-applications""}]",,28.77,-81.71
fayetteville-ga,Fayetteville,GA,Local,Enacted,Enacted,False,,"Mar 5, 2026",2026-03-05,day,,standing,No end date by design — a permanent ban or standing statute,"Ordinance 26-O-12 prohibits new data centers in every zoning district, via chapters 200 and 400 of the Unified Development Ordinance. Follows the fight over the 615-acre QTS campus",https://www.fayetteville-ga.gov/746/Data-Center-Discussion,official,,2026-08-23,True,,,"[{""date"": ""2026-03-05"", ""kind"": ""enacted"", ""label"": ""Enacted"", ""source"": ""https://www.fayetteville-ga.gov/746/Data-Center-Discussion""}]",,33.45,-84.46
atlanta-ga,Atlanta,GA,Local,Enacted,Enacted,False,,"Sep 3, 2024",2024-09-03,day,,standing,No end date by design — a permanent ban or standing statute,"Zoning ban on data centers along the BeltLine and within a half-mile of MARTA stations, later extended to neighborhood commercial districts with special use permits required elsewhere. A geographic ban, not a citywide one",https://www.gpb.org/news/2024/09/04/atlanta-city-council-bans-data-centers-along-beltline,news,,2026-08-23,True,,,"[{""date"": ""2024-09-03"", ""kind"": ""enacted"", ""label"": ""Enacted"", ""source"": ""https://www.gpb.org/news/2024/09/04/atlanta-city-council-bans-data-centers-along-beltline""}]",,33.75,-84.39
new-jersey-fair-share-act-nj,New Jersey (Fair Share Act),NJ,State,Enacted,Enacted,False,,"Jul 7, 2026",2026-07-07,day,,standing,No end date by design — a permanent ban or standing statute,"Data Center Fair Share Act (S731/A796) signed by Gov. Sherrill: creates a separate ratepayer class and rate structure so data centers cover their own energy use and grid-connection costs, and curtail before residential customers when the grid is strained. Not a moratorium",https://www.nj.gov/governor/news/2026/20260707a.shtml,official,,2026-08-23,True,,,"[{""date"": ""2026-07-07"", ""kind"": ""enacted"", ""label"": ""Enacted"", ""source"": ""https://www.nj.gov/governor/news/2026/20260707a.shtml""}]",,40.22,-74.76
virginia-data-center-power-tax-va,Virginia (data center power tax),VA,State,Enacted,Enacted,False,,"Jun 30, 2026",2026-06-30,day,,standing,No end date by design — a permanent ban or standing statute,"2026-28 budget keeps the data center sales-and-use tax exemption but adds the first statewide electricity consumption tax on data centers — $0.011/kWh from Jul 1, capped at $600M a year with the excess refunded. Not a moratorium, and not a zoning restriction",https://www.williamsmullen.com/insights/news/legal-news/virginia-budget-creates-new-electricity-consumption-tax-data-centers,news,,2026-08-23,True,,,"[{""date"": ""2026-06-30"", ""kind"": ""enacted"", ""label"": ""Enacted"", ""source"": ""https://www.williamsmullen.com/insights/news/legal-news/virginia-budget-creates-new-electricity-consumption-tax-data-centers""}]",,37.43,-78.66
vermont-s-205-vt,Vermont (S.205),VT,State,Proposed,Proposed,False,,2026,2026-01-01,year,,until_event,"Runs until a condition is met, not to a date","S.205 (Sen. Rebecca White) would bar constructing or operating an AI data center drawing over 100 MW of new electricity until Jul 1, 2030, with a PUC impact study due Jan 15, 2027. Introduced Jan 6, referred to Senate Finance, no vote taken",https://legislature.vermont.gov/bill/status/2026/S.205,official,,2026-08-23,True,100 MW,,"[{""date"": ""2026-01-01"", ""kind"": ""proposed"", ""label"": ""Proposed"", ""source"": ""https://legislature.vermont.gov/bill/status/2026/S.205""}]",,44.26,-72.58
oklahoma-sb-1488-ok,Oklahoma (SB 1488),OK,State,Rejected,Rejected,False,,"May 14, 2026",2026-05-14,day,,standing,No end date by design — a permanent ban or standing statute,"SB 1488 (Sen. Sacchieri) would have barred new data centers of 100 MW or more until Nov 1, 2029 and ordered a Corporation Commission study. Introduced Feb 2, sent to committee Feb 3, never got a committee or floor vote, died at sine die adjournment on May 14, 2026",https://legiscan.com/OK/bill/SB1488/2026,news,,2026-08-23,True,100 MW,,"[{""date"": ""2026-05-14"", ""kind"": ""rejected"", ""label"": ""Rejected"", ""source"": ""https://legiscan.com/OK/bill/SB1488/2026""}]",,35.47,-97.52
washington-county-md,Washington County,MD,Local,Enacted,Enacted,False,292.0,"Jun 30, 2026",2026-06-30,day,2027-06-30,until_date,Runs to a documented date,"12-month pause on new data center applications, 4-1 (Parrott opposed). Staff to study infrastructure, water and utility impacts and modernize the zoning ordinance, which does not yet define data centers or say which districts may host them",https://thedailyrecord.com/2026/07/01/washington-county-approves-yearlong-data-center-moratorium/,news,,2026-08-23,True,,,"[{""date"": ""2026-06-30"", ""kind"": ""enacted"", ""label"": ""Enacted"", ""source"": ""https://thedailyrecord.com/2026/07/01/washington-county-approves-yearlong-data-center-moratorium/""}]",,39.6,-77.81
washington-county-fl,Washington County,FL,Local,Enacted,Enacted,False,343.0,"Aug 20, 2026",2026-08-20,day,2027-08-20,until_date,Runs to a documented date,"1-year unanimous pause on accepting, processing or approving data center applications in unincorporated areas only — Chipley, Wausau and Caryville keep their own authority. Facilities are exempt where computing is incidental, occupies under 5% of floor area and draws 250 kW or less",https://washingtoncounty.news/2026/08/21/county-approves-one-year-moratorium-on-data-center-applications/,news,,2026-08-23,True,250 kW,,"[{""date"": ""2026-08-20"", ""kind"": ""enacted"", ""label"": ""Enacted"", ""source"": ""https://washingtoncounty.news/2026/08/21/county-approves-one-year-moratorium-on-data-center-applications/""}]",,30.61,-85.66
alamance-county-nc,Alamance County,NC,Local,Enacted,Enacted,False,340.0,"Aug 17, 2026",2026-08-17,day,2027-08-17,until_date,Runs to a documented date,"1-year moratorium, 5-0, on large-scale data centers — defined as developments needing 10 MW or more — after a two-hour public hearing at which more than 23 residents spoke for the pause",https://myfox8.com/news/north-carolina/alamance/alamance-county-commissioners-approve-1-year-data-center-moratorium/,news,,2026-08-23,True,10 MW,,"[{""date"": ""2026-08-17"", ""kind"": ""enacted"", ""label"": ""Enacted"", ""source"": ""https://myfox8.com/news/north-carolina/alamance/alamance-county-commissioners-approve-1-year-data-center-moratorium/""}]",,36.04,-79.4
anderson-county-sc,Anderson County,SC,Local,Enacted,Enacted,False,162.0,"Aug 20, 2026",2026-08-20,day,2027-02-20,until_date,Runs to a documented date,"6-month pause passed on third and final reading; ordinance cites the county's lack of a zoning framework to manage the industry's scale and funds an independent study. Reporting did not state the ordinance's effective date, so the end date here is six months from the final reading",https://www.foxcarolina.com/2026/08/20/anderson-county-council-approves-final-reading-six-month-data-center-moratorium/,news,,2026-08-23,True,,,"[{""date"": ""2026-08-20"", ""kind"": ""enacted"", ""label"": ""Enacted"", ""source"": ""https://www.foxcarolina.com/2026/08/20/anderson-county-council-approves-final-reading-six-month-data-center-moratorium/""}]",,34.52,-82.65
howard-county-in,Howard County,IN,Local,Enacted,Enacted,False,341.0,"Aug 18, 2026",2026-08-18,day,2027-08-18,until_date,Runs to a documented date,"1-year permit moratorium in unincorporated Howard County, adopted unanimously (3-0) after the Plan Commission's nearly unanimous favorable recommendation. County Attorney Alan Wilson introduced it, saying the zoning ordinance doesn't cover data centers and stating plainly at adoption: ""No one is coming. There are no applications pending."" Commissioner Brad Bray volunteered to chair a study committee after public pressure; the pause may lift early once rules are drafted or be extended if needed. Separate from the City of Kokomo's own track, where the Common Council rejected a moratorium and is instead advancing a zoning ordinance for a 700-acre annexed industrial park (final vote expected Sep 14, 2026)",https://kokomolantern.substack.com/p/county-adopts-data-center-moratorium,news,,2026-09-02,True,,,"[{""date"": ""2026-08-18"", ""kind"": ""enacted"", ""label"": ""Enacted"", ""source"": ""https://kokomolantern.substack.com/p/county-adopts-data-center-moratorium""}]",,40.49,-86.13
hastings-mn,Hastings,MN,Local,Enacted,Enacted,False,340.0,"Aug 17, 2026",2026-08-17,day,2027-08-17,until_date,Runs to a documented date,"1-year interim ordinance: no data center may be established, expanded or re-established anywhere in Hastings until Aug 17, 2027 unless the council rescinds it earlier. City code does not currently define or regulate data centers. Council took first action Aug 3 and held the public hearing and second reading Aug 17",https://kdwa.com/hastings-city-council-addresses-fentanyl-awareness-data-center-moratorium-and-environmental-litigation/,news,,2026-08-23,True,,,"[{""date"": ""2026-08-17"", ""kind"": ""enacted"", ""label"": ""Enacted"", ""source"": ""https://kdwa.com/hastings-city-council-addresses-fentanyl-awareness-data-center-moratorium-and-environmental-litigation/""}]",,44.74,-92.85
carter-county-tn,Carter County,TN,Local,Enacted,Enacted,False,340.0,"Aug 17, 2026",2026-08-17,day,2027-08-17,until_date,Runs to a documented date,"1-year moratorium on all AI data centers and cryptocurrency mining centers, passed 20-1 after public comment ran heavily in favour, to let the county study environmental and community impact. The report dates the vote to 'Monday evening' of the week it published; Aug 17 is that Monday",https://elizabethton.com/2026/08/18/one-year-moratorium-passes-for-ai-data-centers-in-carter-county/,news,,2026-08-23,True,,,"[{""date"": ""2026-08-17"", ""kind"": ""enacted"", ""label"": ""Enacted"", ""source"": ""https://elizabethton.com/2026/08/18/one-year-moratorium-passes-for-ai-data-centers-in-carter-county/""}]",,36.35,-82.21
yadkin-county-nc,Yadkin County,NC,Local,Enacted,Enacted,False,706.0,"Aug 17, 2026",2026-08-17,day,2028-08-17,until_date,Runs to a documented date,"2-year moratorium, 5-0 after a public hearing — commissioners doubled the 12 months on the agenda following an hour of opposition testimony. Covers unincorporated areas ONLY: the county manager confirmed at the hearing it does not reach incorporated towns, so WhiteFiber's Yadkinville campus on the former Unifi properties is outside it. The report dates the vote to 'Monday' of the week it published; Aug 17 is that Monday",https://www.yadkinripple.com/news/moratorium-approved-for-yadkin-county-as-potential-yadkinville-data-center-project-announced/article_485d48fb-c61b-4167-b885-3d469e9a6bbe.html,news,,2026-08-23,True,,,"[{""date"": ""2026-08-17"", ""kind"": ""enacted"", ""label"": ""Enacted"", ""source"": ""https://www.yadkinripple.com/news/moratorium-approved-for-yadkin-county-as-potential-yadkinville-data-center-project-announced/article_485d48fb-c61b-4167-b885-3d469e9a6bbe.html""}]",,36.14,-80.66
east-lansing-mi,East Lansing,MI,Local,Enacted,Enacted,False,187.0,"Aug 11, 2026",2026-08-11,day,2027-03-17,until_date,Runs to a documented date,"6-month extension, unanimous, running to Mar 17, 2027. Extends the moratorium adopted Mar 2026, which would have lapsed Sep 2026. Preemptive — no data center has been proposed in the city; the city's zoning ordinance does not address data centers at all and staff expect to bring draft language in Sep/Oct 2026",https://www.wilx.com/2026/08/12/east-lansing-city-council-votes-extend-data-center-moratorium/,news,,2026-08-23,True,,,"[{""date"": ""2026-08-11"", ""kind"": ""enacted"", ""label"": ""Enacted"", ""source"": ""https://www.wilx.com/2026/08/12/east-lansing-city-council-votes-extend-data-center-moratorium/""}]",,42.74,-84.48
woodford-county-il,Woodford County,IL,Local,Enacted,Enacted,False,,Aug 2026,2026-08-01,month,,fixed_undated,"A stated duration, but the end date isn't recorded here","6-month moratorium on data center applications, extendable once by another 6 months, while the county holds public hearings and drafts an ordinance. Reported as running through Feb 2027; no outlet gave the board's vote date, tally, or the exact end day, so no end date is recorded here",https://wmbdradio.com/2026/08/21/tazewell-county-revisits-data-center-ordinance-woodford-county-passes-moratorium/,roundup,,2026-08-23,True,,,"[{""date"": ""2026-08-01"", ""kind"": ""enacted"", ""label"": ""Enacted"", ""source"": ""https://wmbdradio.com/2026/08/21/tazewell-county-revisits-data-center-ordinance-woodford-county-passes-moratorium/""}]",,40.72,-89.27
memphis-tn,Memphis,TN,Local,Proposed,Proposed,False,,"Aug 18, 2026",2026-08-18,day,,unknown,Term not documented,"12-month pause on data center rezonings, site plan approvals and building permits, advanced out of committee and passed first reading on a voice vote; further readings are required before it takes effect. Sponsored by council chair Jana Swearengen-Washington with J.B. Smiley Jr. and Yolanda Cooper-Sutton. Would NOT reach xAI's existing Colossus facilities — only new approvals. Some residents are pressing for 18-24 months",https://www.actionnews5.com/2026/08/18/memphis-city-council-committee-advances-data-center-moratorium-proposal/,news,,2026-08-23,True,,rezoning,"[{""date"": ""2026-08-18"", ""kind"": ""proposed"", ""label"": ""Proposed"", ""source"": ""https://www.actionnews5.com/2026/08/18/memphis-city-council-committee-advances-data-center-moratorium-proposal/""}]",,35.15,-90.05
lubbock-tx,Lubbock,TX,Local,Proposed,Proposed,False,,"Aug 3, 2026",2026-08-03,day,,unknown,Term not documented,"Citizen petition for an 18-month moratorium on hyperscale data centers; 3,900+ verified signatures. Council accepted the petition Aug 25. On Sep 8 council passed a non-binding resolution stating large-scale data centers will not be developed until regulations are adopted; the formal 18-month moratorium petition vote was deferred to later in September. If council rejects, organizers can put it on the ballot (May 2027 at earliest)",https://www.kcbd.com/2026/09/09/lubbock-city-council-passes-non-binding-resolution-regarding-data-centers-within-city-limits/,news,,2026-09-11,True,,,"[{""date"": ""2026-08-03"", ""kind"": ""proposed"", ""label"": ""Proposed"", ""source"": ""https://www.kcbd.com/2026/09/09/lubbock-city-council-passes-non-binding-resolution-regarding-data-centers-within-city-limits/""}]",,33.58,-101.86
virginia-beach-va,Virginia Beach,VA,Local,Enacted,Enacted,False,341.0,"Aug 18, 2026",2026-08-18,day,2027-08-18,until_date,Runs to a documented date,"12-month pause on new data center applications, 10-0, ending early if the council adopts a data center ordinance first. Aimed at larger-scale and hyperscale proposals; does not affect the existing Globalinx facility. Staff told the council the city has no established definitions, setbacks or noise thresholds yet. Reported as a Tuesday vote in coverage published before Aug 20; Aug 18 is that Tuesday",https://www.wtkr.com/news/in-the-community/virginia-beach/virginia-beach-city-council-approves-12-month-moratorium-on-new-data-center-applications,news,,2026-08-23,True,,,"[{""date"": ""2026-08-18"", ""kind"": ""enacted"", ""label"": ""Enacted"", ""source"": ""https://www.wtkr.com/news/in-the-community/virginia-beach/virginia-beach-city-council-approves-12-month-moratorium-on-new-data-center-applications""}]",,36.85,-75.98
fairfax-county-va,Fairfax County,VA,Local,Enacted,Enacted,False,,"Sep 10, 2024",2024-09-10,day,,standing,No end date by design — a permanent ban or standing statute,"Not a pause — a standing zoning ordinance amendment, adopted Sep 10, 2024 and effective Sep 11, that requires Board of Supervisors special-exception approval for nearly all new data centers (by-right only in I-5/I-6 industrial districts), 200-ft setbacks from residential lot lines (300 ft for backup generators), a one-mile buffer from Metro stations, full enclosure or screening of mechanical equipment, and pre- and post-construction noise studies. A companion substation amendment adopted Dec 9, 2025 (unanimous) adds 100-ft residential setbacks, 12-ft solid walls, a 50-ft planted buffer and a 55 dBA nighttime noise limit — but leaves substations by-right in industrial zones, which is why the Plaza 500 (Lincolnia) fight runs through a 2232 public-facility review rather than a rezoning. Applications pending on Sep 11, 2024 were grandfathered",https://www.fairfaxcounty.gov/news/board-supervisors-approve-new-data-center-zoning-ordinance-amendment,official,,2026-09-05,True,,rezoning,"[{""date"": ""2024-09-10"", ""kind"": ""enacted"", ""label"": ""Enacted"", ""source"": ""https://www.fairfaxcounty.gov/news/board-supervisors-approve-new-data-center-zoning-ordinance-amendment""}]",,38.85,-77.31
stafford-county-va,Stafford County,VA,Local,Enacted,Enacted,False,,"Oct 21, 2025",2025-10-21,day,,standing,No end date by design — a permanent ban or standing statute,"Standing ordinance, not a pause. Phase 2 data center rules (Ordinance O25-29 and Comprehensive Plan amendment R25-208, adopted Oct 21, 2025; O25-29(R) on Dec 2, 2025 grandfathered five approved projects — Stafford Technology Campus, Potomac Church Tech Center, Centreport Gateway/Pemberton, Vantage VA-4 and Cranes Corner, 31 buildings and 8.7M sq ft) on top of the Oct 2023 Phase 1 rules: by-right only in M-2 and the ICTP overlay, 100/200-ft setbacks from non-commercial zoning (a 500-ft residential setback was recommended), sound mitigation with post-occupancy noise checks at 90 days and annually, 30% open space outside the urban service area. The county reports 11 applications still under review and none filed since Sep 2025. On Sep 1, 2026 the board directed staff to draft letters asking Gov. Spanberger for a special session on data center rules and, failing quick legislation, a temporary pause on new large-scale approvals; Chair Diggs calls the ordinance 'the strictest in Virginia'",https://staffordcountyva.gov/government/departments_p-z/planning_and_zoning/data_centers/index.php,official,,2026-09-05,True,,,"[{""date"": ""2025-10-21"", ""kind"": ""enacted"", ""label"": ""Enacted"", ""source"": ""https://staffordcountyva.gov/government/departments_p-z/planning_and_zoning/data_centers/index.php""}]",,38.42,-77.41
spotsylvania-county-va,Spotsylvania County,VA,Local,Enacted,Enacted,False,,"Aug 11, 2026",2026-08-11,day,,standing,No end date by design — a permanent ban or standing statute,"Resolution adopted 4-2 (Mullins and Frazier opposed) backing Sen. Sturtevant's call for the governor to 'issue a statewide moratorium on data centers to determine whether development should be permitted and, if so, under what conditions'. Sits on two standing local rules: a Feb 2026 vote requiring a special use permit for every data center, ending by-right siting even on industrial land, and an Aug 25, 2026 comprehensive plan amendment (3-2) capping data centers at 45% of the county's industrial-zoned land, with two supervisors voting no because they wanted a lower cap. The county had earlier welcomed some $35B in data center investment",https://wjla.com/news/local/spotsylvania-county-backs-call-for-statewide-moratorium-on-data-centers-abigail-spanberger-ai-energy-use-zoning-decisions,news,,2026-09-05,True,,,"[{""date"": ""2026-08-11"", ""kind"": ""enacted"", ""label"": ""Enacted"", ""source"": ""https://wjla.com/news/local/spotsylvania-county-backs-call-for-statewide-moratorium-on-data-centers-abigail-spanberger-ai-energy-use-zoning-decisions""}]",,38.2,-77.66
culpeper-county-va,Culpeper County,VA,Local,Enacted,Enacted,False,,"Sep 2, 2025",2025-09-02,day,,standing,No end date by design — a permanent ban or standing statute,"Unanimous zoning text amendment requiring a conditional use permit — planning commission review, public hearing and a board vote — for data centers on light and heavy industrial land (about 2,200 acres on 140 LI parcels plus 867 acres HI). Data centers inside the Culpeper Technology Zone stay by-right. The permit route has not meant denial: on Jul 2, 2026 the board rezoned 69.19 acres of farmland at Nalles Mill and Keyser roads 4-3 for Red Ace Capital's two-building, 1.16M sq ft campus, after tabling it in June. The county counts two operating data centers and expects seven campuses in the Tech Zone plus an approved Amazon campus",https://starexponent.com/news/local/government-politics/article_6b5228c6-4e69-4caf-a4a5-d3ac8d1b1964.html,news,,2026-09-05,True,"2,200 acres",rezoning,"[{""date"": ""2025-09-02"", ""kind"": ""enacted"", ""label"": ""Enacted"", ""source"": ""https://starexponent.com/news/local/government-politics/article_6b5228c6-4e69-4caf-a4a5-d3ac8d1b1964.html""}]",,38.47,-77.99
fluvanna-county-va,Fluvanna County,VA,Local,Enacted,Expired,True,-223.0,Sep 2025,2025-09-01,month,2026-01-31,until_date,Runs to a documented date,"In Sep 2025 the board directed staff to postpone consideration of data center site plan applications until Jan 31, 2026 while it rewrote the code; the planning commission's minutes called it a moratorium and County Attorney Dan Whitten later said it was not one. In Dec 2025 the board amended the code to require a special use permit for data centers in industrial districts. On Aug 5, 2026, with an 843-acre agricultural parcel near Bremo Bluff being marketed as a data center site, Supervisor Fairchild asked for a resolution and a temporary pause on new applications to be placed on the Aug 19 agenda; Chair O'Brien opposed an outright prohibition. The Aug 19 outcome has not been located — check the minutes before citing",https://www.bisnow.com/news/washington-dc/data-center-development/the-world-s-largest-data-center-hub-pursues-a-development-pause-is-it-even-legal-,news,,2026-09-05,True,,new_applications,"[{""date"": ""2025-09-01"", ""kind"": ""enacted"", ""label"": ""Enacted"", ""source"": ""https://www.bisnow.com/news/washington-dc/data-center-development/the-world-s-largest-data-center-hub-pursues-a-development-pause-is-it-even-legal-""}]",,37.84,-78.28
virginia-statewide-pause-request-va,Virginia (statewide pause request),VA,State,Rejected,Rejected,False,,"Aug 11, 2026",2026-08-11,day,,unknown,Term not documented,"Sen. Glen Sturtevant (R) wrote to Gov. Spanberger on Jul 30, 2026 asking her to use executive authority for an immediate moratorium on new data center approvals while the state assesses grid, water and infrastructure capacity; Sens. Richard Stuart (R) and Russet Perry (D) jointly asked for a special session on groundwater. Spotsylvania (Aug 11, 4-2) and Stafford (Sep 1) boards backed the ask. The governor's office answered Aug 11 that its approach — the $0.011/kWh consumption tax and an SCC directive making new data centers pay their full transmission cost — 'supersedes any effort to block them from being developed', and Spanberger has said a pause is a local choice. Under Virginia's Dillon's Rule a locality cannot enact a true moratorium; it can defer applications for up to 12 months while amending its ordinance",https://valawyersweekly.com/2026/08/13/spanberger-rejects-data-center-moratorium-virginia-growth/,news,,2026-09-05,True,,,"[{""date"": ""2026-08-11"", ""kind"": ""rejected"", ""label"": ""Rejected"", ""source"": ""https://valawyersweekly.com/2026/08/13/spanberger-rejects-data-center-moratorium-virginia-growth/""}]",,37.54,-77.43
virginia-dominion-gs-5-large-load-rate-class-va,Virginia (Dominion GS-5 large-load rate class),VA,State,Enacted,Enacted,False,,"Nov 25, 2025",2025-11-25,day,,standing,No end date by design — a permanent ban or standing statute,"SCC final order in Dominion's biennial review (PUR-2025-00058) creates rate class GS-5 for customers demanding 25 MW or more — in practice data centers — effective Jan 1, 2027. GS-5 customers sign long-term contracts (reported as 14 years) with minimum demand charges covering at least 85% of contracted transmission and distribution demand and 60% of generation demand, so a campus that under-uses its reservation still pays for the grid built for it. The same order cut Dominion's base-rate ask: residential bills rise $11.24/month in 2026 (23.7% less than requested) and $2.36 in 2027",https://www.scc.virginia.gov/about-the-scc/newsreleases/release/scc-issues-order-on-dev-biennial-review-2025/scc-rules-in-dev-biennial-review-case.html,official,,2026-09-05,True,25 MW,,"[{""date"": ""2025-11-25"", ""kind"": ""enacted"", ""label"": ""Enacted"", ""source"": ""https://www.scc.virginia.gov/about-the-scc/newsreleases/release/scc-issues-order-on-dev-biennial-review-2025/scc-rules-in-dev-biennial-review-case.html""}]",,37.54,-77.44
virginia-2026-general-assembly-package-va,Virginia (2026 General Assembly package),VA,State,Enacted,Enacted,False,,Mar 2026,2026-03-01,month,,standing,No end date by design — a permanent ban or standing statute,"Of 61 data center bills filed in the 2026 session, 15 reached the governor. Among them: HB 1393 (Dominion to petition the SCC for rates recovering new generating-capacity costs from 25 MW+ customers), HB 284 (demand-flexibility programs for 25 MW+ customers by 2029, costs not passed to other customers), SB 339 (SCC to determine whether high-load service is subsidised by other customers), SB 336 and HB 1502 (Tier 4 backup generators; one-year standby-generator pollution study), HB 496 and SB 553 (monthly water volumes reported by water utilities; annual water consumption estimates required in rezoning and permit decisions), and HB 153 (a permit process for 100 MW+ facilities with sound assessments within 500 ft of homes and schools and locality assessments of water, agriculture and historic resources). The governor's Jul 6, 2026 release says she signed the generator, local-assessment and ratepayer measures — confirm each bill's final status on LIS before citing a number",https://www.multistate.us/insider/2026/3/30/virginia-lawmakers-pass-15-data-center-bills-as-tax-exemption-fight-looms,news,,2026-09-05,True,25 MW,rezoning,"[{""date"": ""2026-03-01"", ""kind"": ""enacted"", ""label"": ""Enacted"", ""source"": ""https://www.multistate.us/insider/2026/3/30/virginia-lawmakers-pass-15-data-center-bills-as-tax-exemption-fight-looms""}]",,37.54,-77.42
lyon-county-ks,Lyon County,KS,Local,Enacted,Enacted,False,133.0,"Jul 23, 2026",2026-07-23,day,2027-01-22,until_date,Runs to a documented date,"Resolution 12-26: 6-month pause on new data center and battery energy storage projects, unanimous, running through Jan 22, 2027, to let the county strengthen zoning rules. A companion Resolution 13-26 pauses utility-scale solar through Dec 1, 2026. Unincorporated areas only — it does not reach Emporia's Flint Hills Digital Campus. Outlets split on the vote date between Thu Jul 23 and Fri Jul 24; Jul 23 is the Thursday",https://www.emporiagazette.com/free/article_6a9583e6-0fba-4bb8-a30e-e0bbb928a316.html,news,,2026-08-23,True,,,"[{""date"": ""2026-07-23"", ""kind"": ""enacted"", ""label"": ""Enacted"", ""source"": ""https://www.emporiagazette.com/free/article_6a9583e6-0fba-4bb8-a30e-e0bbb928a316.html""}]",,38.4,-96.18
emporia-ks,Emporia,KS,Local,Proposed,Proposed,False,,"Aug 20, 2026",2026-08-20,day,,unknown,Term not documented,"Citizen initiative to ban high-impact data centers, ordered onto the Nov 2026 ballot by the Lyon County District Court after the city commission asked the court to review it. The petition followed zoning changes the commission approved earlier in 2026 that would allow data centers in the city. NOT settled: the declaratory judgment action on whether the measure is a proper subject for citizen initiative under Kansas law is still pending, and a yes vote may not take effect until it is decided. A parallel petition on battery energy storage is also before the court. Distinct from the Lyon County resolution, which covers unincorporated land only",https://www.wibw.com/2026/08/20/emporia-data-center-petition-question-be-placed-november-ballot-pending-court-ruling/,news,,2026-08-23,True,,,"[{""date"": ""2026-08-20"", ""kind"": ""proposed"", ""label"": ""Proposed"", ""source"": ""https://www.wibw.com/2026/08/20/emporia-data-center-petition-question-be-placed-november-ballot-pending-court-ruling/""}]",,38.4,-96.18
lyon-county-ky,Lyon County,KY,Local,Enacted,Enacted,False,,Aug 2026,2026-08-01,month,,fixed_undated,"A stated duration, but the end date isn't recorded here","Data center moratorium ordinance passed unanimously by the fiscal court, which will form a committee on environmental impact and utility use; reported as delaying inquiries for up to two years, modelled on Allen County's 2-year ordinance. Magistrates and Judge-Executive Jaime Green-Smith said the Lake Barkley area may be unsuitable for a data center. No outlet gave the vote date or an end date, so none is recorded here",https://www.wpsdlocal6.com/news/data-center-moratorium-ordinance-passes-unanimously-in-lyon-county/article_3e62c03d-096f-42d0-b78d-d1f7e51be074.html,news,,2026-08-23,True,,,"[{""date"": ""2026-08-01"", ""kind"": ""enacted"", ""label"": ""Enacted"", ""source"": ""https://www.wpsdlocal6.com/news/data-center-moratorium-ordinance-passes-unanimously-in-lyon-county/article_3e62c03d-096f-42d0-b78d-d1f7e51be074.html""}]",,37.05,-88.08
seward-county-ne,Seward County,NE,Local,Enacted,Enacted,False,292.0,"Jun 30, 2026",2026-06-30,day,2027-06-30,until_date,Runs to a documented date,"12-month pause on all data center construction, permits and special-use conditions, unanimous with two commissioners absent. Ends early if the planning board and commissioners adopt regulations first. Board chair Misty Ahmic cited water and electrical infrastructure, noise, roads and decommissioning. One of at least ten Nebraska counties with a pause in place",https://www.ksnblocal4.com/2026/06/30/seward-county-approves-one-year-pause-data-center-permits-construction/,news,,2026-08-23,True,,all_uses,"[{""date"": ""2026-06-30"", ""kind"": ""enacted"", ""label"": ""Enacted"", ""source"": ""https://www.ksnblocal4.com/2026/06/30/seward-county-approves-one-year-pause-data-center-permits-construction/""}]",,40.91,-97.1
luther-ok,Luther,OK,Local,Enacted,Enacted,False,111.0,"Jun 17, 2026",2026-06-17,day,2026-12-31,until_date,Runs to a documented date,"Town board ordinance pausing new rezoning applications and specific-use permit requests for data centers through Dec 31, 2026, and restricting approvals of applications already filed, while the town revises zoning for data centers and battery storage. Aimed at Beltline Energy's proposed development, which the board discussed the same night without acting on it. The meeting drew a crowd large enough to be moved outdoors",https://www.news9.com/data-centers-in-oklahoma/luther-oklahoma-board-approves-data-center-moratorium,news,,2026-08-23,True,,rezoning,"[{""date"": ""2026-06-17"", ""kind"": ""enacted"", ""label"": ""Enacted"", ""source"": ""https://www.news9.com/data-centers-in-oklahoma/luther-oklahoma-board-approves-data-center-moratorium""}]",,35.66,-97.19
stokes-county-nc,Stokes County,NC,Local,Rejected,Rejected,False,,Jul 2026,2026-07-01,month,,unknown,Term not documented,"Commissioners rejected the six-month moratorium their own planning board had recommended, after months of organised opposition; Commissioner Sonya Cox said a formal pause was not necessary. The county instead added data centers as an allowed use in M-2 Heavy Manufacturing conditional zoning. A separate Aug 13 planning board vote denied a data center rezoning in Walnut Cove 5-2. Sources disagree on the vote date (reported as both Mon Jul 14 — a Tuesday — and Jul 15), so only the month is recorded. Listed because neighbouring counties' coverage has repeatedly described Stokes as having passed a pause; it did not",https://www.wfdd.org/politics-government/2026-07-14/stokes-commission-rejects-six-month-data-center-moratorium,news,,2026-08-23,True,,rezoning,"[{""date"": ""2026-07-01"", ""kind"": ""rejected"", ""label"": ""Rejected"", ""source"": ""https://www.wfdd.org/politics-government/2026-07-14/stokes-commission-rejects-six-month-data-center-moratorium""}]",,36.41,-80.21
avon-lake-oh,Avon Lake,OH,Local,Enacted,Enacted,False,284.0,"Jun 22, 2026",2026-06-22,day,2027-06-22,until_date,Runs to a documented date,"Ordinance 26-60, an emergency measure effective on the mayor's approval Jun 23 and running through Jun 22, 2027, extendable once by up to six months. Bars consideration, approval or authorization of any data center as a permitted, conditional or accessory use, including zoning permits, building permits and certificates of occupancy, and tolls the clock on pending applications so nothing is approved by default. Excludes a data center incidental to a permitted principal use. Section 4 bars any data-center zoning framework reaching council until the city completes fiscal, infrastructure and community-impact analyses and at least two publicly noticed hearings",https://www.avonlake.org/files/documents/2026/06/26-60_Data_Center_Moratorium.pdf,news,,2026-08-23,True,,permits,"[{""date"": ""2026-06-22"", ""kind"": ""enacted"", ""label"": ""Enacted"", ""source"": ""https://www.avonlake.org/files/documents/2026/06/26-60_Data_Center_Moratorium.pdf""}]",,41.51,-82.03
grafton-oh,Grafton,OH,Local,Enacted,Enacted,False,1711.0,"May 19, 2026",2026-05-19,day,2031-05-19,until_date,Runs to a documented date,"Five-year halt on data center development — the longest local term in this tracker — adopted at a regular council meeting after community polling and on the mayor's recommendation, following discussion of how long the restriction should run",https://chroniclet.com/news/466971/grafton-village-approves-five-year-moratorium-on-data-centers/,news,,2026-08-23,True,,,"[{""date"": ""2026-05-19"", ""kind"": ""enacted"", ""label"": ""Enacted"", ""source"": ""https://chroniclet.com/news/466971/grafton-village-approves-five-year-moratorium-on-data-centers/""}]",,41.27,-82.05
hubbard-oh,Hubbard,OH,Local,Enacted,Enacted,False,263.0,"Jun 1, 2026",2026-06-01,day,2027-06-01,until_date,Runs to a documented date,"12-month moratorium on the construction, placement or operation of a data center in the city, requested by Councilwoman Robin Zambrini after residents raised concerns about a potential project. Hubbard CITY — Hubbard Township acted separately. Reported as a Monday regular meeting, matching Jun 1",https://www.vindy.com/news/local-news/2026/06/hubbard-passes-data-center-moratorium/,news,,2026-08-23,True,,,"[{""date"": ""2026-06-01"", ""kind"": ""enacted"", ""label"": ""Enacted"", ""source"": ""https://www.vindy.com/news/local-news/2026/06/hubbard-passes-data-center-moratorium/""}]",,41.16,-80.57
howland-township-oh,Howland Township,OH,Local,Enacted,Enacted,False,90.0,"Jun 10, 2026",2026-06-10,day,2026-12-10,until_date,Runs to a documented date,"Six-month moratorium, renewable for a further six months and extendable beyond that, on all applications for zoning certificates, conditional use permits, variances or rezonings for a data center, across every zoning district. Applies to applications filed after the effective date. Reported as a Wednesday meeting, matching Jun 10",https://www.tribtoday.com/news/local-news/2026/06/howland-oks-data-center-moratorium/,news,,2026-08-23,True,,rezoning,"[{""date"": ""2026-06-10"", ""kind"": ""enacted"", ""label"": ""Enacted"", ""source"": ""https://www.tribtoday.com/news/local-news/2026/06/howland-oks-data-center-moratorium/""}]",,41.25,-80.75
braceville-township-oh,Braceville Township,OH,Local,Enacted,Enacted,False,82.0,"Jun 2, 2026",2026-06-02,day,2026-12-02,until_date,Runs to a documented date,"Six-month moratorium on issuing any data center permits or applications, unanimous and effective immediately. Trustee chairman Todd Garland cited noise, electricity and water use, and said the consensus among Trumbull County townships was to halt development while they study it. Reported as a Tuesday meeting, matching Jun 2",https://www.tribtoday.com/news/local-news/2026/06/braceville-enacts-6-month-moratorium-on-data-centers/,news,,2026-08-23,True,,,"[{""date"": ""2026-06-02"", ""kind"": ""enacted"", ""label"": ""Enacted"", ""source"": ""https://www.tribtoday.com/news/local-news/2026/06/braceville-enacts-6-month-moratorium-on-data-centers/""}]",,41.24,-80.98
avon-oh,Avon,OH,Local,Enacted,Enacted,False,215.0,"Apr 13, 2026",2026-04-13,day,2027-04-14,until_date,Runs to a documented date,"Ordinance No. 37-26, emergency measure effective immediately. One-year moratorium on all data center zoning, building, and occupancy permits city-wide while Planning Commission studies impacts. Council may extend up to 6 additional months",https://www.cityofavon.com/DocumentCenter/View/12216/Ordinance-No-37-26---Moratorium-on-Data-Centers-jag,news,,2026-09-06,True,,all_uses,"[{""date"": ""2026-04-13"", ""kind"": ""enacted"", ""label"": ""Enacted"", ""source"": ""https://www.cityofavon.com/DocumentCenter/View/12216/Ordinance-No-37-26---Moratorium-on-Data-Centers-jag""}]",,41.45,-82.04
berea-oh,Berea,OH,Local,Enacted,Enacted,False,277.0,"Jun 15, 2026",2026-06-15,day,2027-06-15,until_date,Runs to a documented date,"Ord. 6-6, emergency measure passed on first reading. Moratorium on issuing or processing data center permits for up to one year while the city studies zoning and infrastructure impacts. Sponsored by Councilwomen Coble and Weaver",https://cityofberea.org/DocumentCenter/View/5594/Ord-6-6-Moratorium-Data-Centers,news,,2026-09-06,True,,,"[{""date"": ""2026-06-15"", ""kind"": ""enacted"", ""label"": ""Enacted"", ""source"": ""https://cityofberea.org/DocumentCenter/View/5594/Ord-6-6-Moratorium-Data-Centers""}]",,41.37,-81.85
blanchester-oh,Blanchester,OH,Local,Enacted,Enacted,False,548.0,"Mar 12, 2026",2026-03-12,day,2028-03-12,until_date,Runs to a documented date,"Ordinance No. 2026.007, two-year moratorium on authorization or establishment of any computer data center within village limits. Passed 6-0, effective immediately. Prompted by proposals in nearby Wilmington and Mount Orab",https://www.blanvillage.com/_files/ugd/06e39b_12d5f04dc599499cb342df0366771c23.pdf,news,,2026-09-06,True,,,"[{""date"": ""2026-03-12"", ""kind"": ""enacted"", ""label"": ""Enacted"", ""source"": ""https://www.blanvillage.com/_files/ugd/06e39b_12d5f04dc599499cb342df0366771c23.pdf""}]",,39.29,-83.99
butler-county-oh,Butler County,OH,Local,Enacted,Enacted,False,96.0,"Jun 16, 2026",2026-06-16,day,2026-12-16,until_date,Runs to a documented date,"Resolution 26-06-00963, six-month moratorium on data center permits in six unincorporated townships (Hanover, Lemon, Madison, Milford, Oxford, Ross) under county zoning. Unanimous vote by Commissioners Rogers, Carpenter, Dixon",https://butlercountyoh.iqm2.com/Citizens/FileOpen.aspx?Type=15&ID=1980&Inline=True,official,,2026-09-06,True,,,"[{""date"": ""2026-06-16"", ""kind"": ""enacted"", ""label"": ""Enacted"", ""source"": ""https://butlercountyoh.iqm2.com/Citizens/FileOpen.aspx?Type=15&ID=1980&Inline=True""}]",,39.44,-84.57
canton-township-oh,Canton Township,OH,Local,Enacted,Enacted,False,,"Apr 9, 2026",2026-04-09,day,,fixed_undated,"A stated duration, but the end date isn't recorded here","Resolution 04-03-2026, moratorium on any new data center operating or locating in the township. Unanimous 3-0 vote. Third Stark County jurisdiction to freeze after Plain Township and Massillon",https://www.cantontwp-oh.gov/_files/ugd/4e001a_48d8666b955c4b0db84d935eee664ff8.pdf,official,,2026-09-06,True,,,"[{""date"": ""2026-04-09"", ""kind"": ""enacted"", ""label"": ""Enacted"", ""source"": ""https://www.cantontwp-oh.gov/_files/ugd/4e001a_48d8666b955c4b0db84d935eee664ff8.pdf""}]",,40.8,-81.44
cincinnati-oh,Cincinnati,OH,Local,Enacted,Enacted,False,153.0,"Feb 11, 2026",2026-02-11,day,2027-02-11,until_date,Runs to a documented date,"Interim Development Control Overlay #89 on data centers across six zoning districts (~22,000 parcels). Originally 3 months, extended Apr 1 for 9 additional months. Gives Planning Dept time to draft permanent zoning classification for data centers, which were previously unclassified and treated as indoor storage",https://www.cincinnati-oh.gov/planning/projects/active/interim-development-control-overlay-89-data-centers-and-zoning-study/,official,,2026-09-06,True,,,"[{""date"": ""2026-02-11"", ""kind"": ""enacted"", ""label"": ""Enacted"", ""source"": ""https://www.cincinnati-oh.gov/planning/projects/active/interim-development-control-overlay-89-data-centers-and-zoning-study/""}]",,39.1,-84.51
cleveland-oh,Cleveland,OH,Local,Enacted,Enacted,False,35.0,"Jul 15, 2026",2026-07-15,day,2026-10-16,until_date,Runs to a documented date,"Emergency Ordinance File #556-2026, 3-month moratorium on new standalone data center permits and certificates of occupancy. Passed 14-1. Does not apply to server rooms in multi-tenant buildings. Council may extend up to 3 additional months. Cleveland currently has zero hyperscale standalone data centers",https://www.clevelandohio.gov/news/cleveland-city-council-approves-temporary-pause-new-standalone-data-centers,official,,2026-09-06,True,,,"[{""date"": ""2026-07-15"", ""kind"": ""enacted"", ""label"": ""Enacted"", ""source"": ""https://www.clevelandohio.gov/news/cleveland-city-council-approves-temporary-pause-new-standalone-data-centers""}]",,41.5,-81.69
cortland-oh,Cortland,OH,Local,Enacted,Enacted,False,,"Jun 2, 2026",2026-06-02,day,,fixed_undated,"A stated duration, but the end date isn't recorded here",One-year emergency moratorium on data center zoning permits and applications. Council President Picuri cited electricity and water concerns. Trumbull County jurisdiction,https://www.tribtoday.com/news/local-news/2026/06/cortland-enacts-1-year-ban-on-data-centers/,news,,2026-09-06,True,,,"[{""date"": ""2026-06-02"", ""kind"": ""enacted"", ""label"": ""Enacted"", ""source"": ""https://www.tribtoday.com/news/local-news/2026/06/cortland-enacts-1-year-ban-on-data-centers/""}]",,41.33,-80.72
defiance-oh,Defiance,OH,Local,Enacted,Enacted,False,,Sep 2026,2026-09-01,month,,fixed_undated,"A stated duration, but the end date isn't recorded here","Six-month moratorium on acceptance and processing of data center applications. Originally proposed as 12 months, amended 5-2 to six. Companion referendum on November 2026 ballot would cap data centers at 25 MW",https://wbnowqct.com/defiance-city-council-approves-two-ordinances-pertaining-to-data-center/,news,,2026-09-06,True,25 MW,,"[{""date"": ""2026-09-01"", ""kind"": ""enacted"", ""label"": ""Enacted"", ""source"": ""https://wbnowqct.com/defiance-city-council-approves-two-ordinances-pertaining-to-data-center/""}]",,41.28,-84.36
findlay-oh,Findlay,OH,Local,Enacted,Enacted,False,223.0,"Apr 22, 2026",2026-04-22,day,2027-04-22,until_date,Runs to a documented date,"Ordinance 2026-42, 12-month moratorium on establishment or conversion of buildings into data centers, city-wide. Passed 9-1. Draft follow-on ordinance would allow data centers only as Conditional Use in I-3 zones with 1,000-ft residential setback",https://www.findlayohio.gov/government/city-departments/zoning/proposed-data-center-zoning-ordinance,official,,2026-09-06,True,,,"[{""date"": ""2026-04-22"", ""kind"": ""enacted"", ""label"": ""Enacted"", ""source"": ""https://www.findlayohio.gov/government/city-departments/zoning/proposed-data-center-zoning-ordinance""}]",,41.04,-83.65
girard-oh,Girard,OH,Local,Enacted,Enacted,False,305.0,"Jul 13, 2026",2026-07-13,day,2027-07-13,until_date,Runs to a documented date,"Ordinance No. 53-36, one-year moratorium on AI data center construction permits. Emergency measure passed 7-0. Council cited solidarity with neighboring Mahoning Valley communities (Niles, Ellsworth, Lordstown, Cortland, Hubbard)",https://cityofgirardoh.gov/wp-content/uploads/2026/07/Minutes-7-13-2026.docx,official,,2026-09-06,True,,,"[{""date"": ""2026-07-13"", ""kind"": ""enacted"", ""label"": ""Enacted"", ""source"": ""https://cityofgirardoh.gov/wp-content/uploads/2026/07/Minutes-7-13-2026.docx""}]",,41.15,-80.7
grove-city-oh,Grove City,OH,Local,Enacted,Enacted,False,263.0,"Jun 1, 2026",2026-06-01,day,2027-06-01,until_date,Runs to a documented date,"Ordinance C-22-26, emergency 12-month moratorium on data center approvals. Passed 6-1. Prompted by Stream Data Centers' proposed 310-acre campus and a 4,000-signature petition",https://grovecityohio.gov/m/newsflash/home/detail/270,official,,2026-09-06,True,,,"[{""date"": ""2026-06-01"", ""kind"": ""enacted"", ""label"": ""Enacted"", ""source"": ""https://grovecityohio.gov/m/newsflash/home/detail/270""}]",,39.88,-83.09
jackson-township-franklin-co-oh,Jackson Township (Franklin Co.),OH,Local,Enacted,Enacted,False,243.0,"May 12, 2026",2026-05-12,day,2027-05-12,until_date,Runs to a documented date,"Resolution 2026-049, one-year moratorium on data center permits and zoning approvals on unincorporated township land. Unanimous 3-0 vote. Preemptive — no active DC proposals at time of vote",https://www.10tv.com/article/news/local/jackson-township-approves-1-year-data-center-moratorium/530-b8cddb38-1b51-412b-a97c-1f718112af08,news,,2026-09-06,True,,,"[{""date"": ""2026-05-12"", ""kind"": ""enacted"", ""label"": ""Enacted"", ""source"": ""https://www.10tv.com/article/news/local/jackson-township-approves-1-year-data-center-moratorium/530-b8cddb38-1b51-412b-a97c-1f718112af08""}]",,39.85,-83.1
jerome-township-oh,Jerome Township,OH,Local,Enacted,Expired,True,-102.0,"Sep 3, 2025",2025-09-03,day,2026-06-01,until_date,Runs to a documented date,"Resolution 25-061, nine-month moratorium on data center zoning certificates. First Ohio locality to enact a DC moratorium. Affected up to 4 projects. Two existing Amazon DCs in township have 10-year tax abatements",https://www.wosu.org/politics-government/2025-09-09/jerome-township-puts-pause-on-new-data-center-development-for-nine-months,news,,2026-09-06,True,,,"[{""date"": ""2025-09-03"", ""kind"": ""enacted"", ""label"": ""Enacted"", ""source"": ""https://www.wosu.org/politics-government/2025-09-09/jerome-township-puts-pause-on-new-data-center-development-for-nine-months""}]",,40.22,-83.21
kent-oh,Kent,OH,Local,Enacted,Enacted,False,216.0,"Apr 15, 2026",2026-04-15,day,2027-04-15,until_date,Runs to a documented date,"Ordinance No. 2026-31, 12-month moratorium on issuing any permits for AI data centers within city limits",https://www.kentohio.gov/media/yrhjyjrn/2026-31-data-center-moratorium_signed.pdf,official,,2026-09-06,True,,,"[{""date"": ""2026-04-15"", ""kind"": ""enacted"", ""label"": ""Enacted"", ""source"": ""https://www.kentohio.gov/media/yrhjyjrn/2026-31-data-center-moratorium_signed.pdf""}]",,41.15,-81.36
lake-township-wood-co-oh,Lake Township (Wood Co.),OH,Local,Enacted,Enacted,False,173.0,"Mar 3, 2026",2026-03-03,day,2027-03-03,until_date,Runs to a documented date,"One-year moratorium. Part of broader Wood County trend — 7 of 19 townships adopted moratoriums, 8 more discussed. Enacted after a potential data center site was listed for sale",https://bgindependentmedia.org/temporary-moratoriums-on-data-centers-7-townships-in-wood-county-have-adopted-8-have-discussed/,news,,2026-09-06,True,,,"[{""date"": ""2026-03-03"", ""kind"": ""enacted"", ""label"": ""Enacted"", ""source"": ""https://bgindependentmedia.org/temporary-moratoriums-on-data-centers-7-townships-in-wood-county-have-adopted-8-have-discussed/""}]",,41.48,-83.46
maumee-oh,Maumee,OH,Local,Enacted,Enacted,False,144.0,"Feb 2, 2026",2026-02-02,day,2027-02-02,until_date,Runs to a documented date,"Resolution No. 005-2026, 12-month emergency moratorium on establishment or conversion of structures into data centers. Passed 6-0. Precautionary measure while city studies impacts",https://www.toledoblade.com/local/suburbs/2026/02/03/maumee-becomes-latest-northwest-ohio-community-to-pass-data-center-moratorium/stories/20260203114,news,,2026-09-06,True,,,"[{""date"": ""2026-02-02"", ""kind"": ""enacted"", ""label"": ""Enacted"", ""source"": ""https://www.toledoblade.com/local/suburbs/2026/02/03/maumee-becomes-latest-northwest-ohio-community-to-pass-data-center-moratorium/stories/20260203114""}]",,41.56,-83.65
monclova-township-oh,Monclova Township,OH,Local,Enacted,Enacted,False,159.0,"Feb 17, 2026",2026-02-17,day,2027-02-17,until_date,Runs to a documented date,"Resolution 02172026-01, 12-month moratorium. Enacted after zoning law change would allow DCs on farmland. Related to nearby 350 MW gas plant approval by Ohio Power Siting Board",https://monclovatwp.org/trustee-chuck-hoecherls-statement-on-data-centers/,news,,2026-09-06,True,350 MW,,"[{""date"": ""2026-02-17"", ""kind"": ""enacted"", ""label"": ""Enacted"", ""source"": ""https://monclovatwp.org/trustee-chuck-hoecherls-statement-on-data-centers/""}]",,41.57,-83.77
montgomery-township-ashland-co-oh,Montgomery Township (Ashland Co.),OH,Local,Enacted,Enacted,False,659.0,"Jun 18, 2026",2026-06-18,day,2028-07-01,until_date,Runs to a documented date,Two-year moratorium on new data center construction. Unanimous 3-0 vote. Drafted with county prosecutor's office. Trustee originally proposed outright ban but settled on temporary pause,https://www.ashlandsource.com/2026/06/18/montgomery-township-approves-data-center-moratorium/,news,,2026-09-06,True,,,"[{""date"": ""2026-06-18"", ""kind"": ""enacted"", ""label"": ""Enacted"", ""source"": ""https://www.ashlandsource.com/2026/06/18/montgomery-township-approves-data-center-moratorium/""}]",,40.93,-82.25
mount-orab-oh,Mount Orab,OH,Local,Enacted,Expired,True,-12.0,"Mar 3, 2026",2026-03-03,day,2026-08-30,until_date,Runs to a documented date,"Ordinance No. 1339, 180-day moratorium on data center permits. Triggered by mysterious 1,000-acre mega site project by DB Stu LLC. Council member rescinded NDA to introduce the ordinance. 1,700-member opposition Facebook group",https://www.wcpo.com/news/local-news/mt-orab-council-introduces-data-center-moratorium-amid-community-opposition-to-mysterious-mega-site-project,news,,2026-09-06,True,,,"[{""date"": ""2026-03-03"", ""kind"": ""enacted"", ""label"": ""Enacted"", ""source"": ""https://www.wcpo.com/news/local-news/mt-orab-council-introduces-data-center-moratorium-amid-community-opposition-to-mysterious-mega-site-project""}]",,39.03,-83.92
new-carlisle-oh,New Carlisle,OH,Local,Enacted,Enacted,False,159.0,"Feb 17, 2026",2026-02-17,day,2027-02-17,until_date,Runs to a documented date,"Ordinance 2026-06, 12-month moratorium. Study period for planning, zoning, and business regulation decisions",https://newcarlisleohio.gov/wp-content/uploads/2026/02/CouncilPacket-2026-0217.pdf,official,,2026-09-06,True,,,"[{""date"": ""2026-02-17"", ""kind"": ""enacted"", ""label"": ""Enacted"", ""source"": ""https://newcarlisleohio.gov/wp-content/uploads/2026/02/CouncilPacket-2026-0217.pdf""}]",,39.94,-84.03
norton-oh,Norton,OH,Local,Enacted,Enacted,False,,"Dec 1, 2025",2025-12-01,day,,fixed_undated,"A stated duration, but the end date isn't recorded here","Ordinance 108-2025, 180-day moratorium on data center zoning certificates. Extended 90 days by Ord. 55-2026 (May 18, 2026). Permanent zoning ordinances (Ord. 60-2026, 61-2026) adopted Jul 6 but do not replace the moratorium. Prompted by Quantum HPC project at former PPG mine",https://www.akron.com/articles/city-of-norton-introduces-moratorium-on-data-centers/,news,,2026-09-06,True,,,"[{""date"": ""2025-12-01"", ""kind"": ""enacted"", ""label"": ""Enacted"", ""source"": ""https://www.akron.com/articles/city-of-norton-introduces-moratorium-on-data-centers/""}]",,41.03,-81.64
pierce-township-oh,Pierce Township,OH,Local,Enacted,Enacted,False,28.0,"Feb 11, 2026",2026-02-11,day,2026-10-09,until_date,Runs to a documented date,"Resolution 2026-002, 240-day moratorium directing staff and zoning commission to develop data center zoning amendments",https://piercetownship.org/wp-content/uploads/2026/02/Res-Imposing-Moratorium-Data-Centers-kb-edits.pdf,news,,2026-09-06,True,,,"[{""date"": ""2026-02-11"", ""kind"": ""enacted"", ""label"": ""Enacted"", ""source"": ""https://piercetownship.org/wp-content/uploads/2026/02/Res-Imposing-Moratorium-Data-Centers-kb-edits.pdf""}]",,39.09,-84.29
plain-township-stark-co-oh,Plain Township (Stark Co.),OH,Local,Enacted,Enacted,False,194.0,"Mar 24, 2026",2026-03-24,day,2027-03-24,until_date,Runs to a documented date,"12-month moratorium on data center permits. Third Stark County jurisdiction to freeze (after Canton Township and Massillon). Concerns over noise, electricity, water, and aesthetics",https://www.news5cleveland.com/news/local-news/we-follow-through/as-data-center-proposals-spread-across-stark-county-neighbors-fear-whats-next,news,,2026-09-06,True,,,"[{""date"": ""2026-03-24"", ""kind"": ""enacted"", ""label"": ""Enacted"", ""source"": ""https://www.news5cleveland.com/news/local-news/we-follow-through/as-data-center-proposals-spread-across-stark-county-neighbors-fear-whats-next""}]",,40.83,-81.33
providence-township-oh,Providence Township,OH,Local,Enacted,Enacted,False,216.0,"Apr 15, 2026",2026-04-15,day,2027-04-15,until_date,Runs to a documented date,One-year moratorium modeled on Waterville Township language. Part of the broader NW Ohio moratorium wave in Lucas County,https://www.wtol.com/article/news/local/toledo-free-press/providence-township-considers-data-center-zoning-waterville/512-f3f99621-6feb-4d49-b1da-29f7581f1c61,news,,2026-09-06,True,,,"[{""date"": ""2026-04-15"", ""kind"": ""enacted"", ""label"": ""Enacted"", ""source"": ""https://www.wtol.com/article/news/local/toledo-free-press/providence-township-considers-data-center-zoning-waterville/512-f3f99621-6feb-4d49-b1da-29f7581f1c61""}]",,41.7,-83.8
richfield-township-oh,Richfield Township,OH,Local,Enacted,Enacted,False,159.0,"Feb 17, 2026",2026-02-17,day,2027-02-17,until_date,Runs to a documented date,"Resolution 021726-01, 12-month emergency moratorium on data centers, energy-producing/storage facilities, and high-energy-use facilities in all zoning districts. Cited lack of zoning inspector",https://www.toledoblade.com/local/politics/2026/02/18/monclova-richfield-townships-latest-to-pass-data-center-moratoriums/stories/20260218126,news,,2026-09-06,True,,,"[{""date"": ""2026-02-17"", ""kind"": ""enacted"", ""label"": ""Enacted"", ""source"": ""https://www.toledoblade.com/local/politics/2026/02/18/monclova-richfield-townships-latest-to-pass-data-center-moratoriums/stories/20260218126""}]",,41.6,-83.7
scioto-township-oh,Scioto Township,OH,Local,Enacted,Enacted,False,176.0,"Mar 6, 2026",2026-03-06,day,2027-03-06,until_date,Runs to a documented date,12-month moratorium pausing all new data center applications while township updates zoning codes. Trustee Wasmus introduced; Trustee Wolfe proposed 6 months but was overruled,https://www.sciotopost.com/scioto-township-enacts-12-month-data-center-moratorium-amid-statewide-tech-surge/,news,,2026-09-06,True,,,"[{""date"": ""2026-03-06"", ""kind"": ""enacted"", ""label"": ""Enacted"", ""source"": ""https://www.sciotopost.com/scioto-township-enacts-12-month-data-center-moratorium-amid-statewide-tech-surge/""}]",,39.7,-82.95
shawnee-township-oh,Shawnee Township,OH,Local,Enacted,Enacted,False,454.0,"Jun 9, 2026",2026-06-09,day,2027-12-09,until_date,Runs to a documented date,"18-month moratorium on data centers, battery energy storage, and solar energy fields. Unanimous vote following zoning board recommendation",https://www.hometownstations.com/news/allen_county/shawnee-township-approves-18-month-moratorium-on-data-centers-energy-projects/article_431ac6ec-8564-4865-9b2f-a243d933bf4d.html,news,,2026-09-06,True,,,"[{""date"": ""2026-06-09"", ""kind"": ""enacted"", ""label"": ""Enacted"", ""source"": ""https://www.hometownstations.com/news/allen_county/shawnee-township-approves-18-month-moratorium-on-data-centers-energy-projects/article_431ac6ec-8564-4865-9b2f-a243d933bf4d.html""}]",,40.78,-84.11
sprigg-township-oh,Sprigg Township,OH,Local,Enacted,Enacted,False,166.0,"Feb 24, 2026",2026-02-24,day,2027-02-24,until_date,Runs to a documented date,12-month moratorium. Followed pushback over proposed data center at former Stuart power plant site that would consume 31x the energy of the entire county,https://www.wcpo.com/news/local-news/i-team/adams-county-data-center-gets-federal-permit-as-voters-sign-petitions-to-block-it,news,,2026-09-06,True,,,"[{""date"": ""2026-02-24"", ""kind"": ""enacted"", ""label"": ""Enacted"", ""source"": ""https://www.wcpo.com/news/local-news/i-team/adams-county-data-center-gets-federal-permit-as-voters-sign-petitions-to-block-it""}]",,38.77,-83.61
springfield-oh,Springfield,OH,Local,Enacted,Enacted,False,125.0,"Jul 14, 2026",2026-07-14,day,2027-01-14,until_date,Runs to a documented date,"Ordinance 159-26, 6-month moratorium on high-density computing facilities with energy demand > 25 MW. Passed 5-0 by City Commission. Could be extended if state does not act",https://www.springfieldnewssun.com/local/springfield-passes-6-month-moratorium-on-data-centers/article_d9587a42-4cb0-5262-a191-c5dee6a6bfc1.html,news,,2026-09-06,True,25 MW,,"[{""date"": ""2026-07-14"", ""kind"": ""enacted"", ""label"": ""Enacted"", ""source"": ""https://www.springfieldnewssun.com/local/springfield-passes-6-month-moratorium-on-data-centers/article_d9587a42-4cb0-5262-a191-c5dee6a6bfc1.html""}]",,39.92,-83.81
st-marys-oh,St. Marys,OH,Local,Enacted,Enacted,False,284.0,"Jun 22, 2026",2026-06-22,day,2027-06-22,until_date,Runs to a documented date,"Emergency Resolution 2026-08, 12-month moratorium on establishing or converting buildings to data centers. Final passage with one abstention. Council can rescind at any time",https://www.hometownstations.com/news/auglaize_county/st-marys-approves-one-year-moratorium-on-data-center-projects/article_cfdd565e-c7ac-48dc-be55-2c345dfa132f.html,news,,2026-09-06,True,,,"[{""date"": ""2026-06-22"", ""kind"": ""enacted"", ""label"": ""Enacted"", ""source"": ""https://www.hometownstations.com/news/auglaize_county/st-marys-approves-one-year-moratorium-on-data-center-projects/article_cfdd565e-c7ac-48dc-be55-2c345dfa132f.html""}]",,40.54,-84.39
tallmadge-oh,Tallmadge,OH,Local,Enacted,Enacted,False,29.0,"Apr 13, 2026",2026-04-13,day,2026-10-10,until_date,Runs to a documented date,"Ordinance 2026-38, 6-month moratorium on data center proposals. Passed 7-0. Proactive — no pending applications. Includes hardship appeal process under ORC Chapter 2506",https://www.yahoo.com/news/articles/tallmadge-considers-six-month-moratorium-100316607.html,news,,2026-09-06,True,,,"[{""date"": ""2026-04-13"", ""kind"": ""enacted"", ""label"": ""Enacted"", ""source"": ""https://www.yahoo.com/news/articles/tallmadge-considers-six-month-moratorium-100316607.html""}]",,41.1,-81.44
tiffin-oh,Tiffin,OH,Local,Enacted,Enacted,False,221.0,"Apr 20, 2026",2026-04-20,day,2027-04-20,until_date,Runs to a documented date,"Resolution 2026-42, 12-month moratorium barring establishment or conversion of structures into data centers. Passed 6-0, declared emergency. Preemptive — no project proposed",https://tiffinohio.net/posts/tiffin-city-council-approves-12-month-data-center-moratorium/,news,,2026-09-06,True,,,"[{""date"": ""2026-04-20"", ""kind"": ""enacted"", ""label"": ""Enacted"", ""source"": ""https://tiffinohio.net/posts/tiffin-city-council-approves-12-month-data-center-moratorium/""}]",,41.11,-83.18
vermilion-oh,Vermilion,OH,Local,Enacted,Enacted,False,193.0,"Apr 20, 2026",2026-04-20,day,2027-03-23,until_date,Runs to a documented date,"Ordinance 2026-17, moratorium on consideration, approval, or authorization of data center development across all zoning districts. Bars building permits, COOs, development plans, and special use permits",https://www.cityofvermilionohio.gov/2025-Main-Menu-Folder/2025-City-Council/Ordinances-and-Resolutions/2026-Ordinances-and-Resolutions/Ordinances/Ordinances/2026-17-TEMPORARY-MORATORIUM-ON-FUTURE-DEVELOPMENT-OF-DATA-CENTERS,official,,2026-09-06,True,,permits,"[{""date"": ""2026-04-20"", ""kind"": ""enacted"", ""label"": ""Enacted"", ""source"": ""https://www.cityofvermilionohio.gov/2025-Main-Menu-Folder/2025-City-Council/Ordinances-and-Resolutions/2026-Ordinances-and-Resolutions/Ordinances/Ordinances/2026-17-TEMPORARY-MORATORIUM-ON-FUTURE-DEVELOPMENT-OF-DATA-CENTERS""}]",,41.42,-82.37
washington-township-butler-co-oh,Washington Township (Butler Co.),OH,Local,Enacted,Enacted,False,217.0,"Apr 21, 2026",2026-04-21,day,2027-04-16,until_date,Runs to a documented date,360-day moratorium on zoning permits for new data center uses. Preemptive — no one had contacted the township about a project,https://www.journal-news.com/community/data-centers-area-township-adds-moratorium-as-others-weigh-these-huge-projects/article_b9578880-2346-57d1-8d45-8151a7cb1441.html,news,,2026-09-06,True,,,"[{""date"": ""2026-04-21"", ""kind"": ""enacted"", ""label"": ""Enacted"", ""source"": ""https://www.journal-news.com/community/data-centers-area-township-adds-moratorium-as-others-weigh-these-huge-projects/article_b9578880-2346-57d1-8d45-8151a7cb1441.html""}]",,39.47,-84.37
waterville-oh,Waterville,OH,Local,Enacted,Expired,True,-95.0,"Dec 8, 2025",2025-12-08,day,2026-06-08,until_date,Runs to a documented date,"Resolution 34-25, 6-month moratorium (amended down from 12 months). Passed 7-0. Council member Wagner introduced it, citing agricultural land protection",https://www.13abc.com/2025/12/09/council-opts-six-month-moratorium-data-centers-waterville/,news,,2026-09-06,True,,,"[{""date"": ""2025-12-08"", ""kind"": ""enacted"", ""label"": ""Enacted"", ""source"": ""https://www.13abc.com/2025/12/09/council-opts-six-month-moratorium-data-centers-waterville/""}]",,41.5,-83.72
waterville-township-oh,Waterville Township,OH,Local,Enacted,Enacted,False,97.0,"Dec 17, 2025",2025-12-17,day,2026-12-17,until_date,Runs to a documented date,12-month moratorium. Passed unanimously. Drafted by Columbus law firm. Data Center Advisory Committee formed Jan 2026 and presented findings May 2026 with proposed M-3 zoning,https://www.toledoblade.com/local/suburbs/2025/12/18/waterville-township-passes-12-month-moratorium-on-data-centers-becomes-region-s/stories/20251218106,news,,2026-09-06,True,,,"[{""date"": ""2025-12-17"", ""kind"": ""enacted"", ""label"": ""Enacted"", ""source"": ""https://www.toledoblade.com/local/suburbs/2025/12/18/waterville-township-passes-12-month-moratorium-on-data-centers-becomes-region-s/stories/20251218106""}]",,41.5,-83.73
williamsburg-oh,Williamsburg,OH,Local,Enacted,Enacted,False,183.0,"Mar 13, 2026",2026-03-13,day,2027-03-13,until_date,Runs to a documented date,"Ordinance 1249-26, emergency moratorium on authorization or establishment of data centers within the village. Applies to all pending applications without a final permit",https://williamsburgohio.org/index.php/government/mayor-village-council/ordinances-resolutions/,news,,2026-09-06,True,,,"[{""date"": ""2026-03-13"", ""kind"": ""enacted"", ""label"": ""Enacted"", ""source"": ""https://williamsburgohio.org/index.php/government/mayor-village-council/ordinances-resolutions/""}]",,39.06,-84.05
yellow-springs-oh,Yellow Springs,OH,Local,Enacted,Enacted,False,249.0,"May 18, 2026",2026-05-18,day,2027-05-18,until_date,Runs to a documented date,"Ordinance 2026-08, 12-month moratorium on data centers with demand > 2 MW. Exempts auxiliary data centers under 10% of primary structure. Council member Pearce cited misalignment with community scale and values",https://ysnews.com/news/2026/05/ordinance-2026-08,news,,2026-09-06,True,2 MW,,"[{""date"": ""2026-05-18"", ""kind"": ""enacted"", ""label"": ""Enacted"", ""source"": ""https://ysnews.com/news/2026/05/ordinance-2026-08""}]",,39.81,-83.89
archbold-oh,Archbold,OH,Local,Enacted,Enacted,False,,"Apr 7, 2026",2026-04-07,day,,fixed_undated,"A stated duration, but the end date isn't recorded here","Emergency resolution, 6-month moratorium on data centers, advanced manufacturing, and technology storage facilities. Passed 5-0. Extended another 6 months to ~Apr 2027 due to uncertainty around HB 646 and state study commission",https://www.northwestsignal.net/news/article_f8a39535-c2e8-41cc-bc66-392a93b62104.html,news,,2026-09-06,True,,,"[{""date"": ""2026-04-07"", ""kind"": ""enacted"", ""label"": ""Enacted"", ""source"": ""https://www.northwestsignal.net/news/article_f8a39535-c2e8-41cc-bc66-392a93b62104.html""}]",,41.52,-84.31
ashville-oh,Ashville,OH,Local,Enacted,Enacted,False,113.0,"Dec 22, 2025",2025-12-22,day,2027-01-02,until_date,Runs to a documented date,"Ordinance 2025-13, 180-day moratorium on data center zoning. Extended Jul 6 by Ord. 2026-14 for another 180 days. Triggered by EdgeConneX application for two DCs + gas plant on 195 acres. Anti-DC referendum headed to November 2026 ballot after Ohio Supreme Court ordered petition certification",http://www.circlevilleherald.com/community/ashville-village-council-extends-data-center-moratorium/article_eeb8945a-5940-4c11-abf4-f5f8d84c9208.html,news,,2026-09-06,True,195 acres,,"[{""date"": ""2025-12-22"", ""kind"": ""enacted"", ""label"": ""Enacted"", ""source"": ""http://www.circlevilleherald.com/community/ashville-village-council-extends-data-center-moratorium/article_eeb8945a-5940-4c11-abf4-f5f8d84c9208.html""}]",,39.72,-82.95
indio-ca,Indio,CA,Local,Enacted,Enacted,False,35.0,"Jun 3, 2026",2026-06-03,day,2026-10-16,until_date,Runs to a documented date,"Urgency Ordinance 1838 under Cal. Gov. Code 65858, originally 45 days, extended unanimously on Jul 15 by 90 days and now running through Oct 16, 2026. Council has directed staff to draft a PERMANENT ban in all zones, which the planning commission has already recommended, so the likely end state is a ban rather than a lapse. The city's sustainability commission told council that large data centers are unsustainable for a desert city already stretched on water and power",https://www.nbcpalmsprings.com/2026/07/16/indio-city-council-extends-data-center-moratorium-with-planning-commission-already-recommending-a-full-ban,news,,2026-08-23,True,,,"[{""date"": ""2026-06-03"", ""kind"": ""enacted"", ""label"": ""Enacted"", ""source"": ""https://www.nbcpalmsprings.com/2026/07/16/indio-city-council-extends-data-center-moratorium-with-planning-commission-already-recommending-a-full-ban""}]",,33.72,-116.22
neosho-mo,Neosho,MO,Local,Enacted,Enacted,False,299.0,"Jul 7, 2026",2026-07-07,day,2027-07-07,until_date,Runs to a documented date,"One-year moratorium inside the city, unanimous, while the city writes standards for construction and operation; at least one company had approached property owners about buying land in the city limits. Coverage dated the vote to a Tuesday, matching the Jul 7 recorded upstream rather than the Jul 8 in the copy",https://www.joplinglobe.com/news/neosho-city-council-approves-1-year-data-center-moratorium/article_4ab12016-38a2-4d5f-afe1-2121918ddcf9.html,news,,2026-08-23,True,,,"[{""date"": ""2026-07-07"", ""kind"": ""enacted"", ""label"": ""Enacted"", ""source"": ""https://www.joplinglobe.com/news/neosho-city-council-approves-1-year-data-center-moratorium/article_4ab12016-38a2-4d5f-afe1-2121918ddcf9.html""}]",,36.87,-94.37
camdenton-mo,Camdenton,MO,Local,Enacted,Enacted,False,236.0,"May 5, 2026",2026-05-05,day,2027-05-05,until_date,Runs to a documented date,"One-year moratorium on data center approvals, unanimous, adopted the same night the board rescinded its support for a proposed opportunity zone. The city found its code does not adequately address the land use, infrastructure and utility demands of data centers. Mayor John McNabb said the city may not need the full twelve months before adopting an ordinance","https://www.lakenewsonline.com/stories/camdenton-aldermen-rescind-support-for-opportunity-zone-approve-moratorium-on-data-centers,199992",news,,2026-08-23,True,,,"[{""date"": ""2026-05-05"", ""kind"": ""enacted"", ""label"": ""Enacted"", ""source"": ""https://www.lakenewsonline.com/stories/camdenton-aldermen-rescind-support-for-opportunity-zone-approve-moratorium-on-data-centers,199992""}]",,38.01,-92.74
calvert-county-md,Calvert County,MD,Local,Enacted,Enacted,False,170.0,"Aug 18, 2026",2026-08-18,day,2027-02-28,until_date,Runs to a documented date,"Six-month pause on data center site plan applications, unanimous; effective Aug 28, 2026. No site plan applications are accepted during the pause while the commissioners consider whether to change the zoning ordinance's treatment of data centers as a permitted use. Follows Amazon's withdrawal from a build at the Calvert Cliffs nuclear plant",https://www.calvertcountymd.gov/m/newsflash/home/detail/3201,official,,2026-08-30,True,,,"[{""date"": ""2026-08-18"", ""kind"": ""enacted"", ""label"": ""Enacted"", ""source"": ""https://www.calvertcountymd.gov/m/newsflash/home/detail/3201""}]",,38.54,-76.58
carlton-county-mn,Carlton County,MN,Local,Enacted,Enacted,False,347.0,"Aug 24, 2026",2026-08-24,day,2027-08-24,until_date,Runs to a documented date,"One-year interim ordinance, unanimous, effective immediately; bars approval of new data center development in every county township, including crypto mining and AI compute. Directs the planning commission to study whether county regulation is needed, with a progress report due back to the board by February 2027",https://www.kaxe.org/local-news/2026-08-26/carlton-county-approves-1-year-data-center-moratorium,news,,2026-08-30,True,,,"[{""date"": ""2026-08-24"", ""kind"": ""enacted"", ""label"": ""Enacted"", ""source"": ""https://www.kaxe.org/local-news/2026-08-26/carlton-county-approves-1-year-data-center-moratorium""}]",,46.66,-92.42
emmet-county-ia,Emmet County,IA,Local,Enacted,Enacted,False,348.0,"Aug 25, 2026",2026-08-25,day,2027-08-25,until_date,Runs to a documented date,"One-year moratorium, unanimous, adopted before any data center had been proposed in the county. Board chair Lisa Hansen cited water usage and possible contaminants in returned process water; the year gives planning and zoning time to draft a data center ordinance",https://www.ktiv.com/2026/08/25/emmet-county-ia-approves-one-year-data-center-moratorium/,news,,2026-08-30,True,,,"[{""date"": ""2026-08-25"", ""kind"": ""enacted"", ""label"": ""Enacted"", ""source"": ""https://www.ktiv.com/2026/08/25/emmet-county-ia-approves-one-year-data-center-moratorium/""}]",,43.4,-94.83
palm-springs-ca,Palm Springs,CA,Local,Enacted,Enacted,False,29.0,"Aug 26, 2026",2026-08-26,day,2026-10-10,until_date,Runs to a documented date,"45-day pause on large-scale data center projects, unanimous, sponsored by Councilmember Grace Garner, while the city studies whether additional regulation is needed. Part of the Coachella Valley wave alongside Desert Hot Springs, Indio and Coachella",https://kesq.com/news/2026/08/26/palm-springs-city-council-approves-temporary-data-center-moratorium/,news,,2026-08-30,True,,,"[{""date"": ""2026-08-26"", ""kind"": ""enacted"", ""label"": ""Enacted"", ""source"": ""https://kesq.com/news/2026/08/26/palm-springs-city-council-approves-temporary-data-center-moratorium/""}]",,33.83,-116.55
bloomingdale-ga,Bloomingdale,GA,Local,Enacted,Enacted,False,,Reported Aug 2026,2026-08-01,month,,fixed_undated,"A stated duration, but the end date isn't recorded here","180-day pause on data center applications, permits, licenses, construction and operation, reported to run until February 2027. Mayor Dennis Baxter said the city has no ordinance addressing data centers and may lack the infrastructure for one. The adoption date is not stated in the coverage read, so no end date is recorded -- confirm before citing it as active",https://www.wsav.com/news/local-news/bloomingdale-city-council-approves-data-center-moratorium/,news,,2026-08-30,True,,,"[{""date"": ""2026-08-01"", ""kind"": ""enacted"", ""label"": ""Enacted"", ""source"": ""https://www.wsav.com/news/local-news/bloomingdale-city-council-approves-data-center-moratorium/""}]",,32.13,-81.3
millville-nj,Millville,NJ,Local,Enacted,Enacted,False,,"May 19, 2026",2026-05-19,day,,standing,No end date by design — a permanent ban or standing statute,"Board of Commissioners banned data centers citywide, calling them ""incompatible with the City's land use planning objectives, infrastructure capacity, and community character."" The vote killed the A1 Data Center campus, a 2.6 million sq ft proposal that would have drawn roughly 1.4 GW -- the largest data center ever blocked in New Jersey. Millville borders Vineland, where the DataOne/Nebius campus was already under construction",https://newjersey.news12.com/2026/05/20/millville-bans-data-centers-killing-largest-proposed-facility-in-new-jersey-history/77eDMHsKNvb6HkPeGLzLLN,news,,2026-08-30,True,,,"[{""date"": ""2026-05-19"", ""kind"": ""enacted"", ""label"": ""Enacted"", ""source"": ""https://newjersey.news12.com/2026/05/20/millville-bans-data-centers-killing-largest-proposed-facility-in-new-jersey-history/77eDMHsKNvb6HkPeGLzLLN""}]",,39.39,-75.04
bayonne-nj,Bayonne,NJ,Local,Enacted,Enacted,False,,"Aug 12, 2026",2026-08-12,day,,standing,No end date by design — a permanent ban or standing statute,"City Council voted 5-0 to add data centers to the list of non-permitted uses citywide, after months of resident organizing. Introduced at the July 2026 council meeting",https://jerseyvindicator.org/2026/08/14/bayonne-says-no-to-new-data-centers/,news,,2026-08-30,True,,,"[{""date"": ""2026-08-12"", ""kind"": ""enacted"", ""label"": ""Enacted"", ""source"": ""https://jerseyvindicator.org/2026/08/14/bayonne-says-no-to-new-data-centers/""}]",,40.67,-74.11
north-brunswick-nj,North Brunswick,NJ,Local,Enacted,Enacted,False,,"Aug 25, 2026",2026-08-25,day,,standing,No end date by design — a permanent ban or standing statute,Banned data centers the same night as East Brunswick and Stafford Township,https://www.roi-nj.com/2026/08/25/industry/energy-utilities/north-brunswick-east-brunswick-and-stafford-township-ban-data-centers/,roundup,,2026-08-30,True,,,"[{""date"": ""2026-08-25"", ""kind"": ""enacted"", ""label"": ""Enacted"", ""source"": ""https://www.roi-nj.com/2026/08/25/industry/energy-utilities/north-brunswick-east-brunswick-and-stafford-township-ban-data-centers/""}]",,40.45,-74.48
stafford-township-nj,Stafford Township,NJ,Local,Enacted,Enacted,False,,"Aug 25, 2026",2026-08-25,day,,standing,No end date by design — a permanent ban or standing statute,Banned data centers the same night as North Brunswick and East Brunswick,https://www.roi-nj.com/2026/08/25/industry/energy-utilities/north-brunswick-east-brunswick-and-stafford-township-ban-data-centers/,roundup,,2026-08-30,True,,,"[{""date"": ""2026-08-25"", ""kind"": ""enacted"", ""label"": ""Enacted"", ""source"": ""https://www.roi-nj.com/2026/08/25/industry/energy-utilities/north-brunswick-east-brunswick-and-stafford-township-ban-data-centers/""}]",,39.69,-74.28
pemberton-township-nj,Pemberton Township,NJ,Local,Enacted,Enacted,False,,Feb 2026,2026-02-01,month,,standing,No end date by design — a permanent ban or standing statute,Ordinance 10-2026 prohibits the construction and operation of data centers township-wide. One of the earliest municipal bans in the state,https://nj1015.com/new-jersey-ai-data-center-bans/,roundup,,2026-08-30,True,,,"[{""date"": ""2026-02-01"", ""kind"": ""enacted"", ""label"": ""Enacted"", ""source"": ""https://nj1015.com/new-jersey-ai-data-center-bans/""}]",,39.93,-74.61
harrison-township-nj,Harrison Township,NJ,Local,Enacted,Enacted,False,,By May 2026,2026-05-01,month,,standing,No end date by design — a permanent ban or standing statute,Gloucester County township banned data centers; the exact adoption date is not given in the coverage read,https://nj1015.com/new-jersey-ai-data-center-bans/,roundup,,2026-08-30,True,,,"[{""date"": ""2026-05-01"", ""kind"": ""enacted"", ""label"": ""Enacted"", ""source"": ""https://nj1015.com/new-jersey-ai-data-center-bans/""}]",,39.72,-75.25
logan-township-nj,Logan Township,NJ,Local,Enacted,Enacted,False,,By May 2026,2026-05-01,month,,standing,No end date by design — a permanent ban or standing statute,Gloucester County township banned data centers after the mayor knocked down rumors of a large facility ('Earth Station-76') the township says was never formally proposed,https://nj1015.com/new-jersey-ai-data-center-bans/,roundup,,2026-08-30,True,,,"[{""date"": ""2026-05-01"", ""kind"": ""enacted"", ""label"": ""Enacted"", ""source"": ""https://nj1015.com/new-jersey-ai-data-center-bans/""}]",,39.77,-75.36
east-greenwich-township-nj,East Greenwich Township,NJ,Local,Enacted,Enacted,False,,2026,2026-01-01,year,,unknown,Term not documented,"Adopted an ordinance prohibiting future data center development after resident opposition to the Mt. Royal Data Storage Facility, a 16,000 sq ft proposal American Tower withdrew. The adoption date is not given in the coverage read",https://pinelandsalliance.org/datacenters/,roundup,,2026-08-30,True,"16,000 sq ft",,"[{""date"": ""2026-01-01"", ""kind"": ""enacted"", ""label"": ""Enacted"", ""source"": ""https://pinelandsalliance.org/datacenters/""}]",,39.79,-75.26
mantua-township-nj,Mantua Township,NJ,Local,Enacted,Enacted,False,,"May 11, 2026",2026-05-11,day,,standing,No end date by design — a permanent ban or standing statute,Township's own public-records page confirms adoption of an ordinance banning data centers; no duration or sunset clause stated.,https://mantuatownship.com/public-records/mantua-township-adopts-ordinance-banning-data-centers-published-may-11-2026/,news,,2026-08-30,True,,,"[{""date"": ""2026-05-11"", ""kind"": ""enacted"", ""label"": ""Enacted"", ""source"": ""https://mantuatownship.com/public-records/mantua-township-adopts-ordinance-banning-data-centers-published-may-11-2026/""}]",,39.79,-75.18
alpha-nj,Alpha,NJ,Local,Enacted,Enacted,False,,Listed Aug 2026,2026-08-01,month,,unknown,Term not documented,"Listed among the 69 New Jersey municipalities with an enacted data center ban on the Pinelands Preservation Alliance's tracker, last updated Aug 27, 2026. The adoption date and ordinance number are not given in that source -- confirm with the municipal clerk before citing this row at a hearing.",https://pinelandsalliance.org/datacenters/,roundup,,2026-08-30,True,,,"[{""date"": ""2026-08-01"", ""kind"": ""enacted"", ""label"": ""Enacted"", ""source"": ""https://pinelandsalliance.org/datacenters/""}]",,40.66,-75.16
bass-river-township-nj,Bass River Township,NJ,Local,Enacted,Enacted,False,,Listed Aug 2026,2026-08-01,month,,unknown,Term not documented,"Listed among the 69 New Jersey municipalities with an enacted data center ban on the Pinelands Preservation Alliance's tracker, last updated Aug 27, 2026. The adoption date and ordinance number are not given in that source -- confirm with the municipal clerk before citing this row at a hearing.",https://pinelandsalliance.org/datacenters/,roundup,,2026-08-30,True,,,"[{""date"": ""2026-08-01"", ""kind"": ""enacted"", ""label"": ""Enacted"", ""source"": ""https://pinelandsalliance.org/datacenters/""}]",,39.62,-74.44
berkeley-township-nj,Berkeley Township,NJ,Local,Enacted,Enacted,False,,Listed Aug 2026,2026-08-01,month,,unknown,Term not documented,"Listed among the 69 New Jersey municipalities with an enacted data center ban on the Pinelands Preservation Alliance's tracker, last updated Aug 27, 2026. The adoption date and ordinance number are not given in that source -- confirm with the municipal clerk before citing this row at a hearing.",https://pinelandsalliance.org/datacenters/,roundup,,2026-08-30,True,,,"[{""date"": ""2026-08-01"", ""kind"": ""enacted"", ""label"": ""Enacted"", ""source"": ""https://pinelandsalliance.org/datacenters/""}]",,39.9,-74.2
bernards-township-nj,Bernards Township,NJ,Local,Enacted,Enacted,False,,"Jun 24, 2026",2026-06-24,day,,standing,No end date by design — a permanent ban or standing statute,"Ordinance 2599, introduced May 26 and adopted unanimously June 24, 2026; township-wide ban exempting hospitals, public safety, and utility infrastructure.",https://patch.com/new-jersey/baskingridge/data-centers-banned-bernards-township-after-committee-vote,news,,2026-08-30,True,,,"[{""date"": ""2026-06-24"", ""kind"": ""enacted"", ""label"": ""Enacted"", ""source"": ""https://patch.com/new-jersey/baskingridge/data-centers-banned-bernards-township-after-committee-vote""}]",,40.68,-74.57
carneys-point-nj,Carneys Point,NJ,Local,Enacted,Enacted,False,,Listed Aug 2026,2026-08-01,month,,unknown,Term not documented,"Listed among the 69 New Jersey municipalities with an enacted data center ban on the Pinelands Preservation Alliance's tracker, last updated Aug 27, 2026. The adoption date and ordinance number are not given in that source -- confirm with the municipal clerk before citing this row at a hearing.",https://pinelandsalliance.org/datacenters/,roundup,,2026-08-30,True,,,"[{""date"": ""2026-08-01"", ""kind"": ""enacted"", ""label"": ""Enacted"", ""source"": ""https://pinelandsalliance.org/datacenters/""}]",,39.71,-75.47
cinnaminson-nj,Cinnaminson,NJ,Local,Enacted,Enacted,False,,Listed Aug 2026,2026-08-01,month,,unknown,Term not documented,"Listed among the 69 New Jersey municipalities with an enacted data center ban on the Pinelands Preservation Alliance's tracker, last updated Aug 27, 2026. The adoption date and ordinance number are not given in that source -- confirm with the municipal clerk before citing this row at a hearing.",https://pinelandsalliance.org/datacenters/,roundup,,2026-08-30,True,,,"[{""date"": ""2026-08-01"", ""kind"": ""enacted"", ""label"": ""Enacted"", ""source"": ""https://pinelandsalliance.org/datacenters/""}]",,40.0,-74.99
deerfield-township-nj,Deerfield Township,NJ,Local,Enacted,Enacted,False,,Listed Aug 2026,2026-08-01,month,,unknown,Term not documented,"Listed among the 69 New Jersey municipalities with an enacted data center ban on the Pinelands Preservation Alliance's tracker, last updated Aug 27, 2026. The adoption date and ordinance number are not given in that source -- confirm with the municipal clerk before citing this row at a hearing.",https://pinelandsalliance.org/datacenters/,roundup,,2026-08-30,True,,,"[{""date"": ""2026-08-01"", ""kind"": ""enacted"", ""label"": ""Enacted"", ""source"": ""https://pinelandsalliance.org/datacenters/""}]",,39.51,-75.22
delanco-nj,Delanco,NJ,Local,Enacted,Enacted,False,,Listed Aug 2026,2026-08-01,month,,unknown,Term not documented,"Listed among the 69 New Jersey municipalities with an enacted data center ban on the Pinelands Preservation Alliance's tracker, last updated Aug 27, 2026. The adoption date and ordinance number are not given in that source -- confirm with the municipal clerk before citing this row at a hearing.",https://pinelandsalliance.org/datacenters/,roundup,,2026-08-30,True,,,"[{""date"": ""2026-08-01"", ""kind"": ""enacted"", ""label"": ""Enacted"", ""source"": ""https://pinelandsalliance.org/datacenters/""}]",,40.05,-74.95
delaware-township-nj,Delaware Township,NJ,Local,Enacted,Enacted,False,,Listed Aug 2026,2026-08-01,month,,unknown,Term not documented,"Listed among the 69 New Jersey municipalities with an enacted data center ban on the Pinelands Preservation Alliance's tracker, last updated Aug 27, 2026. The adoption date and ordinance number are not given in that source -- confirm with the municipal clerk before citing this row at a hearing.",https://pinelandsalliance.org/datacenters/,roundup,,2026-08-30,True,,,"[{""date"": ""2026-08-01"", ""kind"": ""enacted"", ""label"": ""Enacted"", ""source"": ""https://pinelandsalliance.org/datacenters/""}]",,40.44,-74.97
downe-township-nj,Downe Township,NJ,Local,Enacted,Enacted,False,,Listed Aug 2026,2026-08-01,month,,unknown,Term not documented,"Listed among the 69 New Jersey municipalities with an enacted data center ban on the Pinelands Preservation Alliance's tracker, last updated Aug 27, 2026. The adoption date and ordinance number are not given in that source -- confirm with the municipal clerk before citing this row at a hearing.",https://pinelandsalliance.org/datacenters/,roundup,,2026-08-30,True,,,"[{""date"": ""2026-08-01"", ""kind"": ""enacted"", ""label"": ""Enacted"", ""source"": ""https://pinelandsalliance.org/datacenters/""}]",,39.28,-75.13
east-rutherford-nj,East Rutherford,NJ,Local,Enacted,Enacted,False,,Listed Aug 2026,2026-08-01,month,,unknown,Term not documented,"Listed among the 69 New Jersey municipalities with an enacted data center ban on the Pinelands Preservation Alliance's tracker, last updated Aug 27, 2026. The adoption date and ordinance number are not given in that source -- confirm with the municipal clerk before citing this row at a hearing.",https://pinelandsalliance.org/datacenters/,roundup,,2026-08-30,True,,,"[{""date"": ""2026-08-01"", ""kind"": ""enacted"", ""label"": ""Enacted"", ""source"": ""https://pinelandsalliance.org/datacenters/""}]",,40.83,-74.09
edgewater-park-nj,Edgewater Park,NJ,Local,Enacted,Enacted,False,,Listed Aug 2026,2026-08-01,month,,unknown,Term not documented,"Listed among the 69 New Jersey municipalities with an enacted data center ban on the Pinelands Preservation Alliance's tracker, last updated Aug 27, 2026. The adoption date and ordinance number are not given in that source -- confirm with the municipal clerk before citing this row at a hearing.",https://pinelandsalliance.org/datacenters/,roundup,,2026-08-30,True,,,"[{""date"": ""2026-08-01"", ""kind"": ""enacted"", ""label"": ""Enacted"", ""source"": ""https://pinelandsalliance.org/datacenters/""}]",,40.05,-74.91
elsinboro-nj,Elsinboro,NJ,Local,Enacted,Enacted,False,,Listed Aug 2026,2026-08-01,month,,unknown,Term not documented,"Listed among the 69 New Jersey municipalities with an enacted data center ban on the Pinelands Preservation Alliance's tracker, last updated Aug 27, 2026. The adoption date and ordinance number are not given in that source -- confirm with the municipal clerk before citing this row at a hearing.",https://pinelandsalliance.org/datacenters/,roundup,,2026-08-30,True,,,"[{""date"": ""2026-08-01"", ""kind"": ""enacted"", ""label"": ""Enacted"", ""source"": ""https://pinelandsalliance.org/datacenters/""}]",,39.56,-75.51
frelinghuysen-township-nj,Frelinghuysen Township,NJ,Local,Enacted,Enacted,False,,Listed Aug 2026,2026-08-01,month,,unknown,Term not documented,"Listed among the 69 New Jersey municipalities with an enacted data center ban on the Pinelands Preservation Alliance's tracker, last updated Aug 27, 2026. The adoption date and ordinance number are not given in that source -- confirm with the municipal clerk before citing this row at a hearing.",https://pinelandsalliance.org/datacenters/,roundup,,2026-08-30,True,,,"[{""date"": ""2026-08-01"", ""kind"": ""enacted"", ""label"": ""Enacted"", ""source"": ""https://pinelandsalliance.org/datacenters/""}]",,40.94,-74.93
green-township-nj,Green Township,NJ,Local,Enacted,Enacted,False,,Listed Aug 2026,2026-08-01,month,,unknown,Term not documented,"Listed among the 69 New Jersey municipalities with an enacted data center ban on the Pinelands Preservation Alliance's tracker, last updated Aug 27, 2026. DISPUTED: a Mar 2026 local report describes the township only beginning a zoning/moratorium process, not adopting a ban -- this row needs a primary-source recheck before being cited as an enacted ban.",https://pinelandsalliance.org/datacenters/,roundup,,2026-08-30,True,,,"[{""date"": ""2026-08-01"", ""kind"": ""enacted"", ""label"": ""Enacted"", ""source"": ""https://pinelandsalliance.org/datacenters/""}]",,40.94,-74.79
hainesport-nj,Hainesport,NJ,Local,Enacted,Enacted,False,,Listed Aug 2026,2026-08-01,month,,unknown,Term not documented,"Listed among the 69 New Jersey municipalities with an enacted data center ban on the Pinelands Preservation Alliance's tracker, last updated Aug 27, 2026. The adoption date and ordinance number are not given in that source -- confirm with the municipal clerk before citing this row at a hearing.",https://pinelandsalliance.org/datacenters/,roundup,,2026-08-30,True,,,"[{""date"": ""2026-08-01"", ""kind"": ""enacted"", ""label"": ""Enacted"", ""source"": ""https://pinelandsalliance.org/datacenters/""}]",,39.98,-74.83
holmdel-nj,Holmdel,NJ,Local,Enacted,Enacted,False,,"Aug 11, 2026",2026-08-11,day,,standing,No end date by design — a permanent ban or standing statute,"Ordinance 2026-16, introduced July 21 and adopted August 11, 2026; data centers are a prohibited use, no sunset stated.",https://www.thecooldown.com/green-tech/holmdel-township-bans-data-centers/,news,,2026-08-30,True,,,"[{""date"": ""2026-08-11"", ""kind"": ""enacted"", ""label"": ""Enacted"", ""source"": ""https://www.thecooldown.com/green-tech/holmdel-township-bans-data-centers/""}]",,40.37,-74.17
jackson-township-nj,Jackson Township,NJ,Local,Enacted,Enacted,False,,"Aug 27, 2026",2026-08-27,day,,standing,No end date by design — a permanent ban or standing statute,"Ordinance 2026-25, adopted 4-1 on August 27, 2026 after a 3-2 introduction vote; data centers are not a permitted or conditional use in any zoning district.",https://www.jerseyshoreonline.com/jackson/jackson-votes-to-ban-data-centers/,news,,2026-08-30,True,,,"[{""date"": ""2026-08-27"", ""kind"": ""enacted"", ""label"": ""Enacted"", ""source"": ""https://www.jerseyshoreonline.com/jackson/jackson-votes-to-ban-data-centers/""}]",,40.1,-74.35
kingwood-township-nj,Kingwood Township,NJ,Local,Enacted,Enacted,False,,Listed Aug 2026,2026-08-01,month,,unknown,Term not documented,"Listed among the 69 New Jersey municipalities with an enacted data center ban on the Pinelands Preservation Alliance's tracker, last updated Aug 27, 2026. The adoption date and ordinance number are not given in that source -- confirm with the municipal clerk before citing this row at a hearing.",https://pinelandsalliance.org/datacenters/,roundup,,2026-08-30,True,,,"[{""date"": ""2026-08-01"", ""kind"": ""enacted"", ""label"": ""Enacted"", ""source"": ""https://pinelandsalliance.org/datacenters/""}]",,40.51,-75.02
knowlton-township-nj,Knowlton Township,NJ,Local,Enacted,Enacted,False,,Listed Aug 2026,2026-08-01,month,,unknown,Term not documented,"Listed among the 69 New Jersey municipalities with an enacted data center ban on the Pinelands Preservation Alliance's tracker, last updated Aug 27, 2026. The adoption date and ordinance number are not given in that source -- confirm with the municipal clerk before citing this row at a hearing.",https://pinelandsalliance.org/datacenters/,roundup,,2026-08-30,True,,,"[{""date"": ""2026-08-01"", ""kind"": ""enacted"", ""label"": ""Enacted"", ""source"": ""https://pinelandsalliance.org/datacenters/""}]",,40.92,-75.05
lebanon-township-nj,Lebanon Township,NJ,Local,Enacted,Enacted,False,,Listed Aug 2026,2026-08-01,month,,unknown,Term not documented,"Listed among the 69 New Jersey municipalities with an enacted data center ban on the Pinelands Preservation Alliance's tracker, last updated Aug 27, 2026. The adoption date and ordinance number are not given in that source -- confirm with the municipal clerk before citing this row at a hearing.",https://pinelandsalliance.org/datacenters/,roundup,,2026-08-30,True,,,"[{""date"": ""2026-08-01"", ""kind"": ""enacted"", ""label"": ""Enacted"", ""source"": ""https://pinelandsalliance.org/datacenters/""}]",,40.75,-74.83
liberty-township-nj,Liberty Township,NJ,Local,Enacted,Enacted,False,,Listed Aug 2026,2026-08-01,month,,unknown,Term not documented,"Listed among the 69 New Jersey municipalities with an enacted data center ban on the Pinelands Preservation Alliance's tracker, last updated Aug 27, 2026. The adoption date and ordinance number are not given in that source -- confirm with the municipal clerk before citing this row at a hearing.",https://pinelandsalliance.org/datacenters/,roundup,,2026-08-30,True,,,"[{""date"": ""2026-08-01"", ""kind"": ""enacted"", ""label"": ""Enacted"", ""source"": ""https://pinelandsalliance.org/datacenters/""}]",,40.85,-74.98
madison-nj,Madison,NJ,Local,Enacted,Enacted,False,,"Jun 9, 2026",2026-06-09,day,,standing,No end date by design — a permanent ban or standing statute,"Ordinance 27-2026, unanimous council vote; amends Chapter 195 to prohibit data centers as a use. Planning board found it consistent with the master plan.",https://patch.com/new-jersey/madison/data-centers-now-prohibited-madison-after-unanimous-council-vote,news,,2026-08-30,True,,,"[{""date"": ""2026-06-09"", ""kind"": ""enacted"", ""label"": ""Enacted"", ""source"": ""https://patch.com/new-jersey/madison/data-centers-now-prohibited-madison-after-unanimous-council-vote""}]",,40.76,-74.42
mannington-township-nj,Mannington Township,NJ,Local,Enacted,Enacted,False,,Listed Aug 2026,2026-08-01,month,,unknown,Term not documented,"Listed among the 69 New Jersey municipalities with an enacted data center ban on the Pinelands Preservation Alliance's tracker, last updated Aug 27, 2026. The adoption date and ordinance number are not given in that source -- confirm with the municipal clerk before citing this row at a hearing.",https://pinelandsalliance.org/datacenters/,roundup,,2026-08-30,True,,,"[{""date"": ""2026-08-01"", ""kind"": ""enacted"", ""label"": ""Enacted"", ""source"": ""https://pinelandsalliance.org/datacenters/""}]",,39.62,-75.4
montgomery-township-nj,Montgomery Township,NJ,Local,Enacted,Enacted,False,,"Jun 18, 2026",2026-06-18,day,,standing,No end date by design — a permanent ban or standing statute,"Ordinance 26-1779, adopted unanimously June 18, 2026; amends Chapter 16 to add data centers (and detention centers) to prohibited uses townwide. Now the subject of a $300M suit by E. Khan Development.",https://www.montgomerynj.gov/ArchiveCenter/ViewFile/Item/141,official,,2026-08-30,True,,,"[{""date"": ""2026-06-18"", ""kind"": ""enacted"", ""label"": ""Enacted"", ""source"": ""https://www.montgomerynj.gov/ArchiveCenter/ViewFile/Item/141""}]",,40.44,-74.68
neptune-township-nj,Neptune Township,NJ,Local,Enacted,Enacted,False,,"Jul 13, 2026",2026-07-13,day,,standing,No end date by design — a permanent ban or standing statute,"Adopted 3-1 on July 13, 2026 per ROI-NJ; amends the land-development ordinance to prohibit data centers and DHS detention facilities. Reported there as Ordinance 26-26 -- confirm the number against a township document before citing it.",https://www.roi-nj.com/2026/07/14/industry/energy-utilities/neptune-township-becomes-25th-n-j-municipality-to-ban-data-centers/,news,,2026-08-30,True,,,"[{""date"": ""2026-07-13"", ""kind"": ""enacted"", ""label"": ""Enacted"", ""source"": ""https://www.roi-nj.com/2026/07/14/industry/energy-utilities/neptune-township-becomes-25th-n-j-municipality-to-ban-data-centers/""}]",,40.21,-74.05
north-hanover-township-nj,North Hanover Township,NJ,Local,Enacted,Enacted,False,,Listed Aug 2026,2026-08-01,month,,unknown,Term not documented,"Listed among the 69 New Jersey municipalities with an enacted data center ban on the Pinelands Preservation Alliance's tracker, last updated Aug 27, 2026. The adoption date and ordinance number are not given in that source -- confirm with the municipal clerk before citing this row at a hearing.",https://pinelandsalliance.org/datacenters/,roundup,,2026-08-30,True,,,"[{""date"": ""2026-08-01"", ""kind"": ""enacted"", ""label"": ""Enacted"", ""source"": ""https://pinelandsalliance.org/datacenters/""}]",,40.07,-74.63
old-bridge-nj,Old Bridge,NJ,Local,Enacted,Enacted,False,,2026,2026-01-01,year,,unknown,Term not documented,"Township Council directed the drafting of an ordinance prohibiting data centers in every zoning district at its June 9, 2026 meeting; the Pinelands Preservation Alliance lists Old Bridge among municipalities with an enacted ban as of Aug 27, 2026. Confirm the adoption date with the township clerk",https://www.oldbridge.com/article/3010313,news,,2026-08-30,True,,,"[{""date"": ""2026-01-01"", ""kind"": ""enacted"", ""label"": ""Enacted"", ""source"": ""https://www.oldbridge.com/article/3010313""}]",,40.42,-74.32
oldmans-township-nj,Oldmans Township,NJ,Local,Enacted,Enacted,False,,Listed Aug 2026,2026-08-01,month,,unknown,Term not documented,"Listed among the 69 New Jersey municipalities with an enacted data center ban on the Pinelands Preservation Alliance's tracker, last updated Aug 27, 2026. The adoption date and ordinance number are not given in that source -- confirm with the municipal clerk before citing this row at a hearing.",https://pinelandsalliance.org/datacenters/,roundup,,2026-08-30,True,,,"[{""date"": ""2026-08-01"", ""kind"": ""enacted"", ""label"": ""Enacted"", ""source"": ""https://pinelandsalliance.org/datacenters/""}]",,39.74,-75.42
pennsville-nj,Pennsville,NJ,Local,Enacted,Enacted,False,,"Jul 2, 2026",2026-07-02,day,,standing,No end date by design — a permanent ban or standing statute,"Ordinance A-13-2026, introduced May 21 with final passage scheduled July 2, 2026, per the township's own ordinances page.",https://www.pennsville.org/171/Township-Ordinances,news,,2026-08-30,True,,,"[{""date"": ""2026-07-02"", ""kind"": ""enacted"", ""label"": ""Enacted"", ""source"": ""https://www.pennsville.org/171/Township-Ordinances""}]",,39.65,-75.51
pilesgrove-township-nj,Pilesgrove Township,NJ,Local,Enacted,Enacted,False,,Listed Aug 2026,2026-08-01,month,,unknown,Term not documented,"Listed among the 69 New Jersey municipalities with an enacted data center ban on the Pinelands Preservation Alliance's tracker, last updated Aug 27, 2026. The adoption date and ordinance number are not given in that source -- confirm with the municipal clerk before citing this row at a hearing.",https://pinelandsalliance.org/datacenters/,roundup,,2026-08-30,True,,,"[{""date"": ""2026-08-01"", ""kind"": ""enacted"", ""label"": ""Enacted"", ""source"": ""https://pinelandsalliance.org/datacenters/""}]",,39.65,-75.3
pittsgrove-township-nj,Pittsgrove Township,NJ,Local,Enacted,Enacted,False,,2026,2026-01-01,year,,standing,No end date by design — a permanent ban or standing statute,"Ordinance 2026-06, ""Prohibiting Data Centers,"" listed on the township's own ordinances page; exact adoption date not given there.",https://www.pittsgrovetownship.com/ordinances/,news,,2026-08-30,True,,,"[{""date"": ""2026-01-01"", ""kind"": ""enacted"", ""label"": ""Enacted"", ""source"": ""https://www.pittsgrovetownship.com/ordinances/""}]",,39.55,-75.13
plumsted-township-nj,Plumsted Township,NJ,Local,Enacted,Enacted,False,,Listed Aug 2026,2026-08-01,month,,unknown,Term not documented,"Listed among the 69 New Jersey municipalities with an enacted data center ban on the Pinelands Preservation Alliance's tracker, last updated Aug 27, 2026. The adoption date and ordinance number are not given in that source -- confirm with the municipal clerk before citing this row at a hearing.",https://pinelandsalliance.org/datacenters/,roundup,,2026-08-30,True,,,"[{""date"": ""2026-08-01"", ""kind"": ""enacted"", ""label"": ""Enacted"", ""source"": ""https://pinelandsalliance.org/datacenters/""}]",,40.06,-74.48
quinton-township-nj,Quinton Township,NJ,Local,Enacted,Enacted,False,,May 2026,2026-05-01,month,,standing,No end date by design — a permanent ban or standing statute,"Township committee voted 4-1 in May 2026 to introduce a narrower ""standards"" ordinance, then reversed five days later after a heavily attended public meeting and unanimously introduced a townshipwide ban, repealing a 2025 ordinance that had allowed data centers -- per New Jersey Monitor reporting. A follow-up fetch of the article failed (403); re-read the live page before citing this at a hearing.",https://newjerseymonitor.com/2026/08/20/nj-data-center-bans-courts/,news,,2026-08-30,True,,,"[{""date"": ""2026-05-01"", ""kind"": ""enacted"", ""label"": ""Enacted"", ""source"": ""https://newjerseymonitor.com/2026/08/20/nj-data-center-bans-courts/""}]",,39.54,-75.42
upper-pittsgrove-township-nj,Upper Pittsgrove Township,NJ,Local,Enacted,Enacted,False,,Listed Aug 2026,2026-08-01,month,,unknown,Term not documented,"Listed among the 69 New Jersey municipalities with an enacted data center ban on the Pinelands Preservation Alliance's tracker, last updated Aug 27, 2026. The adoption date and ordinance number are not given in that source -- confirm with the municipal clerk before citing this row at a hearing.",https://pinelandsalliance.org/datacenters/,roundup,,2026-08-30,True,,,"[{""date"": ""2026-08-01"", ""kind"": ""enacted"", ""label"": ""Enacted"", ""source"": ""https://pinelandsalliance.org/datacenters/""}]",,39.62,-75.19
vernon-township-nj,Vernon Township,NJ,Local,Enacted,Enacted,False,,Listed Aug 2026,2026-08-01,month,,unknown,Term not documented,"Listed among the 69 New Jersey municipalities with an enacted data center ban on the Pinelands Preservation Alliance's tracker, last updated Aug 27, 2026. The adoption date and ordinance number are not given in that source -- confirm with the municipal clerk before citing this row at a hearing.",https://pinelandsalliance.org/datacenters/,roundup,,2026-08-30,True,,,"[{""date"": ""2026-08-01"", ""kind"": ""enacted"", ""label"": ""Enacted"", ""source"": ""https://pinelandsalliance.org/datacenters/""}]",,41.19,-74.5
washington-nj,Washington,NJ,Local,Enacted,Enacted,False,,Listed Aug 2026,2026-08-01,month,,unknown,Term not documented,"Listed among the 69 New Jersey municipalities with an enacted data center ban on the Pinelands Preservation Alliance's tracker, last updated Aug 27, 2026. The adoption date and ordinance number are not given in that source -- confirm with the municipal clerk before citing this row at a hearing.",https://pinelandsalliance.org/datacenters/,roundup,,2026-08-30,True,,,"[{""date"": ""2026-08-01"", ""kind"": ""enacted"", ""label"": ""Enacted"", ""source"": ""https://pinelandsalliance.org/datacenters/""}]",,40.76,-74.98
winslow-township-nj,Winslow Township,NJ,Local,Enacted,Enacted,False,,"May 26, 2026",2026-05-26,day,,standing,No end date by design — a permanent ban or standing statute,"First reading passed April 14 and second reading/public hearing was held May 26, 2026, per South Jersey Media reporting; data centers are a prohibited use.",https://southjersey.media/featured/township-moves-to-prohibit-data-centers/,news,,2026-08-30,True,,,"[{""date"": ""2026-05-26"", ""kind"": ""enacted"", ""label"": ""Enacted"", ""source"": ""https://southjersey.media/featured/township-moves-to-prohibit-data-centers/""}]",,39.65,-74.9
woodstown-nj,Woodstown,NJ,Local,Enacted,Enacted,False,,Listed Aug 2026,2026-08-01,month,,unknown,Term not documented,"Listed among the 69 New Jersey municipalities with an enacted data center ban on the Pinelands Preservation Alliance's tracker, last updated Aug 27, 2026. The adoption date and ordinance number are not given in that source -- confirm with the municipal clerk before citing this row at a hearing.",https://pinelandsalliance.org/datacenters/,roundup,,2026-08-30,True,,,"[{""date"": ""2026-08-01"", ""kind"": ""enacted"", ""label"": ""Enacted"", ""source"": ""https://pinelandsalliance.org/datacenters/""}]",,39.65,-75.33
st-croix-county-wi,St. Croix County,WI,Local,Enacted,Enacted,False,355.0,"Sep 1, 2026",2026-09-01,day,2027-09-01,until_date,Runs to a documented date,"1-year moratorium on medium- and large-scale data centers, 18-0, in unincorporated areas under county zoning -- does not apply to the towns of Forest, Hudson, St. Joseph, or Troy, which zone themselves",https://www.hudsonstarobserver.com/news/st-croix-county-board-of-supervisors-approves-data-center-moratorium-unanimously/article_ffb0d3f1-77a5-43c7-8ba5-e9fd44b1aa32.html,news,,2026-09-02,True,,,"[{""date"": ""2026-09-01"", ""kind"": ""enacted"", ""label"": ""Enacted"", ""source"": ""https://www.hudsonstarobserver.com/news/st-croix-county-board-of-supervisors-approves-data-center-moratorium-unanimously/article_ffb0d3f1-77a5-43c7-8ba5-e9fd44b1aa32.html""}]",,44.98,-92.55
garfield-township-mi,Garfield Township,MI,Local,Enacted,Enacted,False,348.0,"Aug 25, 2026",2026-08-25,day,2027-08-25,until_date,Runs to a documented date,"1-year moratorium on data centers and cryptocurrency mining facilities, unanimous, to allow a zoning-ordinance update; township policy allows a further 6-month extension if the update isn't finished, which is not yet in effect",https://www.interlochenpublicradio.org/2026-08-26/garfield-township-puts-a-1-year-ban-on-data-centers-cryptocurrency-mining,news,,2026-09-02,True,,,"[{""date"": ""2026-08-25"", ""kind"": ""enacted"", ""label"": ""Enacted"", ""source"": ""https://www.interlochenpublicradio.org/2026-08-26/garfield-township-puts-a-1-year-ban-on-data-centers-cryptocurrency-mining""}]",,44.71,-85.59
woodland-park-co,Woodland Park,CO,Local,Enacted,Enacted,False,492.0,"Jul 16, 2026",2026-07-16,day,2028-01-16,until_date,Runs to a documented date,"18-month moratorium on submitting, accepting, processing, or approving data center applications, adopted to study regulations other Colorado municipalities are writing",https://gazette.com/2026/07/17/woodland-park-passes-moratorium-on-data-centers/,news,,2026-09-02,True,,,"[{""date"": ""2026-07-16"", ""kind"": ""enacted"", ""label"": ""Enacted"", ""source"": ""https://gazette.com/2026/07/17/woodland-park-passes-moratorium-on-data-centers/""}]",,38.99,-105.06
zephyrhills-fl,Zephyrhills,FL,Local,Enacted,Enacted,False,284.0,"Jun 22, 2026",2026-06-22,day,2027-06-22,until_date,Runs to a documented date,"1-year moratorium on data center building permits, rezonings, and site plans, final vote unanimous; no applications had been filed at the time",https://www.wusf.org/politics-issues/2026-06-24/zephyrhills-city-council-one-year-moratorium-data-centers,news,,2026-09-02,True,,rezoning,"[{""date"": ""2026-06-22"", ""kind"": ""enacted"", ""label"": ""Enacted"", ""source"": ""https://www.wusf.org/politics-issues/2026-06-24/zephyrhills-city-council-one-year-moratorium-data-centers""}]",,28.23,-82.18
monument-co,Monument,CO,Local,Enacted,Enacted,False,131.0,"Jul 20, 2026",2026-07-20,day,2027-01-20,until_date,Runs to a documented date,"Ordinance 18-2026: 6-month moratorium on accepting or processing data center land-development applications, unanimous -- first municipality in El Paso County to adopt one",https://wp.ocn.me/v26n8montc-2/,news,,2026-09-02,True,,,"[{""date"": ""2026-07-20"", ""kind"": ""enacted"", ""label"": ""Enacted"", ""source"": ""https://wp.ocn.me/v26n8montc-2/""}]",,39.09,-104.87
cache-county-ut,Cache County,UT,Local,Enacted,Enacted,False,100.0,"Jun 23, 2026",2026-06-23,day,2026-12-20,until_date,Runs to a documented date,"180-day moratorium on new data center approvals, 6-0 (one absent); unincorporated county only. Staff said the county code had no definitions or standards for data centers",https://www.upr.org/politics/2026-07-01/as-data-centers-weigh-on-utahns-minds-another-county-has-hit-pause,news,,2026-09-05,True,,,"[{""date"": ""2026-06-23"", ""kind"": ""enacted"", ""label"": ""Enacted"", ""source"": ""https://www.upr.org/politics/2026-07-01/as-data-centers-weigh-on-utahns-minds-another-county-has-hit-pause""}]",,41.72,-111.83
box-elder-county-ut,Box Elder County,UT,Local,Enacted,Enacted,False,87.0,"Jun 10, 2026",2026-06-10,day,2026-12-07,until_date,Runs to a documented date,"180-day moratorium on new data centers and data center power plants on unincorporated land, unanimous (3-0). Does not reach the Stratos project: the county had already ceded land-use authority over that site to Utah's Military Installation Development Authority for 50 years",https://www.upr.org/utah-news/2026-06-17/box-elder-data-center-moratorium-stratos,news,,2026-09-05,True,,,"[{""date"": ""2026-06-10"", ""kind"": ""enacted"", ""label"": ""Enacted"", ""source"": ""https://www.upr.org/utah-news/2026-06-17/box-elder-data-center-moratorium-stratos""}]",,41.51,-112.02
logan-ut,Logan,UT,Local,Enacted,Enacted,False,107.0,"Jun 30, 2026",2026-06-30,day,2026-12-27,until_date,Runs to a documented date,"180-day temporary land use regulation (Ordinance 26-12): the city will not accept, process or approve any application or permit for a data center or data center power plant within city limits while it writes permanent rules. End date is 180 days from adoption",https://www.loganutah.gov/news_detail_T2_R412.php,official,,2026-09-05,True,,,"[{""date"": ""2026-06-30"", ""kind"": ""enacted"", ""label"": ""Enacted"", ""source"": ""https://www.loganutah.gov/news_detail_T2_R412.php""}]",,41.74,-111.83
grand-county-ut,Grand County,UT,Local,Enacted,Enacted,False,114.0,"Jul 7, 2026",2026-07-07,day,2027-01-03,until_date,Runs to a documented date,"180-day temporary land use regulation, unanimous: pauses acceptance, processing and approval of applications, permits and licenses for data centers, data center power plants and associated digital infrastructure. Pre-emptive -- nothing was in the queue",https://www.moabtimes.com/articles/grand-county-pauses-data-center-applications-to-develop-new-land-use-rules/,news,,2026-09-05,True,,,"[{""date"": ""2026-07-07"", ""kind"": ""enacted"", ""label"": ""Enacted"", ""source"": ""https://www.moabtimes.com/articles/grand-county-pauses-data-center-applications-to-develop-new-land-use-rules/""}]",,38.57,-109.55
wayne-county-ut,Wayne County,UT,Local,Enacted,Enacted,False,128.0,"Jul 21, 2026",2026-07-21,day,2027-01-17,until_date,Runs to a documented date,"Resolution 2026-04: immediate 180-day moratorium on all land use applications for data centers, data center power plants (explicitly including nuclear) and supporting digital infrastructure, unanimous. County code did not address data centers at all",https://ironcountytoday.com/2026/07/21/industrial-developers-target-rural-utah-as-wayne-county-enacts-temporary-freeze-community-urged-to-stay-vigilant/,news,,2026-09-05,True,,,"[{""date"": ""2026-07-21"", ""kind"": ""enacted"", ""label"": ""Enacted"", ""source"": ""https://ironcountytoday.com/2026/07/21/industrial-developers-target-rural-utah-as-wayne-county-enacts-temporary-freeze-community-urged-to-stay-vigilant/""}]",,38.4,-111.64
humboldt-county-nv,Humboldt County,NV,Local,Enacted,Enacted,False,305.0,"Jul 6, 2026",2026-07-06,day,2027-07-13,until_date,Runs to a documented date,"Temporary moratorium on data center applications through Jul 13, 2027 while the county updates land-use rules on water, power and infrastructure; multiple developers had approached the county and its code did not address data centers",https://thenevadaindependent.com/article/how-has-your-city-or-county-regulated-data-centers-heres-the-latest-in-nevada,news,,2026-09-05,True,,,"[{""date"": ""2026-07-06"", ""kind"": ""enacted"", ""label"": ""Enacted"", ""source"": ""https://thenevadaindependent.com/article/how-has-your-city-or-county-regulated-data-centers-heres-the-latest-in-nevada""}]",,40.97,-117.74
white-pine-county-nv,White Pine County,NV,Local,Enacted,Enacted,False,129.0,"Jul 22, 2026",2026-07-22,day,2027-01-18,until_date,Runs to a documented date,"Resolution 2026-18: 180-day moratorium on accepting, processing or approving land-use applications for data center development while staff draft zoning standards; renewable. End date is 180 days from adoption",https://elynews.com/2026/07/30/joint-white-pine-county-commission-road-commission-and-liquor-board-meeting/,news,,2026-09-05,True,,,"[{""date"": ""2026-07-22"", ""kind"": ""enacted"", ""label"": ""Enacted"", ""source"": ""https://elynews.com/2026/07/30/joint-white-pine-county-commission-road-commission-and-liquor-board-meeting/""}]",,39.25,-114.89
austin-tx,Austin,TX,Local,Proposed,Proposed,False,,"Aug 27, 2026",2026-08-27,day,,unknown,Term not documented,"Council unanimously directed staff to draft Land Development Code rules for large-scale data centers (location, size, water, noise, heat, lighting) that could regulate or ban facilities above 75 MW, with the first ordinance due back by end of 2026. At least five members back a full ban on hyperscale sites. No moratorium is in effect",https://www.kut.org/austin/2026-08-27/austin-tx-data-center-rules-bans-city-council,news,,2026-09-05,True,75 MW,,"[{""date"": ""2026-08-27"", ""kind"": ""proposed"", ""label"": ""Proposed"", ""source"": ""https://www.kut.org/austin/2026-08-27/austin-tx-data-center-rules-bans-city-council""}]",,30.27,-97.74
harlingen-tx,Harlingen,TX,Local,Enacted,Enacted,False,,May 2026,2026-05-01,month,,fixed_undated,"A stated duration, but the end date isn't recorded here","120-day moratorium on data center development within city limits, adopted in May 2026 after public hearings, running to mid-October; commissioners approved first reading of a 60-day extension to December in August, second reading pending. City hired Ambiotec Engineering to study water, wastewater and power impacts",https://www.krgv.com/news/harlingen-city-officials-look-to-extend-moratorium-on-data-centers,news,,2026-09-05,True,,,"[{""date"": ""2026-05-01"", ""kind"": ""enacted"", ""label"": ""Enacted"", ""source"": ""https://www.krgv.com/news/harlingen-city-officials-look-to-extend-moratorium-on-data-centers""}]",,26.19,-97.7
tulsa-ok,Tulsa,OK,Local,Enacted,Enacted,False,111.0,"Mar 25, 2026",2026-03-25,day,2026-12-31,until_date,Runs to a documented date,"9-month pause on processing and approving building permits for data centers within city limits, unanimous, through Dec 31, 2026 or earlier if zoning is updated. Phases one and two of Project Anthem exempt. Sponsor had sought a year and cut it to nine months in committee",https://ktul.com/news/local/tulsa-city-council-oks-temporary-halt-on-new-data-center-construction-through-2026,news,,2026-09-05,True,,permits,"[{""date"": ""2026-03-25"", ""kind"": ""enacted"", ""label"": ""Enacted"", ""source"": ""https://ktul.com/news/local/tulsa-city-council-oks-temporary-halt-on-new-data-center-construction-through-2026""}]",,36.15,-95.99
broken-arrow-ok,Broken Arrow,OK,Local,Enacted,Enacted,False,111.0,"Jun 15, 2026",2026-06-15,day,2026-12-31,until_date,Runs to a documented date,"6-month moratorium on accepting land use development applications for data centers, unanimous, to Dec 31, 2026 with an option to extend six more months; includes an appeal route to the Board of Adjustment. City studying power, water, noise, traffic and state tax exemptions",https://basentinel.com/broken-arrow-approves-6-month-data-center-moratorium/,news,,2026-09-05,True,,,"[{""date"": ""2026-06-15"", ""kind"": ""enacted"", ""label"": ""Enacted"", ""source"": ""https://basentinel.com/broken-arrow-approves-6-month-data-center-moratorium/""}]",,36.06,-95.8
edmond-ok,Edmond,OK,Local,Enacted,Enacted,False,111.0,"Jun 8, 2026",2026-06-08,day,2026-12-31,until_date,Runs to a documented date,"Moratorium on applications for land or building permits for data centers through Dec 31, 2026, unanimous, with an emergency clause so it took effect immediately. No applications were pending",https://okcfox.com/news/local/edmond-city-council-approves-data-center-permit-moratorium-through-december,news,,2026-09-05,True,,permits,"[{""date"": ""2026-06-08"", ""kind"": ""enacted"", ""label"": ""Enacted"", ""source"": ""https://okcfox.com/news/local/edmond-city-council-approves-data-center-permit-moratorium-through-december""}]",,35.65,-97.48
norman-ok,Norman,OK,Local,Enacted,Enacted,False,271.0,"Jun 23, 2026",2026-06-23,day,2027-06-09,until_date,Runs to a documented date,"One-year moratorium on approving permits for data centers within city limits, unanimous; press reports the suspension runs to Jun 9, 2027. Mayor said no specific proposal prompted it",https://www.news9.com/data-centers-in-oklahoma/norman-city-council-approves-temporary-moratorium-data-center,news,,2026-09-05,True,,,"[{""date"": ""2026-06-23"", ""kind"": ""enacted"", ""label"": ""Enacted"", ""source"": ""https://www.news9.com/data-centers-in-oklahoma/norman-city-council-approves-temporary-moratorium-data-center""}]",,35.22,-97.44
colfax-county-nm,Colfax County,NM,Local,Proposed,Proposed,False,,"Introduced Jul 21, 2026",2026-07-21,day,,unknown,Term not documented,"Ordinance 2026-02, a moratorium on new data center projects, introduced Jul 21 with a public hearing Aug 11, 2026. The county's own ordinance page still lists it as proposed; early September press reports say it was adopted, not yet confirmed against the county record. Raton, the county seat, postponed its own city moratorium in June over an MOU with developer Atterix",https://www.co.colfax.nm.us/government/ordinances_new.php,news,,2026-09-05,True,,,"[{""date"": ""2026-07-21"", ""kind"": ""proposed"", ""label"": ""Proposed"", ""source"": ""https://www.co.colfax.nm.us/government/ordinances_new.php""}]",,36.9,-104.44
mount-pleasant-sc,Mount Pleasant,SC,Local,Proposed,Proposed,False,,,,,,unknown,Term not documented,"Planning Commission recommended 120-day moratorium on data center applications (Aug 31, 2026); full Town Council vote pending. Proactive — no current proposals.",https://abcnews4.com/news/local/mt-pleasant-planning-commission-recommends-120-day-data-center-moratorium-community-decides-on-controversy-topic-of-discussion-charleston-south-carolina-lowcountry-news-trending-viral,news,,2026-09-06,True,,,"[{""date"": null, ""kind"": ""proposed"", ""label"": ""Proposed"", ""source"": ""https://abcnews4.com/news/local/mt-pleasant-planning-commission-recommends-120-day-data-center-moratorium-community-decides-on-controversy-topic-of-discussion-charleston-south-carolina-lowcountry-news-trending-viral""}]",,32.79,-79.86
lowndes-county-ga,Lowndes County,GA,County,Enacted,Enacted,False,44.0,2026-08-26,2026-01-01,year,2026-10-25,until_date,Runs to a documented date,"60-day moratorium on data center permits in unincorporated county, passed while commissioners develop a comprehensive data center ordinance. Residents had requested 6 months.",https://valdostadailytimes.com/2026/08/26/lowndes-county-approves-60-day-data-center-moratorium/,news,,2026-09-06,True,,,"[{""date"": ""2026-01-01"", ""kind"": ""enacted"", ""label"": ""Enacted"", ""source"": ""https://valdostadailytimes.com/2026/08/26/lowndes-county-approves-60-day-data-center-moratorium/""}]",,30.83,-83.28
lowell-ma,Lowell,MA,Local,Enacted,Enacted,False,175.0,2026-03-10,2026-01-01,year,2027-03-05,until_date,Runs to a documented date,"360-day moratorium (10-0 vote) on new data center construction, development, and expansion. First in Massachusetts. Extendable by 180 days. Markley Group challenged it; court separately paused 4 diesel generators at the existing facility on Aug 11.",https://www.nbcboston.com/boston-business-journal/lowell-imposes-moratorium-on-data-centers-targeting-states-largest-facility/3913800/,news,,2026-09-06,True,,,"[{""date"": ""2026-01-01"", ""kind"": ""enacted"", ""label"": ""Enacted"", ""source"": ""https://www.nbcboston.com/boston-business-journal/lowell-imposes-moratorium-on-data-centers-targeting-states-largest-facility/3913800/""}]",,42.63,-71.32
caddo-parish-la,Caddo Parish,LA,County,Rejected,Rejected,False,,2026-09-01,2026-01-01,year,,unknown,Term not documented,Commissioners voted 6-4 (2 absent) against referring a proposed moratorium (Resolution 53) to the Planning & Zoning Commission. The moratorium would have paused data center construction in commercially/industrially zoned unincorporated areas.,https://thecentersquare.com/louisiana/article_3f44b5fa-479c-4ca5-9e9e-1e770fe099aa.html,news,,2026-09-06,True,,,"[{""date"": ""2026-01-01"", ""kind"": ""rejected"", ""label"": ""Rejected"", ""source"": ""https://thecentersquare.com/louisiana/article_3f44b5fa-479c-4ca5-9e9e-1e770fe099aa.html""}]",,32.58,-93.85
salisbury-md,Salisbury,MD,Local,Proposed,Proposed,False,,,,,,unknown,Term not documented,"Planning Commission recommended 1-year moratorium on data center development (Aug 14, 2026); City Council vote pending. Mayor supports the pause.",https://www.wboc.com/news/salisbury-planning-commission-recommends-one-year-data-center-moratorium/article_2778f1dd-058a-44d5-95af-5d90e9a09207.html,news,,2026-09-06,True,,,"[{""date"": null, ""kind"": ""proposed"", ""label"": ""Proposed"", ""source"": ""https://www.wboc.com/news/salisbury-planning-commission-recommends-one-year-data-center-moratorium/article_2778f1dd-058a-44d5-95af-5d90e9a09207.html""}]",,38.36,-75.6
elkhart-in,Elkhart,IN,Local,Enacted,Enacted,False,476.0,2026-08-27,2026-01-01,year,2027-12-31,until_date,Runs to a documented date,"Moratorium on data centers and battery storage facilities through Dec 31, 2027 (unanimous 9-0). City will not accept applications while it conducts impact studies on noise, water, and electricity demand.",https://www.wndu.com/2026/08/28/elkhart-city-council-passes-one-year-moratorium-data-centers-battery-storage-facilities/,news,,2026-09-06,True,,,"[{""date"": ""2026-01-01"", ""kind"": ""enacted"", ""label"": ""Enacted"", ""source"": ""https://www.wndu.com/2026/08/28/elkhart-city-council-passes-one-year-moratorium-data-centers-battery-storage-facilities/""}]",,41.68,-85.97
north-berwick-me,North Berwick,ME,Local,Proposed,Proposed,False,,,,,,unknown,Term not documented,"Select Board placed a permanent data center ban (facilities ≥25,000 sq ft) on the November 2026 ballot as a zoning amendment. Skipped a moratorium step; voters will decide.",https://wgme.com/news/local/north-berwick-could-vote-to-ban-data-centers-in-november,news,,2026-09-06,True,"25,000 sq ft",,"[{""date"": null, ""kind"": ""proposed"", ""label"": ""Proposed"", ""source"": ""https://wgme.com/news/local/north-berwick-could-vote-to-ban-data-centers-in-november""}]",,43.3,-70.73
trumbull-ct,Trumbull,CT,Local,Proposed,Proposed,False,,,,,,unknown,Term not documented,"Residents petitioned (1,460+ signatures) for 1-year moratorium on data center construction/expansion. Text change petition filed with Planning & Zoning Commission; PZC hearing pending. Targets $200M modernization of former Nasdaq site.",https://www.stamfordadvocate.com/news/trumbull/article/trumbull-data-center-moratorium-residents-petition-22388790.php,news,,2026-09-06,True,,,"[{""date"": null, ""kind"": ""proposed"", ""label"": ""Proposed"", ""source"": ""https://www.stamfordadvocate.com/news/trumbull/article/trumbull-data-center-moratorium-residents-petition-22388790.php""}]",,41.24,-73.2
augusta-richmond-county-ga,Augusta-Richmond County,GA,County,Enacted,Enacted,False,8.0,2026-06-02,2026-01-01,year,2026-09-19,until_date,Runs to a documented date,"49-day moratorium on new data centers; excludes QTS project near Haynes Station. Extended 60 days on Jul 21 with three public hearings required before permanent ordinance. Draft ordinance restricts data centers to heavy industrial zoning, requires special exception and public ...",https://www.wrdw.com/2026/07/21/augusta-leaders-extend-moratorium-new-data-centers/,news,,2026-09-06,True,,,"[{""date"": ""2026-01-01"", ""kind"": ""enacted"", ""label"": ""Enacted"", ""source"": ""https://www.wrdw.com/2026/07/21/augusta-leaders-extend-moratorium-new-data-centers/""}]",,33.4735,-81.9748
bulloch-county-ga,Bulloch County,GA,County,Enacted,Enacted,False,111.0,2026-02-17,2026-01-01,year,2026-12-31,until_date,Runs to a documented date,90-day moratorium on data center permitting in unincorporated county; extended 5-0 on May 5 through Dec 31 2026. Commission voted 4-3 against outright ban on Sep 1; moratorium remains in place while citizen working group considers regulations.,https://www.statesboroherald.com/local/commissioners-extend-both-moratoriums-step-toward-outright-ban-on-data-centers/,news,,2026-09-06,True,,,"[{""date"": ""2026-01-01"", ""kind"": ""enacted"", ""label"": ""Enacted"", ""source"": ""https://www.statesboroherald.com/local/commissioners-extend-both-moratoriums-step-toward-outright-ban-on-data-centers/""}]",,32.3949,-81.7637
camden-county-ga,Camden County,GA,County,Enacted,Enacted,False,56.0,2026-05-06,2026-01-01,year,2026-11-06,until_date,Runs to a documented date,6-month moratorium on data centers in unincorporated county; first coastal Georgia county to act. Prompted by rezoning request for 700-acre industrial park straddling Kingsland city limits.,https://www.gpb.org/news/2026/05/06/camden-becomes-first-county-on-the-coast-adopt-data-center-moratorium,news,,2026-09-06,True,,rezoning,"[{""date"": ""2026-01-01"", ""kind"": ""enacted"", ""label"": ""Enacted"", ""source"": ""https://www.gpb.org/news/2026/05/06/camden-becomes-first-county-on-the-coast-adopt-data-center-moratorium""}]",,30.9271,-81.6616
clayton-county-ga,Clayton County,GA,County,Enacted,Enacted,False,111.0,2025-09-03,2025-01-01,year,2026-12-31,until_date,Runs to a documented date,"120-day moratorium (Resolution 2025-193) on data center permits in unincorporated county; extended three times, now through Dec 31 2026. Does not cover Lovejoy. Sponsored by Vice Chair Alaina Reaves; studying health, safety and welfare effects.",https://www.gpb.org/news/2025/10/22/wave-of-data-center-ordinances-sweep-through-ga-counties-how-strict-are-they,roundup,,2026-09-06,True,,,"[{""date"": ""2025-01-01"", ""kind"": ""enacted"", ""label"": ""Enacted"", ""source"": ""https://www.gpb.org/news/2025/10/22/wave-of-data-center-ordinances-sweep-through-ga-counties-how-strict-are-they""}]",,33.5413,-84.3585
covington-ga,Covington,GA,City,Enacted,Expired,True,-54.0,2026-01-20,2026-01-01,year,2026-07-19,until_date,Runs to a documented date,180-day moratorium enacted unanimously Jan 20 (initiated Jan 5); city will not accept new data center requests. Also initiated process to require special use permits for data centers in all zones. Upstream marks as 'active'.,https://www.rockdalenewtoncitizen.com/news/covington-enacts-moratorium-on-data-center-permits/article_5054a82f-c4e7-47ab-b7b1-3892e30a4047.html,news,,2026-09-06,True,,,"[{""date"": ""2026-01-01"", ""kind"": ""enacted"", ""label"": ""Enacted"", ""source"": ""https://www.rockdalenewtoncitizen.com/news/covington-enacts-moratorium-on-data-center-permits/article_5054a82f-c4e7-47ab-b7b1-3892e30a4047.html""}]",,33.5968,-83.8602
floyd-county-ga,Floyd County,GA,County,Enacted,Expired,True,-14.0,2026-06-09,2026-01-01,year,2026-08-28,until_date,Runs to a documented date,"80-day moratorium on data center permits, unanimously approved. Halts issuance of permits for construction or expansion. Draft ordinance for Unified Land Development Code establishing data center standards expected by late August.",https://www.northwestgeorgianews.com/rome/news/local/floyd-county-commission-enacts-80-day-moratorium-on-new-data-centers/article_f6a7cc37-9486-42af-85b0-5705c980691e.html,news,,2026-09-06,True,,,"[{""date"": ""2026-01-01"", ""kind"": ""enacted"", ""label"": ""Enacted"", ""source"": ""https://www.northwestgeorgianews.com/rome/news/local/floyd-county-commission-enacts-80-day-moratorium-on-new-data-centers/article_f6a7cc37-9486-42af-85b0-5705c980691e.html""}]",,34.2632,-85.1894
kingsland-ga,Kingsland,GA,City,Enacted,Expired,True,-33.0,2026-05-11,2026-01-01,year,2026-08-09,until_date,Runs to a documented date,90-day suspension of data center Ordinance No. 2026-03 (adopted Mar 9); halts acceptance of data center development applications. City manager recommended approval at May 11 meeting; GPB and The Current confirm moratorium in effect. .gov resolution document available.,https://kingslandgeorgia.com/DocumentCenter/View/12289/Data-Center-Temporary-Suspension-and-Moratorium-Ordinance?bidId=,news,,2026-09-06,True,,,"[{""date"": ""2026-01-01"", ""kind"": ""enacted"", ""label"": ""Enacted"", ""source"": ""https://kingslandgeorgia.com/DocumentCenter/View/12289/Data-Center-Temporary-Suspension-and-Moratorium-Ordinance?bidId=""}]",,30.7999,-81.6896
marietta-ga,Marietta,GA,City,Enacted,Enacted,False,111.0,2026-07-09,2026-01-01,year,2026-12-31,until_date,Runs to a documented date,6-month moratorium on new data center applications through Dec 31 2026. Approved despite two data centers being grandfathered (applications filed before freeze). City studying zoning regulations and potential environmental impacts.,https://www.wsbradio.com/news/local/marietta-pauses-new-data-center-applications-through-end-year/ZH356T4QD5HERPQIWS7DT2YBIE/,news,,2026-09-06,True,,,"[{""date"": ""2026-01-01"", ""kind"": ""enacted"", ""label"": ""Enacted"", ""source"": ""https://www.wsbradio.com/news/local/marietta-pauses-new-data-center-applications-through-end-year/ZH356T4QD5HERPQIWS7DT2YBIE/""}]",,33.9526,-84.5499
pike-county-ga,Pike County,GA,County,Enacted,Enacted,False,,2025-09,2025-01-01,year,,unknown,Term not documented,"Moratorium enacted September 2025; Commissioner James Jenkins motioned because county lacks building codes and zoning ordinances for data center facilities. One of four GA counties to pass moratoriums that month (with Lamar, Troup, Clayton). Duration and expiration not documen...",https://www.gpb.org/news/2025/10/22/wave-of-data-center-ordinances-sweep-through-ga-counties-how-strict-are-they,roundup,,2026-09-06,True,,,"[{""date"": ""2025-01-01"", ""kind"": ""enacted"", ""label"": ""Enacted"", ""source"": ""https://www.gpb.org/news/2025/10/22/wave-of-data-center-ordinances-sweep-through-ga-counties-how-strict-are-they""}]",,33.0887,-84.3847
roswell-ga,Roswell,GA,City,Enacted,Enacted,False,9.0,2026-01-12,2026-01-01,year,2026-09-20,until_date,Runs to a documented date,"90-day emergency moratorium enacted unanimously Jan 12. Extended 95 days on Mar 23 (to Jun 26), then extended 90 days on Jun 22 (to Sep 20 2026). City staff developing use regulations for data centers.",https://roswellconnections.com/datacenters/,news,,2026-09-06,True,,,"[{""date"": ""2026-01-01"", ""kind"": ""enacted"", ""label"": ""Enacted"", ""source"": ""https://roswellconnections.com/datacenters/""}]",,34.0234,-84.3616
bristol-tn,Bristol,TN,Local,Enacted,Enacted,False,408.0,2025-10-07,2025-01-01,year,2027-10-24,until_date,Runs to a documented date,"Two-year moratorium on data processing centers, approved unanimously; effective Oct 24, 2025",https://www.supertalk929.com/2025/10/08/2-year-moratorium-on-data-centers-in-bristol-tn/,news,,2026-09-06,True,,,"[{""date"": ""2025-01-01"", ""kind"": ""enacted"", ""label"": ""Enacted"", ""source"": ""https://www.supertalk929.com/2025/10/08/2-year-moratorium-on-data-centers-in-bristol-tn/""}]",,36.595,-82.189
cedar-hill-tn,Cedar Hill,TN,Local,Enacted,Enacted,False,629.0,2026-06-01,2026-01-01,year,2028-06-01,until_date,Runs to a documented date,Two-year moratorium on data centers and cryptocurrency mining; first Robertson County city to act,https://mainstreetmediatn.com/articles/news-robertsoncountyconnection/cedar-hill-imposes-moratorium-on-data-centers-within-city-limits/,news,,2026-09-06,True,,,"[{""date"": ""2026-01-01"", ""kind"": ""enacted"", ""label"": ""Enacted"", ""source"": ""https://mainstreetmediatn.com/articles/news-robertsoncountyconnection/cedar-hill-imposes-moratorium-on-data-centers-within-city-limits/""}]",,36.553,-86.703
clinton-tn,Clinton,TN,Local,Enacted,Enacted,False,102.0,2026-06-22,2026-01-01,year,2026-12-22,until_date,Runs to a documented date,"Six-month moratorium on new data centers, approved unanimously; applies within city limits only",https://mycouriernews.com/articles/2026/07/11260/clinton-approves-six-month-hold-on-data-centers,news,,2026-09-06,True,,,"[{""date"": ""2026-01-01"", ""kind"": ""enacted"", ""label"": ""Enacted"", ""source"": ""https://mycouriernews.com/articles/2026/07/11260/clinton-approves-six-month-hold-on-data-centers""}]",,36.103,-84.132
grundy-county-tn,Grundy County,TN,County,Enacted,Enacted,False,615.0,2026-05-18,2026-01-01,year,2028-05-18,until_date,Runs to a documented date,"Two-year moratorium on data centers, crypto mining, and high-impact data processing in unincorporated areas; approved unanimously by county commission",https://www.sewaneemessenger.com/headlines/?post_id=3474&title=trend-setting-grundy-county-data-center-moratorium,news,,2026-09-06,True,,,"[{""date"": ""2026-01-01"", ""kind"": ""enacted"", ""label"": ""Enacted"", ""source"": ""https://www.sewaneemessenger.com/headlines/?post_id=3474&title=trend-setting-grundy-county-data-center-moratorium""}]",,35.388,-85.764
morgan-county-tn,Morgan County,TN,County,Enacted,Enacted,False,640.0,2026-06-12,2026-01-01,year,2028-06-12,until_date,Runs to a documented date,"Two-year moratorium on data centers capable of 10+ MW peak demand; county commission proactive measure, no proposals pending",https://www.themountainpress.com/morgan/news/morgan-county-passes-resolution-preventing-ai-data-centers-for-2-years/article_a632d5e3-a4c0-57c4-aba6-a660f76ccca6.html,news,,2026-09-06,True,,,"[{""date"": ""2026-01-01"", ""kind"": ""enacted"", ""label"": ""Enacted"", ""source"": ""https://www.themountainpress.com/morgan/news/morgan-county-passes-resolution-preventing-ai-data-centers-for-2-years/article_a632d5e3-a4c0-57c4-aba6-a660f76ccca6.html""}]",,36.137,-84.616
shelbyville-tn,Shelbyville,TN,Local,Enacted,Enacted,False,,2026-07-07,2026-01-01,year,,fixed_undated,"A stated duration, but the end date isn't recorded here",Moratorium on data centers and cryptocurrency mining plants; duration not specified in available sources,https://www.wsmv.com/video/2026/07/09/shelbyville-city-council-passes-data-center-moratorium/,news,,2026-09-06,True,,,"[{""date"": ""2026-01-01"", ""kind"": ""enacted"", ""label"": ""Enacted"", ""source"": ""https://www.wsmv.com/video/2026/07/09/shelbyville-city-council-passes-data-center-moratorium/""}]",,35.483,-86.461
hamilton-county-tn,Hamilton County,TN,County,Enacted,Enacted,False,307.0,2026-07-15,2026-01-01,year,2027-07-15,until_date,Runs to a documented date,One-year moratorium on new data centers in unincorporated areas only; does not affect approved Chattanooga projects,https://www.local3news.com/local-news/update-hamilton-county-approves-one-year-moratorium-on-new-data-centers-in-unincorporated-areas/article_9ff722e4-a174-4361-95c3-0cce1db669bc.html,news,,2026-09-06,True,,,"[{""date"": ""2026-01-01"", ""kind"": ""enacted"", ""label"": ""Enacted"", ""source"": ""https://www.local3news.com/local-news/update-hamilton-county-approves-one-year-moratorium-on-new-data-centers-in-unincorporated-areas/article_9ff722e4-a174-4361-95c3-0cce1db669bc.html""}]",,35.045,-85.267
warren-county-tn,Warren County,TN,County,Enacted,Enacted,False,284.0,2026-06-22,2026-01-01,year,2027-06-22,until_date,Runs to a documented date,12-month moratorium on new data center proposals; separate from McMinnville's 18-month city moratorium,https://servercountry.org/policy/tennessee/,roundup,,2026-09-06,True,,,"[{""date"": ""2026-01-01"", ""kind"": ""enacted"", ""label"": ""Enacted"", ""source"": ""https://servercountry.org/policy/tennessee/""}]",,35.681,-85.779
white-county-tn,White County,TN,County,Enacted,Enacted,False,,2026-07-20,2026-01-01,year,,standing,No end date by design — a permanent ban or standing statute,Ban on data centers and data mining facilities; did not go through formal zoning process; enforcement challenged by 4.9 MW crypto proposal,https://www.wsmv.com/2026/08/10/white-county-executive-reviews-legal-options-after-proposed-data-center-bypasses-local-ban/,news,,2026-09-06,True,4.9 MW,,"[{""date"": ""2026-01-01"", ""kind"": ""enacted"", ""label"": ""Enacted"", ""source"": ""https://www.wsmv.com/2026/08/10/white-county-executive-reviews-legal-options-after-proposed-data-center-bypasses-local-ban/""}]",,35.949,-85.5
mitchell-county-ia,Mitchell County,IA,County,Enacted,Enacted,False,111.0,2025-11-25,2025-01-01,year,2026-12-31,until_date,Runs to a documented date,"Resolution #1336-25; moratorium on data centers until Dec 31, 2026. Voted 4-1 (Frein, Marzen, Hartogh, Wherry yes; Hendrickson nay).",https://mitchellcounty.iowa.gov/wp-content/uploads/Board-Proceedings-11-25-25-2.pdf,official,,2026-09-06,True,,,"[{""date"": ""2025-01-01"", ""kind"": ""enacted"", ""label"": ""Enacted"", ""source"": ""https://mitchellcounty.iowa.gov/wp-content/uploads/Board-Proceedings-11-25-25-2.pdf""}]",,43.2844,-92.811
taylor-county-ia,Taylor County,IA,County,Enacted,Enacted,False,322.0,2026-07-30,2026-01-01,year,2027-07-30,until_date,Runs to a documented date,"Ordinance No. 40; 12-month moratorium on data centers, solar, battery storage, and mineral rights developments.",https://taylorcounty.iowa.gov/data-solar-etc-moratorium-draft-passed-july-30-2026/,official,,2026-09-06,True,,,"[{""date"": ""2026-01-01"", ""kind"": ""enacted"", ""label"": ""Enacted"", ""source"": ""https://taylorcounty.iowa.gov/data-solar-etc-moratorium-draft-passed-july-30-2026/""}]",,40.6686,-94.7221
mcpherson-county-ks,McPherson County,KS,County,Enacted,Enacted,False,,2026-08-31,2026-01-01,year,,standing,No end date by design — a permanent ban or standing statute,Resolution 2026-21; permanent ban on data centers and utility-scale battery storage in unincorporated areas. Voted 3-0. Replaced earlier moratorium from summer 2025.,https://www.citizenjournal.us/mcpherson-county-bans-data-centers-and-utility-scale-battery-storage/,news,,2026-09-06,True,,,"[{""date"": ""2026-01-01"", ""kind"": ""enacted"", ""label"": ""Enacted"", ""source"": ""https://www.citizenjournal.us/mcpherson-county-bans-data-centers-and-utility-scale-battery-storage/""}]",,38.3709,-97.6642
riley-county-ks,Riley County,KS,County,Enacted,Enacted,False,62.0,2026-05-18,2026-01-01,year,2026-11-12,until_date,Runs to a documented date,"6-month moratorium on data centers and battery energy storage systems through Nov 12, 2026.",https://1350kman.com/2026/05/end-date-set-for-riley-countys-data-center-moratorium/,news,,2026-09-06,True,,,"[{""date"": ""2026-01-01"", ""kind"": ""enacted"", ""label"": ""Enacted"", ""source"": ""https://1350kman.com/2026/05/end-date-set-for-riley-countys-data-center-moratorium/""}]",,39.1836,-96.5717
saline-county-ks,Saline County,KS,County,Enacted,Enacted,False,902.0,2026-03-17,2026-01-01,year,2029-03-01,until_date,Runs to a documented date,"3-year moratorium on data centers, nuclear power, and hydrogen energy facilities in unincorporated areas through March 1, 2029.",https://salinapost.com/posts/72efeb72-d4d2-4a40-bb06-f445635cd6d4,news,,2026-09-06,True,,,"[{""date"": ""2026-01-01"", ""kind"": ""enacted"", ""label"": ""Enacted"", ""source"": ""https://salinapost.com/posts/72efeb72-d4d2-4a40-bb06-f445635cd6d4""}]",,38.8403,-97.6114
bullitt-county-ky,Bullitt County,KY,County,Enacted,Enacted,False,308.0,2026-07-16,2026-01-01,year,2027-07-16,until_date,Runs to a documented date,12-month moratorium on data centers in unincorporated areas; can be terminated or extended by Fiscal Court.,https://spectrumnews1.com/ky/louisville/news/2026/07/21/bullitt-county-data-center-moratorium,news,,2026-09-06,True,,,"[{""date"": ""2026-01-01"", ""kind"": ""enacted"", ""label"": ""Enacted"", ""source"": ""https://spectrumnews1.com/ky/louisville/news/2026/07/21/bullitt-county-data-center-moratorium""}]",,37.9884,-85.7155
oldham-county-ky,Oldham County,KY,County,Enacted,Enacted,False,,2025-07-02,2025-01-01,year,,until_event,"Runs until a condition is met, not to a date","150-day moratorium voted 4-2; extended Nov 18, 2025 indefinitely until regulations are adopted. Driven by opposition to Western Hospitality Partners $6B 'Project Lincoln'.",https://www.lpm.org/news/2025-07-02/oldham-county-passes-sweeping-data-center-moratorium-executive-fired-over-recording,news,,2026-09-06,True,,,"[{""date"": ""2025-01-01"", ""kind"": ""enacted"", ""label"": ""Enacted"", ""source"": ""https://www.lpm.org/news/2025-07-02/oldham-county-passes-sweeping-data-center-moratorium-executive-fired-over-recording""}]",,38.4085,-85.3788
independence-mo,Independence,MO,City,Enacted,Enacted,False,113.0,2026-07-06,2026-01-01,year,2027-01-02,until_date,Runs to a documented date,180-day moratorium on new data center and battery energy storage permits. Does not affect previously approved Nebius project.,https://www.independencemo.gov/news/city-council-approves-temporary-moratorium-new-data-center-and-battery-energy-storage-system-applications,official,,2026-09-06,True,,,"[{""date"": ""2026-01-01"", ""kind"": ""enacted"", ""label"": ""Enacted"", ""source"": ""https://www.independencemo.gov/news/city-council-approves-temporary-moratorium-new-data-center-and-battery-energy-storage-system-applications""}]",,39.0911,-94.4155
marion-county-mo,Marion County,MO,County,Rescinded,Rescinded,False,,2026-06-15,2026-01-01,year,,unknown,Term not documented,"12-month moratorium enacted June 15; lifted Aug 26, 2026, replaced by task force to study data center regulations.",https://www.nemonews.net/2026/07/22/marion-county-commission-approves-truck-wash-rezoning-data-center-moratorium/,news,,2026-09-06,True,,,"[{""date"": ""2026-01-01"", ""kind"": ""rescinded"", ""label"": ""Rescinded"", ""source"": ""https://www.nemonews.net/2026/07/22/marion-county-commission-approves-truck-wash-rezoning-data-center-moratorium/""}]",,39.7942,-91.5232
surry-county-nc,Surry County,NC,County,Enacted,Enacted,False,679.0,2026-07-21,2026-01-01,year,2028-07-21,until_date,Runs to a documented date,2-year moratorium replacing earlier 60-day pause from June 2026. Steering committee appointed to study impacts. Unanimous vote.,https://www.wfdd.org/environment/2026-07-21/surry-county-enacts-two-year-data-center-development-moratorium,news,,2026-09-06,True,,,"[{""date"": ""2026-01-01"", ""kind"": ""enacted"", ""label"": ""Enacted"", ""source"": ""https://www.wfdd.org/environment/2026-07-21/surry-county-enacts-two-year-data-center-development-moratorium""}]",,36.396,-80.7226
wilson-nc,Wilson,NC,City,Enacted,Enacted,False,252.0,2026-05-21,2026-01-01,year,2027-05-21,until_date,Runs to a documented date,1-year moratorium on large data center development approvals. Unanimous vote. UDO text amendments to follow.,https://www.wilsontimes.com/news/city-council-approves-data-center-moratorium-25f2bcbd,news,,2026-09-06,True,,,"[{""date"": ""2026-01-01"", ""kind"": ""enacted"", ""label"": ""Enacted"", ""source"": ""https://www.wilsontimes.com/news/city-council-approves-data-center-moratorium-25f2bcbd""}]",,35.7212,-77.9156
brookville-pa,Brookville,PA,Borough,Enacted,Enacted,False,94.0,2026-06-17,2026-01-01,year,2026-12-14,until_date,Runs to a documented date,180-day moratorium on data centers and borough water use for data centers. Two potential data center projects prompted action. Unanimous vote.,https://www.explorejeffersonpa.com/local/2026/06/17/brookville-approves-180-day-data-center-moratorium-over-water-concerns-176517/,news,,2026-09-06,True,,,"[{""date"": ""2026-01-01"", ""kind"": ""enacted"", ""label"": ""Enacted"", ""source"": ""https://www.explorejeffersonpa.com/local/2026/06/17/brookville-approves-180-day-data-center-moratorium-over-water-concerns-176517/""}]",,41.1614,-79.0828
center-township-pa,Center Township,PA,Local,Enacted,Enacted,False,87.0,2026-06-10,2026-01-01,year,2026-12-07,until_date,Runs to a documented date,180-day curative amendment halting data center and power generation plant development in Butler County. Unanimous vote.,https://www.butlereagle.com/20260611/center-township-places-moratorium-on-data-center-development/,news,,2026-09-06,True,,,"[{""date"": ""2026-01-01"", ""kind"": ""enacted"", ""label"": ""Enacted"", ""source"": ""https://www.butlereagle.com/20260611/center-township-places-moratorium-on-data-center-development/""}]",,40.7842,-80.0
muncy-township-pa,Muncy Township,PA,Local,Enacted,Enacted,False,143.0,2026-05-01,2026-01-01,year,2027-02-01,until_date,Runs to a documented date,"9-month moratorium on data centers in Lycoming County township; prompted by Danko Holdings/Fishlips LLC proposal for 100-acre, 3-building facility.",https://www.sungazette.com/news/top-news/2026/05/muncy-township-passes-9-month-moratorium-on-data-centers/,news,,2026-09-06,True,,,"[{""date"": ""2026-01-01"", ""kind"": ""enacted"", ""label"": ""Enacted"", ""source"": ""https://www.sungazette.com/news/top-news/2026/05/muncy-township-passes-9-month-moratorium-on-data-centers/""}]",,41.2067,-76.7856
chester-county-sc,Chester County,SC,County,Enacted,Enacted,False,132.0,2026-07-21,2026-01-01,year,2027-01-21,until_date,Runs to a documented date,6-month countywide pause on data center applications. Workshops planned Aug 13 and Sep 28. 8-10 data center inquiries received.,https://www.wbtv.com/2026/07/21/chester-county-council-approves-6-month-data-center-moratorium/,news,,2026-09-06,True,,,"[{""date"": ""2026-01-01"", ""kind"": ""enacted"", ""label"": ""Enacted"", ""source"": ""https://www.wbtv.com/2026/07/21/chester-county-council-approves-6-month-data-center-moratorium/""}]",,34.7046,-81.214
greenwood-county-sc,Greenwood County,SC,County,Enacted,Enacted,False,313.0,2026-07-21,2026-01-01,year,2027-07-21,until_date,Runs to a documented date,1-year moratorium blocking new data center approvals. Voted 4-3. Followed denial of text amendment allowing data centers as conditional use.,https://www.foxcarolina.com/2026/07/21/greenwood-co-council-approves-final-reading-one-year-moratorium-data-centers/,news,,2026-09-06,True,,,"[{""date"": ""2026-01-01"", ""kind"": ""enacted"", ""label"": ""Enacted"", ""source"": ""https://www.foxcarolina.com/2026/07/21/greenwood-co-council-approves-final-reading-one-year-moratorium-data-centers/""}]",,34.1954,-82.1618
archuleta-county-co,Archuleta County,CO,County,Enacted,Enacted,False,96.0,2026-06-16,2026-01-01,year,2026-12-16,until_date,Runs to a documented date,Resolution 2026-47; 6-month moratorium on data centers. Unanimous vote. County infrastructure and water cannot support data centers.,"https://www.pagosasun.com/stories/moratorium-on-data-centers-approved-by-county-board,140916",news,,2026-09-06,True,,,"[{""date"": ""2026-01-01"", ""kind"": ""enacted"", ""label"": ""Enacted"", ""source"": ""https://www.pagosasun.com/stories/moratorium-on-data-centers-approved-by-county-board,140916""}]",,37.2694,-107.0098
south-fork-co,South Fork,CO,Local,Enacted,Enacted,False,280.0,2026-06-18,2026-01-01,year,2027-06-18,until_date,Runs to a documented date,1-year moratorium on data center site development plans and zoning permits. No data center applications received; preemptive action.,https://www.alamosacitizen.com/costilla-county-south-fork-getting-ahead-of-ai-data-centers/,news,,2026-09-06,True,,,"[{""date"": ""2026-01-01"", ""kind"": ""enacted"", ""label"": ""Enacted"", ""source"": ""https://www.alamosacitizen.com/costilla-county-south-fork-getting-ahead-of-ai-data-centers/""}]",,37.6714,-106.6428
madison-county-fl,Madison County,FL,County,Enacted,Enacted,False,314.0,2026-07-22,2026-01-01,year,2027-07-22,until_date,Runs to a documented date,1-year moratorium on construction and permitting of large-scale data centers. Unanimous vote.,https://www.greenepublishing.com/county-commission-passes-data-center-moratorium/,news,,2026-09-06,True,,,"[{""date"": ""2026-01-01"", ""kind"": ""enacted"", ""label"": ""Enacted"", ""source"": ""https://www.greenepublishing.com/county-commission-passes-data-center-moratorium/""}]",,30.4694,-83.413
oakley-ca,Oakley,CA,City,Enacted,Enacted,False,215.0,2026-04-15,2026-01-01,year,2027-04-14,until_date,Runs to a documented date,Initial 45-day urgency ordinance Apr 15; extended May 16 for 10 months 15 days (through ~Apr 2027). Working toward permanent ban. Voted 5-0 on extension.,https://contracosta.news/2026/05/16/oakley-agrees-to-extend-moratorium-on-data-centers-for-1-year/,news,,2026-09-11,True,,,"[{""date"": ""2026-01-01"", ""kind"": ""enacted"", ""label"": ""Enacted"", ""source"": ""https://contracosta.news/2026/05/16/oakley-agrees-to-extend-moratorium-on-data-centers-for-1-year/""}]",,37.9974,-121.7125
delta-county-mi,Delta County,MI,County,Enacted,Enacted,False,315.0,2026-07-23,2026-01-01,year,2027-07-23,until_date,Runs to a documented date,12-month moratorium on data centers and cryptocurrency mining; county board approved unanimously after planning commission forwarded recommendation; county to develop zoning standards during pause,https://www.miningjournal.net/news/local/2026/07/delta-county-board-oks-moratorium-on-data-centers/,news,,2026-09-06,True,,,"[{""date"": ""2026-01-01"", ""kind"": ""enacted"", ""label"": ""Enacted"", ""source"": ""https://www.miningjournal.net/news/local/2026/07/delta-county-board-oks-moratorium-on-data-centers/""}]",,45.7917,-87.0644
forsyth-township-mi,Forsyth Township,MI,Local,Enacted,Enacted,False,287.0,2026-06-25,2026-01-01,year,2027-06-25,until_date,Runs to a documented date,12-month moratorium on data center construction; board passed at crowded meeting; township lacks data center zoning regulations and has no pending applications,https://www.uppermichiganssource.com/2026/06/26/forsyth-township-board-passes-moratorium-regarding-data-centers-crowded-meeting/,news,,2026-09-06,True,,,"[{""date"": ""2026-01-01"", ""kind"": ""enacted"", ""label"": ""Enacted"", ""source"": ""https://www.uppermichiganssource.com/2026/06/26/forsyth-township-board-passes-moratorium-regarding-data-centers-crowded-meeting/""}]",,46.2728,-87.3767
houghton-mi,Houghton,MI,Local,Enacted,Enacted,False,301.0,2026-07-09,2026-01-01,year,2027-07-09,until_date,Runs to a documented date,"One-year moratorium on permitting, approval, or installation of data center facilities; city council voted unanimously; no proposals pending but city acted proactively to develop regulations",https://www.uppermichiganssource.com/2026/07/09/houghton-city-council-approves-temporary-data-center-moratorium/,news,,2026-09-06,True,,,"[{""date"": ""2026-01-01"", ""kind"": ""enacted"", ""label"": ""Enacted"", ""source"": ""https://www.uppermichiganssource.com/2026/07/09/houghton-city-council-approves-temporary-data-center-moratorium/""}]",,47.1211,-88.5694
huron-county-mi,Huron County,MI,County,Enacted,Enacted,False,989.0,2026-05-27,2026-01-01,year,2029-05-27,until_date,Runs to a documented date,Three-year (36-month) moratorium on data centers; planning commission unanimously extended original 6-month proposal to 36 months at April 1 hearing after public demand; county commissioners approved in May; concerns center on farmland preservation and resource use,https://huroncountyview.com/articles/huron-county-planners-advance-moratorium-on-data-centers/,news,,2026-09-06,True,,,"[{""date"": ""2026-01-01"", ""kind"": ""enacted"", ""label"": ""Enacted"", ""source"": ""https://huroncountyview.com/articles/huron-county-planners-advance-moratorium-on-data-centers/""}]",,43.9414,-83.0358
sault-ste-marie-tribe-of-chippewa-indians-mi,Sault Ste. Marie Tribe of Chippewa Indians,MI,Local,Enacted,Enacted,False,,2026-04-07,2026-01-01,year,,standing,No end date by design — a permanent ban or standing statute,"Indefinite moratorium prohibiting development, approval, or operation of AI data centers on tribal lands; board of directors voted unanimously; remains in effect unless lifted by subsequent resolution; concerns about resource strain and long-term land use impacts",https://www.myupnow.com/news/sault-tribe-directors-vote-in-indefinite-pause-on-data-center-development/article_51356dac-7efb-4e02-b7fd-6802f439cfd8.html,news,,2026-09-06,True,,,"[{""date"": ""2026-01-01"", ""kind"": ""enacted"", ""label"": ""Enacted"", ""source"": ""https://www.myupnow.com/news/sault-tribe-directors-vote-in-indefinite-pause-on-data-center-development/article_51356dac-7efb-4e02-b7fd-6802f439cfd8.html""}]",,46.4953,-84.3453
gorham-me,Gorham,ME,Local,Enacted,Enacted,False,79.0,2026-06-02,2026-01-01,year,2026-11-29,until_date,Runs to a documented date,Town Council voted 7-0 for 180-day moratorium on data center development; extendable another 180 days. Council later voted (Sep 4) to consider permanent ban,https://www.gorhamtimes.com/town-council-meeting-june-2/,news,,2026-09-06,True,,,"[{""date"": ""2026-01-01"", ""kind"": ""enacted"", ""label"": ""Enacted"", ""source"": ""https://www.gorhamtimes.com/town-council-meeting-june-2/""}]",,43.6795,-70.4441
waite-park-mn,Waite Park,MN,City,Enacted,Enacted,False,235.0,2026-05-04,2026-01-01,year,2027-05-04,until_date,Runs to a documented date,"1-year moratorium on data center development, unanimous. Exempts telecom shelters under 300 sq ft. Staff to study impacts and draft regulations",https://www.stcloudlive.com/news/local/waite-park-city-council-unanimously-backs-year-long-data-center-moratorium,news,,2026-09-06,True,300 sq ft,,"[{""date"": ""2026-01-01"", ""kind"": ""enacted"", ""label"": ""Enacted"", ""source"": ""https://www.stcloudlive.com/news/local/waite-park-city-council-unanimously-backs-year-long-data-center-moratorium""}]",,45.5569,-94.2244
galloway-township-nj,Galloway Township,NJ,Local,Enacted,Enacted,False,125.0,2026-07-14,2026-01-01,year,2027-01-14,until_date,Runs to a documented date,"Ordinance 2172-2026: 6-month moratorium on data center approval, development, construction and expansion. Introduced Jun 16, adopted Jul 14",https://www.gtnj.org/index.php/i-want-to/find-a-form-or-document/public-notices-1/municipal-clerk-notices/2871-introduction-ordinance-2172-2026-data-centers/file,news,,2026-09-06,True,,,"[{""date"": ""2026-01-01"", ""kind"": ""enacted"", ""label"": ""Enacted"", ""source"": ""https://www.gtnj.org/index.php/i-want-to/find-a-form-or-document/public-notices-1/municipal-clerk-notices/2871-introduction-ordinance-2172-2026-data-centers/file""}]",,39.4918,-74.4851
highland-ny,Highland,NY,Local,Enacted,Enacted,False,280.0,2026-06-18,2026-01-01,year,2027-06-18,until_date,Runs to a documented date,"Local Law No. 1 of 2026: 12-month moratorium on large-scale data center development, extendable to 24 months. Sullivan County town; preemptive, no project proposed",https://townofhighlandny.gov/local-law-no-1-of-2026-notice/,official,,2026-09-06,True,,,"[{""date"": ""2026-01-01"", ""kind"": ""enacted"", ""label"": ""Enacted"", ""source"": ""https://townofhighlandny.gov/local-law-no-1-of-2026-notice/""}]",,41.5084,-74.8557
seminole-nation-of-oklahoma-ok,Seminole Nation of Oklahoma,OK,Local,Enacted,Enacted,False,,2026-03-07,2026-01-01,year,,standing,No end date by design — a permanent ban or standing statute,General Council voted 24-0 for indefinite moratorium on AI data center development on tribal lands. Bars any inquiries or development concerning data centers of any size. Triggered by startup NDA request,https://nativenewsonline.net/sovereignty/seminole-nation-of-oklahoma-passes-moratorium-on-data-centers/,news,,2026-09-06,True,,,"[{""date"": ""2026-01-01"", ""kind"": ""enacted"", ""label"": ""Enacted"", ""source"": ""https://nativenewsonline.net/sovereignty/seminole-nation-of-oklahoma-passes-moratorium-on-data-centers/""}]",,35.3665,-96.9486
saugatuck-township-mi,Saugatuck Township,MI,Local,Enacted,Expired,True,-31.0,2026-02-11,2026-01-01,year,2026-08-11,until_date,Runs to a documented date,"Ordinance 2026-01: 6-month moratorium on data center building permits and zoning applications, or until zoning amendment adopted. Voted 4-0 (one absent)",https://saugatucktownshipmi.gov/wp-content/uploads/2026/04/20260211-Meeting-minutes-APPROVED-SIGNED.pdf,official,,2026-09-06,True,,permits,"[{""date"": ""2026-01-01"", ""kind"": ""enacted"", ""label"": ""Enacted"", ""source"": ""https://saugatucktownshipmi.gov/wp-content/uploads/2026/04/20260211-Meeting-minutes-APPROVED-SIGNED.pdf""}]",,42.65,-86.2
hagar-township-mi,Hagar Township,MI,Local,Enacted,Enacted,False,,2026-07-13,2026-01-01,year,,fixed_undated,"A stated duration, but the end date isn't recorded here",Moratorium on data centers approved at board meeting; Berrien County. Source is paywalled but headline and snippets confirm,https://www.tricityrecord.com/post/hagar-township-board-approves-data-center-moratorium-hears-concerns-over-drain-district-assessments,news,,2026-09-06,True,,,"[{""date"": ""2026-01-01"", ""kind"": ""enacted"", ""label"": ""Enacted"", ""source"": ""https://www.tricityrecord.com/post/hagar-township-board-approves-data-center-moratorium-hears-concerns-over-drain-district-assessments""}]",,42.2047,-86.3811
lake-township-mi,Lake Township,MI,Local,Enacted,Enacted,False,,2026-07-16,2026-01-01,year,,fixed_undated,"A stated duration, but the end date isn't recorded here",Ordinance 2026-01: temporary moratorium on new or expanded data centers. Voted 4-0 (clerk absent). Huron County township; separate from county-level 3-year moratorium,https://www.laketownship.net/download/23077/minutes-july-2026.pdf,news,,2026-09-06,True,,,"[{""date"": ""2026-01-01"", ""kind"": ""enacted"", ""label"": ""Enacted"", ""source"": ""https://www.laketownship.net/download/23077/minutes-july-2026.pdf""}]",,43.956,-83.184
webster-township-mi,Webster Township,MI,Local,Enacted,Enacted,False,222.0,2026-04-21,2026-01-01,year,2027-04-21,until_date,Runs to a documented date,Ordinance 26-02: 1-year moratorium on data centers and battery energy storage systems (BESS). Washtenaw County township,https://cms9files.revize.com/webstertwpmi/2026-04-21%20Ordinance%20No.%2026-02%20Data%20Center%20Moratorium%20Notice%20of%20Adoption.pdf,news,,2026-09-06,True,,,"[{""date"": ""2026-01-01"", ""kind"": ""enacted"", ""label"": ""Enacted"", ""source"": ""https://cms9files.revize.com/webstertwpmi/2026-04-21%20Ordinance%20No.%2026-02%20Data%20Center%20Moratorium%20Notice%20of%20Adoption.pdf""}]",,42.39,-83.95
lycoming-county-pa,Lycoming County,PA,County,Enacted,Enacted,False,95.0,2026-06-18,2026-01-01,year,2026-12-15,until_date,Runs to a documented date,Curative amendment under PA MPC Section 609.2; county zoning declared invalid for lack of data center standards. 180-day window. Covers 19 municipal partners. Separate from Muncy Township moratorium,https://www.sungazette.com/news/top-news/2026/06/lycoming-county-declares-data-center-ordinance-invalid-seeks-curative-amendment-2/,news,,2026-09-06,True,,,"[{""date"": ""2026-01-01"", ""kind"": ""enacted"", ""label"": ""Enacted"", ""source"": ""https://www.sungazette.com/news/top-news/2026/06/lycoming-county-declares-data-center-ordinance-invalid-seeks-curative-amendment-2/""}]",,41.34,-77.06
warrington-township-pa,Warrington Township,PA,Local,Enacted,Enacted,False,,2026-05-13,2026-01-01,year,,until_event,"Runs until a condition is met, not to a date",Resolution 2026-09: curative amendment under PA MPC Section 609.2. York County (not Bucks). Administrative pause since Mar 11; formally ratified May 13,https://warringtontwp.org/wp-content/uploads/2026/06/2026-15-Warrington-Follow-up-Resolution-Moratorium.pdf,news,,2026-09-06,True,,,"[{""date"": ""2026-01-01"", ""kind"": ""enacted"", ""label"": ""Enacted"", ""source"": ""https://warringtontwp.org/wp-content/uploads/2026/06/2026-15-Warrington-Follow-up-Resolution-Moratorium.pdf""}]",,40.0547,-76.9936
door-county-wi,Door County,WI,County,Enacted,Enacted,False,257.0,2026-05-26,2026-01-01,year,2027-05-26,until_date,Runs to a documented date,1-year moratorium on data centers and battery energy storage in unincorporated areas; board retains option to extend,https://wisconsinwatch.org/2026/04/latest-wisconsin-data-center-news-you-might-have-missed/,news,,2026-09-06,True,,,"[{""date"": ""2026-01-01"", ""kind"": ""enacted"", ""label"": ""Enacted"", ""source"": ""https://wisconsinwatch.org/2026/04/latest-wisconsin-data-center-news-you-might-have-missed/""}]",,44.88,-87.38
prichard-al,Prichard,AL,Local,Enacted,Enacted,False,146.0,2026-08-04,2026-01-01,year,2027-02-04,until_date,Runs to a documented date,"City Council approved a six-month moratorium on data centers, days after a building permit was issued to Edged Energy for a $93 million data center on July 30. The timing created a legal dispute over whether the Edged project is grandfathered.",https://utv44.com/news/local/prichard-questions-validity-of-permit-issued-before-data-center-moratorium,news,,2026-09-06,True,,,"[{""date"": ""2026-01-01"", ""kind"": ""enacted"", ""label"": ""Enacted"", ""source"": ""https://utv44.com/news/local/prichard-questions-validity-of-permit-issued-before-data-center-moratorium""}]",,30.7391,-88.0787
martin-county-fl,Martin County,FL,County,Proposed,Proposed,False,,2026-08-26,2026-01-01,year,,unknown,Term not documented,Commissioners voted 4-1 to direct staff to return with a proposal for a one-year moratorium on data centers. A moratorium would require two public hearings before adoption. No formal moratorium ordinance has been enacted yet.,https://www.wflx.com/2026/08/27/martin-county-commissioners-move-toward-pause-data-center-development/,news,,2026-09-06,True,,,"[{""date"": ""2026-01-01"", ""kind"": ""proposed"", ""label"": ""Proposed"", ""source"": ""https://www.wflx.com/2026/08/27/martin-county-commissioners-move-toward-pause-data-center-development/""}]",,27.0842,-80.36
north-port-fl,North Port,FL,Local,Proposed,Proposed,False,,2026-09-02,2026-01-01,year,,unknown,Term not documented,"City Commission voted 4-1 on first reading of an 18-month moratorium on data center applications, following 7 hours of public comment with nearly all speakers opposed. Final vote expected September 22, 2026. Triggered by a data center application filed just hours before the moratorium discussion.",https://www.sarasotamagazine.com/news-and-profiles/2026/09/north-port-data-center-moratorium-commissioner-meeting,news,,2026-09-06,True,,,"[{""date"": ""2026-01-01"", ""kind"": ""proposed"", ""label"": ""Proposed"", ""source"": ""https://www.sarasotamagazine.com/news-and-profiles/2026/09/north-port-data-center-moratorium-commissioner-meeting""}]",,27.0442,-82.2362
volusia-county-fl,Volusia County,FL,County,Proposed,Proposed,False,,2026-08-17,2026-01-01,year,,standing,No end date by design — a permanent ban or standing statute,"County Council directed staff to draft a permanent ban on large-scale data centers in unincorporated areas, moving beyond an initial six-month moratorium proposal. The ban ordinance must go through the Planning Commission and two public hearings before formal adoption. New data center applications are not being accepted in the interim.",https://www.orlandoweekly.com/news/orlando-area-news/volusia-county-advances-permanent-ban-on-large-scale-data-centers/,news,,2026-09-06,True,,,"[{""date"": ""2026-01-01"", ""kind"": ""proposed"", ""label"": ""Proposed"", ""source"": ""https://www.orlandoweekly.com/news/orlando-area-news/volusia-county-advances-permanent-ban-on-large-scale-data-centers/""}]",,29.028,-81.0659
griffin-ga,Griffin,GA,Local,Enacted,Expired,True,-61.0,2026-01-13,2026-01-01,year,2026-07-12,until_date,Runs to a documented date,"Board of Commissioners unanimously approved a 180-day moratorium on 'technological facilities' including data centers and cryptocurrency mining operations, to allow staff time to study current codes and develop regulations.",https://www.griffindailynews.com/news/griffin-puts-180-day-moratorium-on-data-centers-and-other-technological-facilities/article_a57b3fe6-cedf-54ec-8a84-a66c93da27da.html,news,,2026-09-06,True,,,"[{""date"": ""2026-01-01"", ""kind"": ""enacted"", ""label"": ""Enacted"", ""source"": ""https://www.griffindailynews.com/news/griffin-puts-180-day-moratorium-on-data-centers-and-other-technological-facilities/article_a57b3fe6-cedf-54ec-8a84-a66c93da27da.html""}]",,33.2468,-84.2641
savannah-ga,Savannah,GA,Local,Enacted,Enacted,False,140.0,2026-08-27,2026-01-01,year,2027-01-29,until_date,Runs to a documented date,"City Council unanimously approved a 155-day moratorium blocking large-load data centers over 10 MW and conversion of industrial buildings over 200,000 sq ft into data centers, to study impacts on water resources and the energy grid.",https://www.wtoc.com/2026/08/28/savannah-city-council-approves-155-day-moratorium-large-scale-data-centers/,news,,2026-09-06,True,10 MW,,"[{""date"": ""2026-01-01"", ""kind"": ""enacted"", ""label"": ""Enacted"", ""source"": ""https://www.wtoc.com/2026/08/28/savannah-city-council-approves-155-day-moratorium-large-scale-data-centers/""}]",,32.0809,-81.0912
chicago-il,Chicago,IL,Local,Proposed,Proposed,False,,,,,,unknown,Term not documented,"Mayor Brandon Johnson signed Executive Order 2026-5 on Aug 11, 2026, directing city departments to strengthen data center oversight and calling on City Council to enact a temporary moratorium. Executive order imposes enhanced air pollution, noise, and planned development review requirements immediately. City Council must approve the moratorium for it to take effect. 90-day rulemaking clock set for Dept of Environment.",https://abc7chicago.com/post/mayor-brandon-johnson-sign-executive-order-regulating-data-centers-chicago/19662414/,news,,2026-09-06,True,,,"[{""date"": null, ""kind"": ""proposed"", ""label"": ""Proposed"", ""source"": ""https://abc7chicago.com/post/mayor-brandon-johnson-sign-executive-order-regulating-data-centers-chicago/19662414/""}]",,41.8781,-87.6298
ottawa-il,Ottawa,IL,Local,Enacted,Enacted,False,,,,,,unknown,Term not documented,"Original 180-day moratorium established Mar 3, 2026. Unanimously extended through August 2027 in August 2026 due to state inaction on the POWER Act. City drafting its own ordinance but waiting for state guidelines.",https://www.shawlocal.com/illinois-valley/2026/08/20/ottawa-extends-data-center-moratorium-through-august-2027/,news,,2026-09-06,True,,,"[{""date"": null, ""kind"": ""enacted"", ""label"": ""Enacted"", ""source"": ""https://www.shawlocal.com/illinois-valley/2026/08/20/ottawa-extends-data-center-moratorium-through-august-2027/""}]",,41.3456,-88.8426
michigan-city-in,Michigan City,IN,Local,Proposed,Proposed,False,,,,,,unknown,Term not documented,"First reading held Sep 1, 2026; no action taken. Council considering indefinite moratorium as Google builds $832M data center. Strong resident support.",https://wsbt.com/news/local/michigan-city-council-to-consider-data-center-moratorium-vote-brakes-future-porposed-google-million-dollar-city-residents-members-city-hall-impact-ban-vote-michigan-city-indiana,news,,2026-09-06,True,,,"[{""date"": null, ""kind"": ""proposed"", ""label"": ""Proposed"", ""source"": ""https://wsbt.com/news/local/michigan-city-council-to-consider-data-center-moratorium-vote-brakes-future-porposed-google-million-dollar-city-residents-members-city-hall-impact-ban-vote-michigan-city-indiana""}]",,41.7075,-86.895
vermillion-county-in,Vermillion County,IN,County,Proposed,Proposed,False,,,,,,unknown,Term not documented,Commissioners dismissed a proposed data center ordinance in Aug 2026. Board said county remains open for business but wants time to establish reasonable parameters. One-year moratorium mentioned as possibility but not enacted. 508-MW battery project planned in county.,https://vermilioncountyfirst.com/2026/08/31/statement-from-the-vermillion-county-indiana-board-of-commissioners/,news,,2026-09-06,True,,,"[{""date"": null, ""kind"": ""proposed"", ""label"": ""Proposed"", ""source"": ""https://vermilioncountyfirst.com/2026/08/31/statement-from-the-vermillion-county-indiana-board-of-commissioners/""}]",,39.8553,-87.4661
leavenworth-county-ks,Leavenworth County,KS,County,Expired,Expired,False,,,,,,unknown,Term not documented,"90-day moratorium passed 3-2 in May 2026 re: Project Bluestem (1,000-acre hyperscale DC near Tonganoxie). Extension failed 3-2 in Aug 2026. Moratorium expired. Commissioners later passed a second moratorium to prevent lame-duck decisions before new commissioners join. Community group retained attorney for legal fight.",https://www.kshb.com/news/local-news/kansas/leavenworth-county/leavenworth-county-commissioners-pass-90-day-moratorium-on-data-centers,news,,2026-09-06,True,,,"[{""date"": null, ""kind"": ""enacted"", ""label"": ""Enacted"", ""source"": ""https://www.kshb.com/news/local-news/kansas/leavenworth-county/leavenworth-county-commissioners-pass-90-day-moratorium-on-data-centers""}]",,39.1999,-95.0379
topeka-ks,Topeka,KS,Local,Enacted,Enacted,False,,,,,,unknown,Term not documented,Unanimously approved 12-month moratorium in Jul 2026. Later amended to restrict utility connections both inside and outside city limits for data centers. Shawnee County (already in registry) separately approved 6-month moratorium.,https://www.ksnt.com/news/local-news/one-year-data-center-moratorium-approved-in-topeka/,news,,2026-09-06,True,,,"[{""date"": null, ""kind"": ""enacted"", ""label"": ""Enacted"", ""source"": ""https://www.ksnt.com/news/local-news/one-year-data-center-moratorium-approved-in-topeka/""}]",,39.0489,-95.678
chesapeake-beach-md,Chesapeake Beach,MD,Local,Enacted,Enacted,False,,2026-08-20,2026-01-01,year,,standing,No end date by design — a permanent ban or standing statute,Town Council voted 4-0 to pass ordinance prohibiting data centers in all zones. Calvert County waterfront municipality acted preemptively — no known developer interest. Concerns over environmental impact and tourism economy.,https://southernmarylandchronicle.com/2026/08/26/data-centers-face-bans-moratoriums-across-bay-region/,news,,2026-09-06,True,,,"[{""date"": ""2026-01-01"", ""kind"": ""enacted"", ""label"": ""Enacted"", ""source"": ""https://southernmarylandchronicle.com/2026/08/26/data-centers-face-bans-moratoriums-across-bay-region/""}]",,38.6862,-76.5347
allen-park-mi,Allen Park,MI,Local,Proposed,Proposed,False,,,,,,unknown,Term not documented,Planning commission rejected 26MW data center; city council considering 6-month moratorium on data center developments as of June 2026. No confirmed vote on moratorium yet.,https://planetdetroit.org/2026/06/allen-park-planners-reject-data-center/,news,,2026-09-06,True,26MW,,"[{""date"": null, ""kind"": ""proposed"", ""label"": ""Proposed"", ""source"": ""https://planetdetroit.org/2026/06/allen-park-planners-reject-data-center/""}]",,42.2573,-83.2108
genoa-township-mi,Genoa Township,MI,Local,Enacted,Enacted,False,,,,,,unknown,Term not documented,"Board of Trustees approved a one-time 6-month extension of the moratorium on data centers and cryptocurrency mining facilities. Additional time needed for noise restriction provisions. This is Genoa Township in Livingston County, MI — not Ohio.",https://www.whmi.com/news/article/genoa-data-center-crypto-currency-mining-moratorium-extended,news,,2026-09-06,True,,,"[{""date"": null, ""kind"": ""enacted"", ""label"": ""Enacted"", ""source"": ""https://www.whmi.com/news/article/genoa-data-center-crypto-currency-mining-moratorium-extended""}]",,42.5917,-83.9528
lansing-mi,Lansing,MI,Local,Enacted,Enacted,False,136.0,,,,2027-01-25,until_date,Runs to a documented date,"Lansing City Council passed 182-day moratorium on Jul 14, 2026 (7-1 vote). Takes effect Jul 27, lasts until Jan 25, 2027. Pauses new building permits and zoning applications for data centers. Follows withdrawal of Deep Green AI proposal for downtown data center.",https://www.wkar.org/wkar-news/2026-07-14/lansing-passes-6-month-data-center-moratorium,news,,2026-09-06,True,,permits,"[{""date"": null, ""kind"": ""enacted"", ""label"": ""Enacted"", ""source"": ""https://www.wkar.org/wkar-news/2026-07-14/lansing-passes-6-month-data-center-moratorium""}]",,42.7325,-84.5555
michigan-hb-5594-5596-mi,Michigan (HB 5594-5596),MI,State,Proposed,Proposed,False,,,,,,unknown,Term not documented,"HB 5594-5596 (House) and companion SB 1018-1020 (Senate) introduced June 2026. Data Center Regulation Act would halt new data center permits until Apr 1, 2027. Bipartisan sponsors (Reps. Wortz R, Fox R, Wegela D). In House Committee on Government Operations. Governor Whitmer has explicitly stated she would veto any moratorium legislation.",https://michiganadvance.com/briefs/wortz-spearheads-bipartisan-effort-to-halt-data-center-construction-in-michigan/,news,,2026-09-06,True,,,"[{""date"": null, ""kind"": ""proposed"", ""label"": ""Proposed"", ""source"": ""https://michiganadvance.com/briefs/wortz-spearheads-bipartisan-effort-to-halt-data-center-construction-in-michigan/""}]",,42.7325,-84.5555
zeeland-township-mi,Zeeland Township,MI,Local,Enacted,Enacted,False,,,,,,unknown,Term not documented,"Township Board unanimously approved new 1-year moratorium on data centers and energy facilities, replacing a previous moratorium that was repealed at the same meeting. Provides time to review and update master plan.",https://www.fox17online.com/news/local-news/holland-zeeland-grand-haven/zeeland-township-approves-new-data-center-and-energy-facility-moratorium-to-protect-local-planning,news,,2026-09-06,True,,,"[{""date"": null, ""kind"": ""enacted"", ""label"": ""Enacted"", ""source"": ""https://www.fox17online.com/news/local-news/holland-zeeland-grand-haven/zeeland-township-approves-new-data-center-and-energy-facility-moratorium-to-protect-local-planning""}]",,42.8125,-86.0486
allendale-township-mi,Allendale Township,MI,Local,Enacted,Enacted,False,270.0,"Jun 8, 2026",2026-06-08,day,2027-06-08,until_date,Runs to a documented date,"Ordinance 2026-07, one-year moratorium on data centers, battery storage, large-scale solar, and wind farms. Township board voted to study and implement ordinance revisions.",https://www.hollander.news/article/allendale-to-approve-a-moratorium-on-data-and-energy-projects,news,,2026-09-07,True,,,"[{""date"": ""2026-06-08"", ""kind"": ""enacted"", ""label"": ""Enacted"", ""source"": ""https://www.hollander.news/article/allendale-to-approve-a-moratorium-on-data-and-energy-projects""}]",,42.9725,-86.0753
big-rapids-charter-township-mi,Big Rapids Charter Township,MI,Local,Enacted,Enacted,False,165.0,"Feb 23, 2026",2026-02-23,day,2027-02-23,until_date,Runs to a documented date,"One-year moratorium on permitting, consideration, approval, location, construction, and installation of data center facilities.",https://bigrapidstownshipmi.gov/2026/02/27/data-center-moratorium-ordinance/,official,,2026-09-07,True,,,"[{""date"": ""2026-02-23"", ""kind"": ""enacted"", ""label"": ""Enacted"", ""source"": ""https://bigrapidstownshipmi.gov/2026/02/27/data-center-moratorium-ordinance/""}]",,43.6981,-85.4836
caledonia-township-mi,Caledonia Township,MI,Local,Enacted,Expired,True,-72.0,Feb 2026,2026-02-01,month,2026-07-01,until_date,Runs to a documented date,"Six-month moratorium on data center and data mining operations, backdated to Jan 1 2026. Prompted by developer inquiries about property at 68th Street and Kraft Avenue.",https://www.fox17online.com/news/local-news/kent/caledonia-township-puts-6-month-pause-on-data-center-development-to-review-industrial-standards,news,,2026-09-07,True,,,"[{""date"": ""2026-02-01"", ""kind"": ""enacted"", ""label"": ""Enacted"", ""source"": ""https://www.fox17online.com/news/local-news/kent/caledonia-township-puts-6-month-pause-on-data-center-development-to-review-industrial-standards""}]",,42.7892,-85.5164
detroit-mi,Detroit,MI,Local,Proposed,Proposed,False,,"Mar 10, 2026",2026-03-10,day,,unknown,Term not documented,"City Council voted 6-2 for a resolution asking Mayor Sheffield to impose a two-year moratorium on data center permits. The mayor has not adopted it, instead convening a stakeholder working group with a Dec 31, 2026 deadline for policy recommendations.",https://planetdetroit.org/2026/03/detroit-data-center-moratorium/,news,,2026-09-07,True,,,"[{""date"": ""2026-03-10"", ""kind"": ""proposed"", ""label"": ""Proposed"", ""source"": ""https://planetdetroit.org/2026/03/detroit-data-center-moratorium/""}]",,42.3314,-83.0458
fenton-township-mi,Fenton Township,MI,Local,Enacted,Enacted,False,159.0,"Feb 17, 2026",2026-02-17,day,2027-02-17,until_date,Runs to a documented date,"Ordinance No. 867, twelve-month moratorium to allow the Township Board and Planning Commission to evaluate and prepare permanent zoning regulations for data centers.",https://www.fentontownship.org/media/14701,news,,2026-09-07,True,,,"[{""date"": ""2026-02-17"", ""kind"": ""enacted"", ""label"": ""Enacted"", ""source"": ""https://www.fentontownship.org/media/14701""}]",,42.7975,-83.7308
filer-township-mi,Filer Township,MI,Local,Enacted,Enacted,False,264.0,"Jun 2, 2026",2026-06-02,day,2027-06-02,until_date,Runs to a documented date,"One-year moratorium on data center development. Public comment raised concerns about water usage, energy requirements, noise, and demolition plans.",https://www.shorelinemedia.net/ludington_daily_news/news/west-michigan-communities-move-to-regulate-data-centers/article_924d511a-66a7-4f94-ab63-ac9b984546ee.html,roundup,,2026-09-07,True,,,"[{""date"": ""2026-06-02"", ""kind"": ""enacted"", ""label"": ""Enacted"", ""source"": ""https://www.shorelinemedia.net/ludington_daily_news/news/west-michigan-communities-move-to-regulate-data-centers/article_924d511a-66a7-4f94-ab63-ac9b984546ee.html""}]",,44.2517,-86.2997
haring-township-mi,Haring Township,MI,Local,Enacted,Enacted,False,125.0,"Jul 14, 2026",2026-07-14,day,2027-01-14,until_date,Runs to a documented date,"Six-month moratorium on construction of data centers, approved unanimously. Planning commission directed to develop permanent regulatory standards. Key concerns: water usage, noise pollution, privacy, property tax impacts.",https://www.9and10news.com/2026/07/10/haring-township-to-vote-on-six-month-data-center-moratorium/,news,,2026-09-07,True,,,"[{""date"": ""2026-07-14"", ""kind"": ""enacted"", ""label"": ""Enacted"", ""source"": ""https://www.9and10news.com/2026/07/10/haring-township-to-vote-on-six-month-data-center-moratorium/""}]",,44.2481,-85.4917
hart-mi,Hart,MI,Local,Enacted,Enacted,False,76.0,"May 26, 2026",2026-05-26,day,2026-11-26,until_date,Runs to a documented date,City Council unanimously adopted six-month moratorium on data centers and digital mining uses. Described as proactive rather than a response to a specific proposal.,https://www.shorelinemedia.net/ludington_daily_news/news/west-michigan-communities-move-to-regulate-data-centers/article_924d511a-66a7-4f94-ab63-ac9b984546ee.html,roundup,,2026-09-07,True,,,"[{""date"": ""2026-05-26"", ""kind"": ""enacted"", ""label"": ""Enacted"", ""source"": ""https://www.shorelinemedia.net/ludington_daily_news/news/west-michigan-communities-move-to-regulate-data-centers/article_924d511a-66a7-4f94-ab63-ac9b984546ee.html""}]",,43.6981,-86.3639
lincoln-township-mi,Lincoln Township,MI,Local,Enacted,Enacted,False,212.0,"Jun 11, 2026",2026-06-11,day,2027-04-11,until_date,Runs to a documented date,"10-month moratorium on data center development. Allows planning commission time to study noise, water and electrical consumption, and community impacts.",https://wsbt.com/news/local/lincoln-township-trustees-agree-to-moratorium-on-data-centers-state-water-noise-electrical-consumption-impacts-communities-built-lincoln-township-michigan,news,,2026-09-07,True,,,"[{""date"": ""2026-06-11"", ""kind"": ""enacted"", ""label"": ""Enacted"", ""source"": ""https://wsbt.com/news/local/lincoln-township-trustees-agree-to-moratorium-on-data-centers-state-water-noise-electrical-consumption-impacts-communities-built-lincoln-township-michigan""}]",,42.0783,-86.4192
lowell-township-mi,Lowell Township,MI,Local,Rejected,Rejected,False,,"May 18, 2026",2026-05-18,day,,unknown,Term not documented,Township Board voted 2-5 against a proposed six-month moratorium. Proposed in response to Microsoft's plans for a data center at the 237-acre Covenant Business Park. Rejection prompted recall petitions for three board members.,https://www.woodtv.com/news/kent-county/lowell-township-board-votes-against-data-center-moratorium/,news,,2026-09-07,True,,,"[{""date"": ""2026-05-18"", ""kind"": ""rejected"", ""label"": ""Rejected"", ""source"": ""https://www.woodtv.com/news/kent-county/lowell-township-board-votes-against-data-center-moratorium/""}]",,42.9136,-85.3642
lyndon-township-mi,Lyndon Township,MI,Local,Enacted,Enacted,False,253.0,May 2026,2026-05-01,month,2027-05-22,until_date,Runs to a documented date,"Resolution 26-06, 12-month moratorium on issuance of permits, licenses, or approvals for data centers, or until permanent regulations adopted.",https://thesuntimesnews.com/lyndon-twp-notice-of-resolution-26-06/,news,,2026-09-07,True,,,"[{""date"": ""2026-05-01"", ""kind"": ""enacted"", ""label"": ""Enacted"", ""source"": ""https://thesuntimesnews.com/lyndon-twp-notice-of-resolution-26-06/""}]",,42.4092,-84.0075
lyon-charter-township-mi,Lyon Charter Township,MI,Local,Enacted,Expired,True,-12.0,"Mar 3, 2026",2026-03-03,day,2026-08-30,until_date,Runs to a documented date,"180-day moratorium on data centers and all proposed developments over 100,000 sq ft, unanimous. Prompted by backlash over 'Project Flex' — a 1.8M-sq-ft Verrus data center on 172 acres approved by planning commission in Sep 2025. The already-approved project is not affected.",https://www.detroitnews.com/story/news/local/oakland-county/2026/03/03/as-project-flex-proceeds-lyon-township-hits-pause-on-new-data-centers/88960710007/,news,,2026-09-07,True,"100,000 sq ft",,"[{""date"": ""2026-03-03"", ""kind"": ""enacted"", ""label"": ""Enacted"", ""source"": ""https://www.detroitnews.com/story/news/local/oakland-county/2026/03/03/as-project-flex-proceeds-lyon-township-hits-pause-on-new-data-centers/88960710007/""}]",,42.4617,-83.7269
mason-mi,Mason,MI,Local,Enacted,Expired,True,-220.0,"Jan 6, 2026",2026-01-06,day,2026-02-03,until_date,Runs to a documented date,"Ordinance 267, 90-day moratorium on data center permits. Lifted Feb 3 when council adopted M-3 Technology Innovation District zoning (Ordinance 266, 5-2). Ord 266 then repealed 4-2 on Mar 16 after a 755-signature citizen referendum petition. Council adopted a citizen-initiated noise and vibration ordinance in June.",https://www.wkar.org/wkar-news/2026-01-31/mason-city-council-could-adopt-new-data-center-zoning-rules-monday,news,,2026-09-07,True,,,"[{""date"": ""2026-01-06"", ""kind"": ""enacted"", ""label"": ""Enacted"", ""source"": ""https://www.wkar.org/wkar-news/2026-01-31/mason-city-council-could-adopt-new-data-center-zoning-rules-monday""}]",,42.5794,-84.4436
parma-township-mi,Parma Township,MI,Local,Enacted,Enacted,False,,Feb 2026,2026-02-01,month,,unknown,Term not documented,"Ordinance 2026-3, data center moratorium. Jackson County township.",https://parmatwp.gov/2026/02/23/notice-of-data-center-moratorium-adoption-2026-3/,official,,2026-09-07,True,,,"[{""date"": ""2026-02-01"", ""kind"": ""enacted"", ""label"": ""Enacted"", ""source"": ""https://parmatwp.gov/2026/02/23/notice-of-data-center-moratorium-adoption-2026-3/""}]",,42.3978,-84.6153
porter-township-mi,Porter Township,MI,Local,Enacted,Enacted,False,250.0,May 2026,2026-05-01,month,2027-05-19,until_date,Runs to a documented date,"12-month moratorium on data center development, unanimous vote. Enacted to establish data center guidelines before developers arrive. Multiple Cass County townships have enacted similar moratoriums.",https://wsbt.com/news/local/porter-township-passes-one-year-moratorium-pause-data-center-pause-ordinance-town-residents-developer-law-michigan-board-members-zoning-comment-public-meetings-approval-extension-cass-county-michigan,news,,2026-09-07,True,,,"[{""date"": ""2026-05-01"", ""kind"": ""enacted"", ""label"": ""Enacted"", ""source"": ""https://wsbt.com/news/local/porter-township-passes-one-year-moratorium-pause-data-center-pause-ordinance-town-residents-developer-law-michigan-board-members-zoning-comment-public-meetings-approval-extension-cass-county-michigan""}]",,41.9164,-85.9644
texas-township-mi,Texas Township,MI,Local,Enacted,Enacted,False,297.0,"Jun 22, 2026",2026-06-22,day,2027-07-05,until_date,Runs to a documented date,"Resolution 26-12, 12-month moratorium on data center developments including AI and cryptocurrency mining facilities. Planning commission to evaluate impacts on farmland preservation, infrastructure capacity, and environmental factors.",https://wkzo.com/2026/06/26/942683/,news,,2026-09-07,True,,,"[{""date"": ""2026-06-22"", ""kind"": ""enacted"", ""label"": ""Enacted"", ""source"": ""https://wkzo.com/2026/06/26/942683/""}]",,42.2828,-85.6525
waterford-township-mi,Waterford Township,MI,Local,Enacted,Enacted,False,12.0,"Mar 23, 2026",2026-03-23,day,2026-09-23,until_date,Runs to a documented date,"Ordinance No. 2026-Z-003, six-month moratorium on rezoning, site plan approval, special land use approval, building permits, and business registrations for new data center facilities.",https://www.waterfordmi.gov/ArchiveCenter/ViewFile/Item/1696,official,,2026-09-07,True,,rezoning,"[{""date"": ""2026-03-23"", ""kind"": ""enacted"", ""label"": ""Enacted"", ""source"": ""https://www.waterfordmi.gov/ArchiveCenter/ViewFile/Item/1696""}]",,42.6903,-83.3975
st-joseph-mn,St. Joseph,MN,Local,Enacted,Enacted,False,,,,,,fixed_undated,"A stated duration, but the end date isn't recorded here",Mayor Adam Scepaniak enacted 1-year moratorium on data centers in May 2026. City's industrial park is in a wetland area. City plans to research data centers and examine other communities' approaches during pause.,https://mix949.com/st-joseph-data-center-moratorium/,news,,2026-09-11,True,,,"[{""date"": null, ""kind"": ""enacted"", ""label"": ""Enacted"", ""source"": ""https://mix949.com/st-joseph-data-center-moratorium/""}]",,45.5653,-94.3183
kansas-city-mo,Kansas City,MO,Local,Enacted,Enacted,False,,,,,,unknown,Term not documented,"Kansas City, MO City Council adopted stricter zoning code on Jan 15, 2026. Reclassifies data centers from commercial to industrial facilities and limits them to specific zoning districts. Also directed city manager to evaluate impact of data center development. This is a zoning restriction, not a moratorium per se.",https://www.smartcitiesdive.com/news/data-centers-kansas-city-zoning-ordinance/811587/,news,,2026-09-06,True,,,"[{""date"": null, ""kind"": ""enacted"", ""label"": ""Enacted"", ""source"": ""https://www.smartcitiesdive.com/news/data-centers-kansas-city-zoning-ordinance/811587/""}]",,39.0997,-94.5786
ralls-county-mo,Ralls County,MO,County,Enacted,Enacted,False,343.0,2026-08-20,2026-01-01,year,2027-08-20,until_date,Runs to a documented date,Commissioners signed a one-year moratorium on economic development projects and data centers after learning a property owner may have signed a deal to sell 53 acres to a data center company. Commissioners want voters to decide on the April ballot whether the county should allow data centers.,https://www.khqa.com/news/local/ralls-county-data-center-moratorium-in-place-commissioners-want-voters-to-have-their-say/article_dbd40b26-6978-48ef-9d04-15eb918d5b3c.html,news,,2026-09-06,True,53 acres,,"[{""date"": ""2026-01-01"", ""kind"": ""enacted"", ""label"": ""Enacted"", ""source"": ""https://www.khqa.com/news/local/ralls-county-data-center-moratorium-in-place-commissioners-want-voters-to-have-their-say/article_dbd40b26-6978-48ef-9d04-15eb918d5b3c.html""}]",,39.5253,-91.5215
davidson-county-nc,Davidson County,NC,County,Rejected,Rejected,False,,2026-08-24,2026-01-01,year,,unknown,Term not documented,"Board of Commissioners split 3-3 on a proposed six-month moratorium on new data center development applications, so the moratorium was not adopted. One commissioner was absent.",https://www.davidsonlocal.com/news/4x8dnij67jq81i6aguer6ip6jfa3h8,news,,2026-09-06,True,,,"[{""date"": ""2026-01-01"", ""kind"": ""rejected"", ""label"": ""Rejected"", ""source"": ""https://www.davidsonlocal.com/news/4x8dnij67jq81i6aguer6ip6jfa3h8""}]",,35.7932,-80.209
mcdowell-county-nc,McDowell County,NC,County,Enacted,Enacted,False,153.0,2026-08-11,2026-01-01,year,2027-02-11,until_date,Runs to a documented date,Board of Commissioners unanimously approved a six-month moratorium on data center development following a special meeting and public hearing where residents raised concerns about water consumption during drought conditions. No data center project has been proposed in the county.,https://www.wcabnews.com/post/mcdowell-county-commissioners-approve-six-month-moratorium-on-data-centers,news,,2026-09-06,True,,,"[{""date"": ""2026-01-01"", ""kind"": ""enacted"", ""label"": ""Enacted"", ""source"": ""https://www.wcabnews.com/post/mcdowell-county-commissioners-approve-six-month-moratorium-on-data-centers""}]",,35.6801,-82.0597
morton-county-nd,Morton County,ND,County,Enacted,Enacted,False,,,,,,unknown,Term not documented,"Moratorium adopted September 2024. County has been developing replacement ordinance; Planning and Zoning Commission voted Aug 27, 2026 to recommend approval of revised data center ordinance to County Commission (Sep 10 meeting). Moratorium may soon be replaced by permanent regulations.",https://www.govtech.com/policy/morton-county-n-d-will-consider-data-center-moratorium,official,,2026-09-06,True,,,"[{""date"": null, ""kind"": ""enacted"", ""label"": ""Enacted"", ""source"": ""https://www.govtech.com/policy/morton-county-n-d-will-consider-data-center-moratorium""}]",,46.7175,-101.2816
gage-county-ne,Gage County,NE,County,Proposed,Proposed,False,,,,,,unknown,Term not documented,"Planning and Zoning Commission unanimously recommended 18-month moratorium on Jun 16, 2026. Awaiting County Board of Supervisors final approval. Board originally approved an 8-month moratorium before the planning commission recommended 18 months.",https://nebraskapublicmedia.org/en/news/news-articles/gage-county-planning-and-zoning-commission-approves-18-month-moratorium-on-data-centers/,news,,2026-09-06,True,,,"[{""date"": null, ""kind"": ""proposed"", ""label"": ""Proposed"", ""source"": ""https://nebraskapublicmedia.org/en/news/news-articles/gage-county-planning-and-zoning-commission-approves-18-month-moratorium-on-data-centers/""}]",,40.2583,-96.69
bridgewater-township-nj,Bridgewater Township,NJ,Local,Proposed,Proposed,False,,2026-09-02,2026-01-01,year,,unknown,Term not documented,"Planning Board voted Ordinance 26-15 'not inconsistent' with master plan; would amend land use code to add supplemental regulations for data centers and hyperscale data centers, making them not permitted unless sought through a use variance. Final council action expected Sept 3, 2026.",https://patch.com/new-jersey/bridgewater/data-center-ordinance-backed-bridgewater-township-planning-board,news,,2026-09-06,True,,,"[{""date"": ""2026-01-01"", ""kind"": ""proposed"", ""label"": ""Proposed"", ""source"": ""https://patch.com/new-jersey/bridgewater/data-center-ordinance-backed-bridgewater-township-planning-board""}]",,40.5934,-74.629
cranford-nj,Cranford,NJ,Local,Enacted,Enacted,False,,2026-07-08,2026-01-01,year,,standing,No end date by design — a permanent ban or standing statute,Township Committee unanimously approved ordinance removing data centers as a permitted use in all commercial zones. Prompted by CoreWeave data center under construction in nearby Kenilworth.,https://patch.com/new-jersey/cranford/cranford-says-no-ai-data-centers-new-zoning-change,news,,2026-09-06,True,,,"[{""date"": ""2026-01-01"", ""kind"": ""enacted"", ""label"": ""Enacted"", ""source"": ""https://patch.com/new-jersey/cranford/cranford-says-no-ai-data-centers-new-zoning-change""}]",,40.6584,-74.2993
rockaway-township-nj,Rockaway Township,NJ,Local,Enacted,Enacted,False,,2026-04,2026-01-01,year,,standing,No end date by design — a permanent ban or standing statute,"Council passed two ordinances: one removing data center use from the Hexa site specifically, and another banning data centers township-wide.",https://gothamist.com/news/nearly-100-nj-towns-have-banned-data-centers-dont-expect-a-statewide-prohibition-soon,news,,2026-09-06,True,,,"[{""date"": ""2026-01-01"", ""kind"": ""enacted"", ""label"": ""Enacted"", ""source"": ""https://gothamist.com/news/nearly-100-nj-towns-have-banned-data-centers-dont-expect-a-statewide-prohibition-soon""}]",,40.937,-74.5118
roselle-park-nj,Roselle Park,NJ,Local,Proposed,Proposed,False,,2026-05-13,2026-01-01,year,,standing,No end date by design — a permanent ban or standing statute,"Mayor Joseph Signorello Jr. introduced ordinance prohibiting data centers in all zoning districts, citing incompatibility with the dense residential community. Passed first reading in May 2026. Prompted by CoreWeave data center in nearby Kenilworth.",https://newjersey.news12.com/2026/05/13/roselle-park-mayor-to-introduce-ordinance-banning-data-center-development/SLrCIWRf6HQBcXMLaZdJ6,news,,2026-09-06,True,,,"[{""date"": ""2026-01-01"", ""kind"": ""proposed"", ""label"": ""Proposed"", ""source"": ""https://newjersey.news12.com/2026/05/13/roselle-park-mayor-to-introduce-ordinance-banning-data-center-development/SLrCIWRf6HQBcXMLaZdJ6""}]",,40.6646,-74.2643
leray-ny,LeRay,NY,Local,Enacted,Enacted,False,324.0,2026-08-01,2026-01-01,year,2027-08-01,until_date,Runs to a documented date,Town board approved one-year moratorium on data centers after public hearing. Prompted by a broker marketing hundreds of acres for a data center near Watertown/Fort Drum.,https://www.wwnytv.com/2026/07/17/leray-residents-push-town-board-ban-data-centers/,news,,2026-09-06,True,,,"[{""date"": ""2026-01-01"", ""kind"": ""enacted"", ""label"": ""Enacted"", ""source"": ""https://www.wwnytv.com/2026/07/17/leray-residents-push-town-board-ban-data-centers/""}]",,44.0584,-75.7876
allegheny-county-pa,Allegheny County,PA,County,Proposed,Proposed,False,,2026-08-25,2026-01-01,year,,unknown,Term not documented,"County Council introduced Bill 8185928 to ban data center construction and related infrastructure (backup generators, cooling towers) on county-owned properties (~770 parcels, ~30,000 acres). Introduced by seven council members including Dan Grzybek and Bethany Hallam. Referred to committee on sustainability and green initiatives.",https://www.wesanews.org/politics-government/2026-08-25/allegheny-county-property-data-center-ban-proposal,news,,2026-09-06,True,"30,000 acres",,"[{""date"": ""2026-01-01"", ""kind"": ""proposed"", ""label"": ""Proposed"", ""source"": ""https://www.wesanews.org/politics-government/2026-08-25/allegheny-county-property-data-center-ban-proposal""}]",,40.4688,-79.9815
gregg-township-pa,Gregg Township,PA,Local,Enacted,Enacted,False,158.0,2026-08-20,2026-01-01,year,2027-02-16,until_date,Runs to a documented date,"Board of Supervisors unanimously adopted Resolution 2026-03 imposing 180-day moratorium on new data center applications. Does not apply to PNK Group's pending application for a 252,000-sq-ft data center at Great Stream Commons.",https://www.standard-journal.com/news/local/gregg-township-passes-data-center-moratorium/article_bfb7a04d-5b42-4bbd-b862-5ae5f1f9918a.html,news,,2026-09-06,True,,,"[{""date"": ""2026-01-01"", ""kind"": ""enacted"", ""label"": ""Enacted"", ""source"": ""https://www.standard-journal.com/news/local/gregg-township-passes-data-center-moratorium/article_bfb7a04d-5b42-4bbd-b862-5ae5f1f9918a.html""}]",,40.953,-77.047
kershaw-county-sc,Kershaw County,SC,County,Proposed,Proposed,False,,2026-08-26,2026-01-01,year,,unknown,Term not documented,"County Council voted unanimously for first reading of an ordinance placing a 12-month moratorium on data center construction, following concerns that a proposed 500 MW Bethune Energy gas plant could be a precursor to a data center. Second reading required for enactment.",https://www.pmg-sc.com/camden/camden/article_969d52be-dc98-52ad-ba10-58374791cdb3.html,news,,2026-09-06,True,500 MW,,"[{""date"": ""2026-01-01"", ""kind"": ""proposed"", ""label"": ""Proposed"", ""source"": ""https://www.pmg-sc.com/camden/camden/article_969d52be-dc98-52ad-ba10-58374791cdb3.html""}]",,34.3329,-80.59
orangeburg-county-sc,Orangeburg County,SC,County,Enacted,Enacted,False,315.0,2026-07-23,2026-01-01,year,2027-07-23,until_date,Runs to a documented date,County Council enacted one-year moratorium on data center construction after three readings; first reading unanimously passed at special-called meeting Jul 23.,https://www.wltx.com/article/news/politics/orangeburg-county-enacts-moratorium-on-new-data-centers/101-2d0e1609-646e-4113-b110-4ac94697102f,news,,2026-09-11,True,,,"[{""date"": ""2026-01-01"", ""kind"": ""enacted"", ""label"": ""Enacted"", ""source"": ""https://www.wltx.com/article/news/politics/orangeburg-county-enacts-moratorium-on-new-data-centers/101-2d0e1609-646e-4113-b110-4ac94697102f""}]",,33.4918,-80.8556
gallatin-tn,Gallatin,TN,Local,Proposed,Proposed,False,,2026-07-08,2026-01-01,year,,unknown,Term not documented,City Council voted to move forward with creating a data center moratorium. The Planning Commission recommended a 12-month moratorium; final council vote expected September 2026. A 60-day pause on new data center applications was approved in the interim.,https://www.wsmv.com/2026/07/15/gallatin-council-moves-toward-data-center-building-moratorium/,news,,2026-09-06,True,,,"[{""date"": ""2026-01-01"", ""kind"": ""proposed"", ""label"": ""Proposed"", ""source"": ""https://www.wsmv.com/2026/07/15/gallatin-council-moves-toward-data-center-building-moratorium/""}]",,36.3884,-86.4467
brownsville-tx,Brownsville,TX,Local,Proposed,Proposed,False,,2026-09-02,2026-01-01,year,,unknown,Term not documented,"City commissioners voted to direct the city manager to initiate a 90-day moratorium on high-intensity data processing facilities. Under new Texas state law, the process requires three public hearings with 30 days between the first and second, so the moratorium has not yet taken effect.",https://myrgv.com/local-news/2026/09/02/brownsville-commissioners-move-forward-with-data-center-moratorium/,news,,2026-09-06,True,,,"[{""date"": ""2026-01-01"", ""kind"": ""proposed"", ""label"": ""Proposed"", ""source"": ""https://myrgv.com/local-news/2026/09/02/brownsville-commissioners-move-forward-with-data-center-moratorium/""}]",,25.9017,-97.4975
marathon-county-wi,Marathon County,WI,County,Enacted,Enacted,False,,,,,,unknown,Term not documented,"Marathon County Board adopted 12-month moratorium in late August 2026. Applies to 18 townships under county jurisdiction. Does not apply to existing data centers or facilities under 5,000 sq ft. Blocks new conditional use permits, zoning changes, and zoning permits.",https://www.centralwinews.com/main/2026/06/02/marathon-county-to-consider-data-center-moratorium/?destination=tribune-phonograph,news,,2026-09-06,True,"5,000 sq ft",,"[{""date"": null, ""kind"": ""enacted"", ""label"": ""Enacted"", ""source"": ""https://www.centralwinews.com/main/2026/06/02/marathon-county-to-consider-data-center-moratorium/?destination=tribune-phonograph""}]",,44.9272,-89.7693
middleton-wi,Middleton,WI,Local,Enacted,Enacted,False,,,,,,unknown,Term not documented,"City of Middleton Common Council adopted data center moratorium as of Jul 1, 2026. Pauses issuance of zoning certificates for data centers. Planning department directed to draft comprehensive data center ordinance.",https://www.middletontimes.com/articles/2026/07/01/data-center-moratorium-adopted,news,,2026-09-06,True,,,"[{""date"": null, ""kind"": ""enacted"", ""label"": ""Enacted"", ""source"": ""https://www.middletontimes.com/articles/2026/07/01/data-center-moratorium-adopted""}]",,43.0972,-89.5043
winnebago-county-wi,Winnebago County,WI,County,Enacted,Enacted,False,,,,,,unknown,Term not documented,"County Board passed 12-month moratorium in voice vote at Aug 18, 2026 meeting. Applies to townships of Algoma, Neenah, Nekimi, and Omro. Cities must adopt own regulations. Preemptive — no known data center proposals in county.",https://fox11online.com/news/local/winnebago-county-to-pursue-12-month-data-center-moratorium,news,,2026-09-06,True,,,"[{""date"": null, ""kind"": ""enacted"", ""label"": ""Enacted"", ""source"": ""https://fox11online.com/news/local/winnebago-county-to-pursue-12-month-data-center-moratorium""}]",,44.0625,-88.6354
arvada-co,Arvada,CO,Local,Proposed,Proposed,False,,,,,,unknown,Term not documented,Council directed staff to draft 18-month moratorium after Aug 11 study session. Vote on final language not yet scheduled as of mid-Aug 2026.,https://www.arvadapress.com/news/government-politics/article_da742ecf-c59f-4ec9-ae0b-c6147a1cc385.html,news,,2026-09-06,True,,,"[{""date"": null, ""kind"": ""proposed"", ""label"": ""Proposed"", ""source"": ""https://www.arvadapress.com/news/government-politics/article_da742ecf-c59f-4ec9-ae0b-c6147a1cc385.html""}]",,39.8028,-105.0875
butte-silver-bow-mt,Butte-Silver Bow,MT,County,Proposed,Proposed,False,,,,,,unknown,Term not documented,Commission voted 11-0 to direct county attorney to prepare temporary moratorium. Not yet formally enacted. Separate ballot initiative for voter-approval requirement was blocked by courts.,https://www.kxlf.com/news/butte-silver-bow-county-commission-votes-to-pursue-temporary-moratorium-on-data-centers,news,,2026-09-06,True,,,"[{""date"": null, ""kind"": ""proposed"", ""label"": ""Proposed"", ""source"": ""https://www.kxlf.com/news/butte-silver-bow-county-commission-votes-to-pursue-temporary-moratorium-on-data-centers""}]",,46.0038,-112.5348
calaveras-county-ca,Calaveras County,CA,County,Enacted,Enacted,False,28.0,,,,2026-10-09,until_date,Runs to a documented date,"Board of Supervisors adopted 45-day urgency ordinance 4-0 (chair absent) on Aug 25, 2026. Can be extended up to two years. Planning Director said large-scale data centers warrant further study on water, electricity, noise, lighting impacts.",https://mymotherlode.com/news/local/11092598/calaveras-data-center-moratorium-passes-4-0.html,news,,2026-09-06,True,,,"[{""date"": null, ""kind"": ""enacted"", ""label"": ""Enacted"", ""source"": ""https://mymotherlode.com/news/local/11092598/calaveras-data-center-moratorium-passes-4-0.html""}]",,38.1964,-120.6814
clackamas-county-or,Clackamas County,OR,County,Proposed,Proposed,False,,"Aug 11, 2026",2026-08-11,day,,unknown,Term not documented,Commissioners voted unanimously to direct staff to begin formal moratorium process (up to 120 days once enacted). Oregon law requires 45-day notice before public hearing; moratorium not yet in effect during notice period. No existing data center applications in the county.,https://www.opb.org/article/2026/08/05/clackamas-county-to-consider-data-center-moratorium/,news,,2026-09-11,True,,,"[{""date"": ""2026-08-11"", ""kind"": ""proposed"", ""label"": ""Proposed"", ""source"": ""https://www.opb.org/article/2026/08/05/clackamas-county-to-consider-data-center-moratorium/""}]",,45.1768,-122.2153
escondido-ca,Escondido,CA,Local,Enacted,Enacted,False,31.0,,,,2026-10-12,until_date,Runs to a documented date,"City council unanimously approved 45-day urgency ordinance. Can be extended up to one year with two additional extensions (10 months and 12 months). No current applications or inquiries. Progress update due Oct 10, 2026.",https://ncpipeline.substack.com/p/escondido-data-center-moratorium,news,,2026-09-06,True,,,"[{""date"": null, ""kind"": ""enacted"", ""label"": ""Enacted"", ""source"": ""https://ncpipeline.substack.com/p/escondido-data-center-moratorium""}]",,33.1192,-117.0864
eureka-ca,Eureka,CA,Local,Enacted,Enacted,False,36.0,,,,2026-10-17,until_date,Runs to a documented date,City council unanimously adopted urgency ordinance Bill No. 1061-C.S. establishing 45-day moratorium effective immediately. Can be extended under CA Gov Code 65858 while city updates Local Coastal Program (up to two years).,https://lostcoastoutpost.com/2026/sep/2/eureka-city-council-approved-temporary-ban-data-ce/,news,,2026-09-06,True,,,"[{""date"": null, ""kind"": ""enacted"", ""label"": ""Enacted"", ""source"": ""https://lostcoastoutpost.com/2026/sep/2/eureka-city-council-approved-temporary-ban-data-ce/""}]",,40.8021,-124.1637
loveland-co,Loveland,CO,Local,Proposed,Proposed,False,,,,,,unknown,Term not documented,Council held study session Sep 1 after multiple members expressed interest in emergency moratorium. A company has contacted city about establishing a data center. Larimer County (which contains Loveland) already has its own moratorium through Feb 2027.,https://bizwest.com/2026/09/02/loveland-likely-to-impose-data-center-moratorium/,news,,2026-09-06,True,,,"[{""date"": null, ""kind"": ""proposed"", ""label"": ""Proposed"", ""source"": ""https://bizwest.com/2026/09/02/loveland-likely-to-impose-data-center-moratorium/""}]",,40.3978,-105.075
mendocino-county-ca,Mendocino County,CA,County,Enacted,Enacted,False,35.0,,,,2026-10-16,until_date,Runs to a documented date,"Supervisors voted 5-0 to adopt urgency ordinance banning new data centers in unincorporated county, effective immediately for 45 days. County has no data centers and no applications. Extension hearing set for Oct 6; can remain in place up to two years under state law.",https://mendovoice.com/2026/09/mendocino-county-supes-ban-data-centers-for-the-moment-at-least/,news,,2026-09-06,True,,,"[{""date"": null, ""kind"": ""enacted"", ""label"": ""Enacted"", ""source"": ""https://mendovoice.com/2026/09/mendocino-county-supes-ban-data-centers-for-the-moment-at-least/""}]",,39.4382,-123.3317
missoula-county-mt,Missoula County,MT,County,Enacted,Enacted,False,300.0,,,,2027-07-08,until_date,Runs to a documented date,"Commissioners unanimously adopted one-year moratorium on new/expanded data centers countywide (excluding City of Missoula). First data center moratorium in Montana. 30 public commenters, all in favor. County must initiate study within 30 days. Can be extended one additional year.",https://montanafreepress.org/2026/07/09/missoula-county-adopts-temporary-moratorium-on-data-centers/,news,,2026-09-06,True,,,"[{""date"": null, ""kind"": ""enacted"", ""label"": ""Enacted"", ""source"": ""https://montanafreepress.org/2026/07/09/missoula-county-adopts-temporary-moratorium-on-data-centers/""}]",,46.8721,-114.0181
san-joaquin-county-ca,San Joaquin County,CA,County,Proposed,Proposed,False,,,,,,unknown,Term not documented,Board directed six-month study; 45-day moratorium expected to be voted on at Oct 1 meeting. No data center applications or operating facilities in unincorporated county. County code has no definition of data center.,https://www.sjgov.org/department/bos/board-news/board-news-detail/2026/09/02/sjc-board-moves-to-address-impacts-of-large-scale-ai-data-centers,news,,2026-09-06,True,,,"[{""date"": null, ""kind"": ""proposed"", ""label"": ""Proposed"", ""source"": ""https://www.sjgov.org/department/bos/board-news/board-news-detail/2026/09/02/sjc-board-moves-to-address-impacts-of-large-scale-ai-data-centers""}]",,37.9577,-121.2908
humboldt-county-ca,Humboldt County,CA,County,Proposed,Proposed,False,,,,,,unknown,Term not documented,Supervisors unanimously directed staff to draft one-year moratorium. Chose moratorium over permanent ban due to existing data center in Arcata. Not yet formally enacted.,https://lostcoastoutpost.com/2026/jul/15/humboldt-county-board-supervisors-kickstart-ban-of/,news,,2026-09-06,True,,,"[{""date"": null, ""kind"": ""proposed"", ""label"": ""Proposed"", ""source"": ""https://lostcoastoutpost.com/2026/jul/15/humboldt-county-board-supervisors-kickstart-ban-of/""}]",,40.745,-123.8695
calipatria-ca,Calipatria,CA,City,Enacted,Enacted,False,,"Aug 26, 2026",2026-08-26,day,,standing,No end date by design — a permanent ban or standing statute,"Permanent ban on large-scale data centers. Council advanced ban 3-2 on Jul 14, first reading Aug 12, final adoption Aug 26. First city in Imperial County to permanently prohibit data centers. Mayor Michael Luellen led effort amid recall notices.",https://www.kpbs.org/news/environment/2026/08/04/after-months-of-public-outcry-imperial-valley-cities-are-hitting-the-brakes-on-data-centers,news,,2026-09-11,True,,,"[{""date"": ""2026-08-26"", ""kind"": ""enacted"", ""label"": ""Enacted"", ""source"": ""https://www.kpbs.org/news/environment/2026/08/04/after-months-of-public-outcry-imperial-valley-cities-are-hitting-the-brakes-on-data-centers""}]",,33.1256,-115.514
el-monte-ca,El Monte,CA,City,Enacted,Enacted,False,144.0,"Mar 18, 2026",2026-03-18,day,2027-02-02,until_date,Runs to a documented date,Interim Urgency Ordinance No. 3063 (45-day moratorium); extended Apr 22 by Ordinance No. 3065 (7-0) for 10 months 15 days under Gov. Code 65858. Prohibits accepting or processing new data center land use applications.,https://www.ci.el-monte.ca.us/AgendaCenter/ViewFile/Agenda/_03182026-1367,news,,2026-09-11,True,,,"[{""date"": ""2026-03-18"", ""kind"": ""enacted"", ""label"": ""Enacted"", ""source"": ""https://www.ci.el-monte.ca.us/AgendaCenter/ViewFile/Agenda/_03182026-1367""}]",,34.0752,-118.0368
imperial-ca,Imperial,CA,City,Enacted,Enacted,False,249.0,"Jun 3, 2026",2026-06-03,day,2027-05-18,until_date,Runs to a documented date,"Interim Urgency Ordinance No. 834 (45-day moratorium, 5-0). Extended Jul 2026 through May 2027. City (distinct from Imperial County) exploring annexation of nearby county parcels for development control.",https://calexicochronicle.com/2026/06/09/imperial-implements-45-day-data-center-moratorium/,news,,2026-09-11,True,,,"[{""date"": ""2026-06-03"", ""kind"": ""enacted"", ""label"": ""Enacted"", ""source"": ""https://calexicochronicle.com/2026/06/09/imperial-implements-45-day-data-center-moratorium/""}]",,32.8476,-115.5694
montebello-ca,Montebello,CA,City,Expired,Expired,True,-167.0,"Feb 11, 2026",2026-02-11,day,2026-03-28,until_date,Runs to a documented date,Urgency Ordinance No. 2491 (5-0 vote). 45-day moratorium on AI data centers. Expired on schedule ~Mar 28. No extension adopted per review of all council agendas through Jul 2026. Adjacent to Monterey Park which permanently banned data centers.,https://citizenportal.ai/articles/7355998/california/los-angeles-county/montebello/residents-urge-montebello-council-to-support-moratorium-as-neighbors-oppose-nearby-data-center-proposals,news,,2026-09-11,True,,,"[{""date"": ""2026-02-11"", ""kind"": ""enacted"", ""label"": ""Enacted"", ""source"": ""https://citizenportal.ai/articles/7355998/california/los-angeles-county/montebello/residents-urge-montebello-council-to-support-moratorium-as-neighbors-oppose-nearby-data-center-proposals""}]",,34.0159,-118.112
patterson-ca,Patterson,CA,City,Enacted,Enacted,False,307.0,"Jul 16, 2026",2026-07-16,day,2027-07-15,until_date,Runs to a documented date,Interim Urgency Ordinance No. 889 (initial 45-day). Extended unanimously Aug 18 via Ordinance No. 890 for 10 months 15 days. Data centers were previously permitted by right in industrial zones. Key concern is water — city faces state requirements to reduce groundwater pumping.,https://www.cbsnews.com/sacramento/news/patterson-extends-data-center-moratorium/,news,,2026-09-11,True,,,"[{""date"": ""2026-07-16"", ""kind"": ""enacted"", ""label"": ""Enacted"", ""source"": ""https://www.cbsnews.com/sacramento/news/patterson-extends-data-center-moratorium/""}]",,37.4716,-121.1297
morgan-hill-ca,Morgan Hill,CA,City,Enacted,Enacted,False,29.0,"Aug 26, 2026",2026-08-26,day,2026-10-10,until_date,Runs to a documented date,45-day urgency moratorium covering data centers AND grid-scale battery energy storage. Unanimous vote. City has no zoning standards for either use. Extendable up to 2 years under CA Gov. Code 65858.,https://morganhilltimes.com/morgan-hill-declares-moratorium-on-data-centers-battery-storage-sites/,news,,2026-09-11,True,,,"[{""date"": ""2026-08-26"", ""kind"": ""enacted"", ""label"": ""Enacted"", ""source"": ""https://morganhilltimes.com/morgan-hill-declares-moratorium-on-data-centers-battery-storage-sites/""}]",,37.1305,-121.6544
lake-elsinore-ca,Lake Elsinore,CA,City,Enacted,Enacted,False,28.0,"Aug 25, 2026",2026-08-25,day,2026-10-09,until_date,Runs to a documented date,Emergency ordinance establishing 45-day moratorium on new data center applications. Unanimous vote. Requested by Councilmember Steve Manos after resident concerns. City zoning code does not specifically address data centers.,https://elsinore247.com/2026/08/council-unanimously-approves-45-day-data-center-moratorium.html,news,,2026-09-11,True,,,"[{""date"": ""2026-08-25"", ""kind"": ""enacted"", ""label"": ""Enacted"", ""source"": ""https://elsinore247.com/2026/08/council-unanimously-approves-45-day-data-center-moratorium.html""}]",,33.6681,-117.3273
baldwin-park-ca,Baldwin Park,CA,City,Enacted,Enacted,False,,"Apr 16, 2026",2026-04-16,day,,fixed_undated,"A stated duration, but the end date isn't recorded here","One-year urgency moratorium suspending approval, establishment, or operation of data centers within city limits. Extended from an initial short-term urgency ordinance adopted in March 2026. Vote 3-0. Water/groundwater protection cited as primary concern — city sits atop the San Gabriel Valley Groundwater Basin. Part of the San Gabriel Valley wave alongside Monterey Park, El Monte, and Montebello.",https://citizenportal.ai/articles/7830978/california/los-angeles-county/baldwin-park-city/baldwin-park-adopts-one-year-urgency-moratorium-on-new-data-centers-citing-water-concerns,news,,2026-09-11,True,,,"[{""date"": ""2026-04-16"", ""kind"": ""enacted"", ""label"": ""Enacted"", ""source"": ""https://citizenportal.ai/articles/7830978/california/los-angeles-county/baldwin-park-city/baldwin-park-adopts-one-year-urgency-moratorium-on-new-data-centers-citing-water-concerns""}]",,34.0855,-117.9609
alhambra-ca,Alhambra,CA,City,Enacted,Enacted,False,,"Jun 22, 2026",2026-06-22,day,,standing,No end date by design — a permanent ban or standing statute,"Ordinance O2M26-4863 (effective Aug 1, 2026) prohibits data centers in office and industrial zones. Planning Commission unanimously recommended approval (Resolution 26-07). Measure DB on the Nov 3, 2026 ballot would extend the ban to all zones and lock it into the city charter, requiring voter approval to reverse. If passed, Alhambra would be the second CA city after Monterey Park to enact a voter-approved permanent ban.",https://laist.com/news/alhambra-ballot-measure-data-center-ban-2026,news,,2026-09-11,True,,,"[{""date"": ""2026-06-22"", ""kind"": ""enacted"", ""label"": ""Enacted"", ""source"": ""https://laist.com/news/alhambra-ballot-measure-data-center-ban-2026""}]",,34.0953,-118.127
clark-county-in,Clark County,IN,County,Enacted,Enacted,False,,,,,,unknown,Term not documented,One-year moratorium to study and review potential zoning amendments. Planning director working with five jurisdictions developing DC regulations. Commissioner noted expectation of state-level legislation.,https://www.newsandtribune.com/news/clark-county-commissioners-approve-data-center-moratorium/article_75db5fbb-7271-4948-837d-c6dbfa79d9ab.html,news,,2026-09-06,True,,,"[{""date"": null, ""kind"": ""enacted"", ""label"": ""Enacted"", ""source"": ""https://www.newsandtribune.com/news/clark-county-commissioners-approve-data-center-moratorium/article_75db5fbb-7271-4948-837d-c6dbfa79d9ab.html""}]",,38.4767,-85.7586
benton-county-ar,Benton County,AR,County,Enacted,Enacted,False,152.0,"August 10, 2026",2026-08-10,day,2027-02-10,until_date,Runs to a documented date,Six-month moratorium. Developer NSI6 LLC / Trent Overhue challenged it in court Sep 2; ~100 people filled courtroom. Developer selected county specifically because it had no planning and zoning. County attorney argued moratorium valid because Overhue's project not yet started and land not yet owned (closing Sep 9). Judge considering temporary restraining order.,https://www.ky3.com/2026/09/02/data-center-moratorium-fight-plays-out-benton-county-courtroom/,news,,2026-09-06,True,,,"[{""date"": ""2026-08-10"", ""kind"": ""enacted"", ""label"": ""Enacted"", ""source"": ""https://www.ky3.com/2026/09/02/data-center-moratorium-fight-plays-out-benton-county-courtroom/""}]",,36.3401,-94.2513
green-county-wi,Green County,WI,County,Enacted,Enacted,False,,,,,,unknown,Term not documented,Board voted 30-1 to approve 12-month moratorium. No data center proposals had been received. Chairman Jerry Guth said moratorium would allow time to review and update antiquated zoning codes. Part of broader Wisconsin trend (~24 communities with moratoriums).,http://www.beloitdailynews.com/news/local-news/green-county-joins-the-growing-list-of-wisconsin-counties-passing-data-center-moratoriums/article_644bfc7d-ebfb-4fa4-8ac7-c46b9d28d300.html,news,,2026-09-06,True,,,"[{""date"": null, ""kind"": ""enacted"", ""label"": ""Enacted"", ""source"": ""http://www.beloitdailynews.com/news/local-news/green-county-joins-the-growing-list-of-wisconsin-counties-passing-data-center-moratoriums/article_644bfc7d-ebfb-4fa4-8ac7-c46b9d28d300.html""}]",,42.6793,-89.6035
lancaster-county-ne,Lancaster County,NE,County,Proposed,Proposed,False,,,,,,unknown,Term not documented,Commissioner Matt Schulte introduced 12-month moratorium at weekly staff meeting. Heard concerns about large-scale DCs in southern Lancaster County near Hallam. Board made revisions and expected to reconsider in two weeks. NOT YET PASSED as of late Aug 2026.,https://nebraskapublicmedia.org/en/news/news-articles/data-center-moratorium-introduced-by-lancaster-county-commissioner/,news,,2026-09-06,True,,,"[{""date"": null, ""kind"": ""proposed"", ""label"": ""Proposed"", ""source"": ""https://nebraskapublicmedia.org/en/news/news-articles/data-center-moratorium-introduced-by-lancaster-county-commissioner/""}]",,40.7835,-96.6852
pine-county-mn,Pine County,MN,County,Enacted,Enacted,False,341.0,"Aug 18, 2026",2026-08-18,day,2027-08-18,until_date,Runs to a documented date,"Board adopted 12-month interim ordinance; initially passed 6-month version Jul 7, extended to 12 months at Aug 18 public hearing. Earlier attempt in May failed. Zoning Board tasked with studying regulations.",https://www.pinecountynews.com/public_notices/north-pine-county-news-public-notices-sept-3-2026/article_ac545bd0-a7a2-4c2d-aaa2-b8ff4f1c3b9f.html,news,,2026-09-11,True,,,"[{""date"": ""2026-08-18"", ""kind"": ""enacted"", ""label"": ""Enacted"", ""source"": ""https://www.pinecountynews.com/public_notices/north-pine-county-news-public-notices-sept-3-2026/article_ac545bd0-a7a2-4c2d-aaa2-b8ff4f1c3b9f.html""}]",,46.1194,-92.7414
polk-county-wi,Polk County,WI,County,Proposed,Proposed,False,,,,,,unknown,Term not documented,ESC approved resolution 29-26 on July 15 and sent to full county board for July 21 meeting. Residents providing public comment unanimously opposed data centers. Applies to 16 named towns. Final board vote outcome not confirmed in available sources.,https://www.osceolasun.com/news/polk-esc-approves-data-center-moratorium-resolution-sends-to-county-board/article_dff935d0-9975-4112-97c5-f531c9c21c50.html,news,,2026-09-06,True,,,"[{""date"": null, ""kind"": ""proposed"", ""label"": ""Proposed"", ""source"": ""https://www.osceolasun.com/news/polk-esc-approves-data-center-moratorium-resolution-sends-to-county-board/article_dff935d0-9975-4112-97c5-f531c9c21c50.html""}]",,45.4664,-92.3761
pottawatomie-county-ks,Pottawatomie County,KS,County,Proposed,Proposed,False,,,,,,unknown,Term not documented,Public hearing Aug 20 at St. Bernard Catholic Church in Wamego; 125-150 attendees; 33 speakers mostly called for moratorium. County was developing data center overlay district regulations. No moratorium enacted — county chose regulatory path instead. A petition also circulated calling for pause.,https://themercury.com/news/residents-request-a-moratorium-at-pott-county-public-hearing-on-data-centers/article_28b9078a-7561-5591-a7e5-e65589aeafd6.html,news,,2026-09-06,True,,,"[{""date"": null, ""kind"": ""proposed"", ""label"": ""Proposed"", ""source"": ""https://themercury.com/news/residents-request-a-moratorium-at-pott-county-public-hearing-on-data-centers/article_28b9078a-7561-5591-a7e5-e65589aeafd6.html""}]",,39.3788,-96.343
tazewell-county-il,Tazewell County,IL,County,Proposed,Proposed,False,,,,,,unknown,Term not documented,Board amended zoning code to prohibit unlisted uses and directed zoning department not to accept DC petitions while ordinance is developed (de facto moratorium). Formal moratorium discussed but opinions varied. Committee recommended removing agricultural land from DC sites. Ordinance still in development as of Aug 2026.,https://wmbdradio.com/2026/08/21/tazewell-county-revisits-data-center-ordinance-woodford-county-passes-moratorium/,roundup,,2026-09-06,True,,,"[{""date"": null, ""kind"": ""proposed"", ""label"": ""Proposed"", ""source"": ""https://wmbdradio.com/2026/08/21/tazewell-county-revisits-data-center-ordinance-woodford-county-passes-moratorium/""}]",,40.5072,-89.5168
upper-burrell-township-pa,Upper Burrell Township,PA,Local,Enacted,Enacted,False,52.0,,,,2026-11-02,until_date,Runs to a documented date,"180-day moratorium on new data center development, enacted May 2026, expires Nov 2. Does NOT apply to existing TECfusions permits (Building J already operational). Despite moratorium, commissioners approved a land development plan for TECfusions. 1,400-acre campus (Keystone Connect) could reach 3 GW. 50+ residents attended meeting opposing DC. Former Alcoa Technical Center site.",https://www.publicsource.org/upper-burrell-data-center-transparency-backlash/,news,,2026-09-06,True,,,"[{""date"": null, ""kind"": ""enacted"", ""label"": ""Enacted"", ""source"": ""https://www.publicsource.org/upper-burrell-data-center-transparency-backlash/""}]",,40.5847,-79.727
upper-sandusky-oh,Upper Sandusky,OH,Local,Enacted,Enacted,False,,,,,,unknown,Term not documented,Six-month moratorium to review existing planning and zoning regulations. Planning Commission evaluating 'high resource demand development' rules. Consulting with industry experts and benchmarking against other communities. Focus on infrastructure strain and natural resource consumption.,https://crawfordcountynow.com/local/upper-sandusky-implements-six-month-moratorium-on-new-data-center-development/,news,,2026-09-06,True,,,"[{""date"": null, ""kind"": ""enacted"", ""label"": ""Enacted"", ""source"": ""https://crawfordcountynow.com/local/upper-sandusky-implements-six-month-moratorium-on-new-data-center-development/""}]",,40.8273,-83.2816
south-strabane-township-pa,South Strabane Township,PA,Local,Rejected,Rejected,False,,,,,,unknown,Term not documented,"Residents called for moratorium but supervisors instead adopted regulatory ordinances with 1,500-foot residential setback, noise and dust rules. Unanimous vote on ordinances June 11. Leaves 651 of 1,400 acres available for DC on Zediker Station Road property. PA state moratorium bill (SB 1345) could provide additional tool if passed.",https://www.observer-reporter.com/news/local-news/2026/jun/11/south-strabane-adopts-data-center-noise-ordinances/,news,,2026-09-06,True,"1,400 acres",,"[{""date"": null, ""kind"": ""rejected"", ""label"": ""Rejected"", ""source"": ""https://www.observer-reporter.com/news/local-news/2026/jun/11/south-strabane-adopts-data-center-noise-ordinances/""}]",,40.1751,-80.2092
ellsworth-me,Ellsworth,ME,Local,Enacted,Enacted,False,,,,,,unknown,Term not documented,Preemptive moratorium — no data center inquiries received. Gives city time to study impacts and develop recommendations. Maine governor vetoed statewide DC moratorium in April; override attempt fell short. Part of wave of Maine municipal moratoriums.,https://www.ellsworthamerican.com/news/ellsworth-city-council-approves-data-center-moratorium/article_9ab5df1b-3fa9-41a0-be16-9fca1ad83919.html,news,,2026-09-06,True,,,"[{""date"": null, ""kind"": ""enacted"", ""label"": ""Enacted"", ""source"": ""https://www.ellsworthamerican.com/news/ellsworth-city-council-approves-data-center-moratorium/article_9ab5df1b-3fa9-41a0-be16-9fca1ad83919.html""}]",,44.5431,-68.4228
ellsworth-township-oh,Ellsworth Township,OH,Local,Enacted,Enacted,False,,,,,,unknown,Term not documented,"One-year moratorium to review zoning. No DC zoning applications received prior. Joins Mahoning Valley communities with moratoriums (Braceville Township, Cortland, Hubbard, Lordstown, Niles).",https://www.wfmj.com/news/local-news/ellsworth-township-becomes-latest-community-to-enact-data-center-moratorium/article_bea66566-8047-437a-a897-5acbba9d48e1.html,news,,2026-09-06,True,,,"[{""date"": null, ""kind"": ""enacted"", ""label"": ""Enacted"", ""source"": ""https://www.wfmj.com/news/local-news/ellsworth-township-becomes-latest-community-to-enact-data-center-moratorium/article_bea66566-8047-437a-a897-5acbba9d48e1.html""}]",,41.0189,-80.8612
orion-township-mi,Orion Township,MI,Local,Enacted,Enacted,False,97.0,"Jun 17, 2026",2026-06-17,day,2026-12-17,until_date,Runs to a documented date,"Board passed a six-month moratorium 7-0 at the request of the planning commission and planning/zoning department, which said the current zoning ordinance does not address modern data centers. Resolution covers facilities housing computer systems, servers, telecommunications equipment and data storage. Supervisor cited water and power usage; township may extend it.",https://lakeorionreview.com/articles/news/orion-twp-board-passes-six-month-moratorium-on-data-centers/,news,,2026-09-07,True,,,"[{""date"": ""2026-06-17"", ""kind"": ""enacted"", ""label"": ""Enacted"", ""source"": ""https://lakeorionreview.com/articles/news/orion-twp-board-passes-six-month-moratorium-on-data-centers/""}]",,42.7842,-83.2419
marion-county-fl,Marion County,FL,County,Proposed,Proposed,False,,"Aug 31, 2026",2026-08-31,day,,unknown,Term not documented,"Planning and Zoning Commission voted unanimously to recommend a 12-month moratorium on new data centers, cryptocurrency mining and related facilities after a packed public hearing. Goes to the Board of County Commissioners for a second public hearing on Sept 15, 2026; not adopted yet. Commissioners had earlier directed staff to prepare a 12-month pause rather than the six months first suggested.",https://352today.com/news/257752-marion-county-planning-board-recommends-12-month-data-center-moratorium/,news,,2026-09-07,True,,,"[{""date"": ""2026-08-31"", ""kind"": ""proposed"", ""label"": ""Proposed"", ""source"": ""https://352today.com/news/257752-marion-county-planning-board-recommends-12-month-data-center-moratorium/""}]",,29.1872,-82.1401
orange-county-fl,Orange County,FL,County,Proposed,Proposed,False,,Sep 2026,2026-09-01,month,,unknown,Term not documented,"Vice Mayor Kelly Martinez Semrad asked the county commission to consider a moratorium of at least one year on new AI data center applications; the board takes it up Sept 15, 2026. County land development code has no data center definition, so the use is implicitly allowed in industrial districts. Proposal calls for study of water, energy capacity, zoning and community character.",https://www.clickorlando.com/news/local/2026/09/05/orange-county-to-weigh-temporary-moratorium-on-ai-data-center-applications/,news,,2026-09-07,True,,,"[{""date"": ""2026-09-01"", ""kind"": ""proposed"", ""label"": ""Proposed"", ""source"": ""https://www.clickorlando.com/news/local/2026/09/05/orange-county-to-weigh-temporary-moratorium-on-ai-data-center-applications/""}]",,28.5384,-81.3789
jefferson-county-co,Jefferson County,CO,County,Enacted,Enacted,False,189.0,2026-05-19,2026-01-01,year,2027-03-19,until_date,Runs to a documented date,"Board of Commissioners voted to impose a 10-month moratorium on new data center applications and rezoning; excludes land already zoned for data centers via Planned Development if 1,500+ ft from any dwelling; county to study water, WUI, environmental and community health impacts",https://www.jeffco.us/m/newsflash/Home/Detail/2596,news,,2026-09-07,True,,rezoning,"[{""date"": ""2026-01-01"", ""kind"": ""enacted"", ""label"": ""Enacted"", ""source"": ""https://www.jeffco.us/m/newsflash/Home/Detail/2596""}]",,39.55,-105.2211
west-haven-ct,West Haven,CT,City,Enacted,Enacted,False,270.0,2026-06-08,2026-01-01,year,2027-06-08,until_date,Runs to a documented date,"City Council unanimously approved a 12-month moratorium on establishment and development of data centers; proposed by Mayor Dorinda Borer; defines data centers as facilities primarily used for storage, processing, and distribution of digital data; exempts incidental server rooms; city to review zoning and licensing rules",https://hartfordbusiness.com/article/new-haven-weighs-12-month-moratorium-on-data-center-development/,news,,2026-09-07,True,,,"[{""date"": ""2026-01-01"", ""kind"": ""enacted"", ""label"": ""Enacted"", ""source"": ""https://hartfordbusiness.com/article/new-haven-weighs-12-month-moratorium-on-data-center-development/""}]",,41.2712,-72.947
clay-county-fl,Clay County,FL,County,Enacted,Enacted,False,285.0,2026-06-23,2026-01-01,year,2027-06-23,until_date,Runs to a documented date,"Board of County Commissioners voted 4-1 to adopt a one-year moratorium on data center rezoning, permits, and site plans; Commissioner Compere sole no vote; staff to research potential impacts on water and infrastructure",https://www.actionnewsjax.com/news/local/clay-county-commissioners-approve-one-year-moratorium-data-centers/GM7HRVAP3ND2TJ4SNUG3HAPABI/,news,,2026-09-07,True,,rezoning,"[{""date"": ""2026-01-01"", ""kind"": ""enacted"", ""label"": ""Enacted"", ""source"": ""https://www.actionnewsjax.com/news/local/clay-county-commissioners-approve-one-year-moratorium-data-centers/GM7HRVAP3ND2TJ4SNUG3HAPABI/""}]",,29.9814,-81.8068
nassau-county-fl,Nassau County,FL,County,Enacted,Enacted,False,270.0,2026-06-08,2026-01-01,year,2027-06-08,until_date,Runs to a documented date,"Board of County Commissioners adopted Ordinance 2026-044, a 12-month moratorium on acceptance, review, or approval of applications for development permits, rezoning, or site plans for data centers, data processing, data mining, or cryptocurrency mining; county established a Fact-Finding Committee on Data Center Development; prompted by NextNRG's 1,600-acre lease option near Jacksonville International Airport",https://www.nassaucountyfl.com/1528/Data-Centers,news,,2026-09-07,True,,rezoning,"[{""date"": ""2026-01-01"", ""kind"": ""enacted"", ""label"": ""Enacted"", ""source"": ""https://www.nassaucountyfl.com/1528/Data-Centers""}]",,30.611,-81.769
anchorage-ak,Anchorage,AK,Local,Enacted,Enacted,False,,"Mar 27, 2026",2026-03-27,day,,standing,No end date by design — a permanent ban or standing statute,"AO 2026-27: defines data centers (20+ MW) in zoning code, restricts to commercial/industrial zones, bans from residential, requires conditional use review, utility capacity statement, landscaping buffers and enclosed power equipment",https://www.adn.com/alaska-news/anchorage/2026/03/27/anchorage-assembly-preemptively-adopts-data-center-regulations/,news,,2026-09-07,True,,,"[{""date"": ""2026-03-27"", ""kind"": ""enacted"", ""label"": ""Enacted"", ""source"": ""https://www.adn.com/alaska-news/anchorage/2026/03/27/anchorage-assembly-preemptively-adopts-data-center-regulations/""}]",,61.22,-149.9
fairbanks-north-star-borough-ak,Fairbanks North Star Borough,AK,Local,Proposed,Proposed,False,,"Aug 27, 2026",2026-08-27,day,,unknown,Term not documented,"Borough Assembly adopted 2027 legislative priority requesting state and federal moratorium on permitting, leasing and construction of commercial data centers on public lands until regulations are developed; not a locally enacted moratorium but an official resolution",https://fm.kuac.org/2026-08-31/in-legislative-priorities-fairbanks-north-star-borough-assembly-doubles-up-on-ai-data-center-moratorium-request,news,,2026-09-07,True,,,"[{""date"": ""2026-08-27"", ""kind"": ""proposed"", ""label"": ""Proposed"", ""source"": ""https://fm.kuac.org/2026-08-31/in-legislative-priorities-fairbanks-north-star-borough-assembly-doubles-up-on-ai-data-center-moratorium-request""}]",,64.84,-147.72
delaware-sb-353-de,Delaware (SB 353),DE,State,Defeated,Defeated,False,,"Jun 30, 2026",2026-06-30,day,,unknown,Term not documented,"SB 353: statewide moratorium on permits for 100+ MW data centers through Jan 31, 2027; motion to suspend rules failed 6-15 in the Senate. Legislature passed a restrictions package (HB 233/HB 445/HB 310/SB 326) instead",https://legis.delaware.gov/BillDetail/143681,official,,2026-09-07,True,,,"[{""date"": ""2026-06-30"", ""kind"": ""enacted"", ""label"": ""Enacted"", ""source"": ""https://legis.delaware.gov/BillDetail/143681""}]",,39.16,-75.52
dover-de,Dover,DE,Local,Proposed,Proposed,False,,"Aug 13, 2026",2026-08-13,day,,unknown,Term not documented,"18-month moratorium on acceptance, processing, review, approval and issuance of permits for new data centers; council committee voted unanimously to advance to full council; would be first Delaware municipality with a temporary ban",https://spotlightdelaware.org/2026/08/13/dover-data-center-moratorium-gains-steam-amid-statewide-concerns-over-the-industry/,news,,2026-09-07,True,,,"[{""date"": ""2026-08-13"", ""kind"": ""proposed"", ""label"": ""Proposed"", ""source"": ""https://spotlightdelaware.org/2026/08/13/dover-data-center-moratorium-gains-steam-amid-statewide-concerns-over-the-industry/""}]",,39.16,-75.52
new-castle-county-de,New Castle County,DE,County,Enacted,Enacted,False,,"Mar 11, 2026",2026-03-11,day,,standing,No end date by design — a permanent ban or standing statute,"Council voted 12-0 for zoning regulations: 1,000-foot residential buffer (500 ft with noise study), closed-loop cooling required, energy-efficient backup generators, decommissioning funds; existing projects exempt",https://www.delawarepublic.org/politics-government/2026-03-11/new-castle-county-council-unanimously-approves-data-center-regulations-after-hours-long-meeting,news,,2026-09-07,True,,,"[{""date"": ""2026-03-11"", ""kind"": ""enacted"", ""label"": ""Enacted"", ""source"": ""https://www.delawarepublic.org/politics-government/2026-03-11/new-castle-county-council-unanimously-approves-data-center-regulations-after-hours-long-meeting""}]",,39.58,-75.64
kent-county-de,Kent County,DE,County,Enacted,Enacted,False,,"Jul 21, 2026",2026-07-21,day,,standing,No end date by design — a permanent ban or standing statute,"LC26-06: data centers permitted only in Limited Industrial and General Industrial zones in unincorporated areas; 300-foot residential buffer, 6-foot vegetative buffers, noise limits, written utility capacity documentation required; county attorney reviewing viability of a complete ban",https://spotlightdelaware.org/2026/07/23/kent-county-adopts-data-center-regulations-may-consider-future-ban/,news,,2026-09-07,True,,,"[{""date"": ""2026-07-21"", ""kind"": ""enacted"", ""label"": ""Enacted"", ""source"": ""https://spotlightdelaware.org/2026/07/23/kent-county-adopts-data-center-regulations-may-consider-future-ban/""}]",,39.15,-75.51
kootenai-county-id,Kootenai County,ID,County,Enacted,Enacted,False,,"Sep 25, 2025",2025-09-25,day,,standing,No end date by design — a permanent ban or standing statute,"ORA 25-0007: prohibits data centers in the Commercial zone; allows in Light Industrial and Industrial only with conditional use permit; bans data centers over the aquifer. Replaced a 183-day emergency moratorium (Mar 2, 2025). Commissioners directed staff to draft an outright ban in unincorporated areas",https://www.spokanepublicradio.org/regional-news/2025-10-02/avoiding-ai-kootenai-county-works-towards-total-ban-against-data-centers,news,,2026-09-07,True,,,"[{""date"": ""2025-03-02"", ""kind"": ""enacted"", ""label"": ""Emergency moratorium"", ""source"": ""https://www.khq.com/news/kootenai-county-imposes-moratorium-on-data-center-building-permits/article_f622e15a-f79e-11ef-87ed-1bd380bdd67e.html""}, {""date"": ""2025-09-25"", ""kind"": ""enacted"", ""label"": ""Permanent restriction"", ""source"": ""https://www.spokanepublicradio.org/regional-news/2025-10-02/avoiding-ai-kootenai-county-works-towards-total-ban-against-data-centers""}]",,47.68,-116.78
bannock-county-id,Bannock County,ID,County,Enacted,Enacted,False,137.0,"Jul 30, 2026",2026-07-30,day,2027-01-26,until_date,Runs to a documented date,"180-day emergency moratorium on accepting or processing new data center permit applications in unincorporated county; does not affect Pocatello city limits; county to draft standalone data center ordinance addressing water, energy and land-use impacts",https://localnews8.com/news/pocatello/2026/07/31/bannock-county-approves-180-day-emergency-moratorium-on-data-center-permits/,news,,2026-09-07,True,,permits,"[{""date"": ""2026-07-30"", ""kind"": ""enacted"", ""label"": ""Enacted"", ""source"": ""https://localnews8.com/news/pocatello/2026/07/31/bannock-county-approves-180-day-emergency-moratorium-on-data-center-permits/""}]",,42.67,-112.0
sandpoint-id,Sandpoint,ID,Local,Proposed,Proposed,False,,"Jul 15, 2026",2026-07-15,day,,unknown,Term not documented,City Council voted unanimously to direct staff to propose a data center definition for a future ordinance banning them within city limits; currently a permitted use in the Industrial Park District,https://sandpointreader.com/sandpoint-looking-to-ban-data-centers-within-city-limits/,news,,2026-09-07,True,,,"[{""date"": ""2026-07-15"", ""kind"": ""proposed"", ""label"": ""Proposed"", ""source"": ""https://sandpointreader.com/sandpoint-looking-to-ban-data-centers-within-city-limits/""}]",,48.28,-116.55
canterbury-nh,Canterbury,NH,Local,Enacted,Enacted,False,,"Mar 10, 2026",2026-03-10,day,,standing,No end date by design — a permanent ban or standing statute,"Voters approved zoning amendment banning data centers in all zones, 322-63; Planning Board proposed marking 'Data Centers' as 'Not Allowed' in every zone",https://www.nhpr.org/nh-news/2026-03-04/canterbury-town-meeting-voters-consider-banning-data-centers,news,,2026-09-07,True,,,"[{""date"": ""2026-03-10"", ""kind"": ""enacted"", ""label"": ""Enacted"", ""source"": ""https://www.nhpr.org/nh-news/2026-03-04/canterbury-town-meeting-voters-consider-banning-data-centers""}]",,43.34,-71.57
nottingham-nh,Nottingham,NH,Local,Enacted,Enacted,False,,"Sep 8, 2026",2026-09-08,day,,fixed_undated,"A stated duration, but the end date isn't recorded here","Voters ratified a 12-month moratorium on data center construction 1,335-143 at the Sep 8, 2026 special town election; Planning Board had adopted it 5-0 under RSA 674:23 on Jul 1. Ordinance allows the town time to study land use, environmental infrastructure and fiscal impacts; planning board chair has said permanent zoning may follow. End date of the 12-month term not stated in the sourced reporting",https://www.nhpr.org/politics/2026-09-09/nottingham-voters-approve-moratorium-data-centers-nh-newhampshire,news,,2026-09-10,True,,,"[{""date"": ""2026-09-08"", ""kind"": ""enacted"", ""label"": ""Enacted"", ""source"": ""https://www.nhpr.org/politics/2026-09-09/nottingham-voters-approve-moratorium-data-centers-nh-newhampshire""}]",,43.12,-71.1
rochester-nh,Rochester,NH,Local,Enacted,Enacted,False,,"Sep 1, 2026",2026-09-01,day,,standing,No end date by design — a permanent ban or standing statute,"City Council enacted ordinance prohibiting data centers in every zoning district except Recycling Industrial zone (conditional use permit required); Waste Management owns most land in that zone, making construction effectively impossible. Two hours of resident testimony at Aug 18 public hearing",https://wzid.com/news/042240-rochester-enacts-new-ordinance-on-data-centers,news,,2026-09-07,True,,,"[{""date"": ""2026-09-01"", ""kind"": ""enacted"", ""label"": ""Enacted"", ""source"": ""https://wzid.com/news/042240-rochester-enacts-new-ordinance-on-data-centers""}]",,43.3,-70.98
keene-nh,Keene,NH,Local,Under Review,Under Review,False,,"Jun 18, 2026",2026-06-18,day,,unknown,Term not documented,"City Council referred request to add/update land development code definitions for data centers, cryptocurrency mines and private detention facilities to Joint Planning Board/PLD Committee; definition work in progress, no restriction adopted yet",https://servercountry.org/policy/new-hampshire/,news,,2026-09-07,True,,,"[{""date"": ""2026-06-18"", ""kind"": ""enacted"", ""label"": ""Enacted"", ""source"": ""https://servercountry.org/policy/new-hampshire/""}]",,42.93,-72.28
new-hampshire-hb-1265-nh,New Hampshire (HB 1265),NH,State,Defeated,Defeated,False,,"Mar 11, 2026",2026-03-11,day,,unknown,Term not documented,1-year statewide moratorium on new data center construction plus legislative study committee; sponsored by Rep. Peter Schmidt (D-Dover); declared Inexpedient to Legislate by voice vote,https://www.billtrack50.com/billdetail/1913074,news,,2026-09-07,True,,,"[{""date"": ""2026-03-11"", ""kind"": ""enacted"", ""label"": ""Enacted"", ""source"": ""https://www.billtrack50.com/billdetail/1913074""}]",,43.21,-71.54
new-hampshire-ayotte-nh,New Hampshire (Ayotte),NH,State,Proposed,Proposed,False,,"Aug 20, 2026",2026-08-20,day,,unknown,Term not documented,Governor Ayotte announced support for statewide moratorium lasting 'a period of years'; plans to include moratorium in FY2028-2029 state budget. SB 439 (industry preemption) was tabled 304-11 by the House. Two Democratic LSRs also filed for 24-month moratorium in 2027 session,https://www.nhpr.org/politics/2026-08-21/data-centers-ayotte-supports-moratorium-datacenters-nh,news,,2026-09-07,True,,,"[{""date"": ""2026-08-20"", ""kind"": ""proposed"", ""label"": ""Proposed"", ""source"": ""https://www.nhpr.org/politics/2026-08-21/data-centers-ayotte-supports-moratorium-datacenters-nh""}]",,43.21,-71.54
yankton-county-sd,Yankton County,SD,County,Enacted,Enacted,False,132.0,"Jul 21, 2026",2026-07-21,day,2027-01-21,until_date,Runs to a documented date,"6-month moratorium on data centers and Bitcoin mining facilities, voted unanimously; can be extended another 6 months if permanent ordinance not completed. Planning and Zoning Commission directed to draft ordinance",https://www.dakotanewsnow.com/2026/07/22/data-center-moratorium-passes-yankton-county-south-dakota/,news,,2026-09-07,True,,,"[{""date"": ""2026-07-21"", ""kind"": ""enacted"", ""label"": ""Enacted"", ""source"": ""https://www.dakotanewsnow.com/2026/07/22/data-center-moratorium-passes-yankton-county-south-dakota/""}]",,42.88,-97.39
lincoln-county-sd,Lincoln County,SD,County,Defeated,Defeated,False,,"Aug 25, 2026",2026-08-25,day,,unknown,Term not documented,Commissioner Joel Arends proposed moratorium on hyperscale data centers in Lincoln County-Sioux Falls joint jurisdictional area twice: first attempt died for lack of a second (Feb 24); second attempt to schedule a joint hearing defeated 3-2 (Aug 25). Both bodies agreed to reconvene Oct 27 to discuss data center issues,https://www.siouxfallslive.com/news/sioux-falls/lincoln-county-data-center-moratorium-fails-in-messy-joint-meeting-with-sioux-falls-city-council,news,,2026-09-07,True,,,"[{""date"": ""2026-08-25"", ""kind"": ""enacted"", ""label"": ""Enacted"", ""source"": ""https://www.siouxfallslive.com/news/sioux-falls/lincoln-county-data-center-moratorium-fails-in-messy-joint-meeting-with-sioux-falls-city-council""}]",,43.43,-96.73
minnehaha-county-sd,Minnehaha County,SD,County,Under Review,Under Review,False,,"Aug 24, 2026",2026-08-24,day,,unknown,Term not documented,"Planning Commission reviewed draft data center ordinance that would outright prohibit hyperscale facilities (500,000+ sq ft); smaller data centers allowed only in commercial/industrial zones with half-mile dwelling setback. Draft sent back for revision; final approval likely months away",https://www.siouxfallslive.com/news/sioux-falls/minnehaha-county-begins-work-on-potential-data-center-regulations,news,,2026-09-07,True,,,"[{""date"": ""2026-08-24"", ""kind"": ""enacted"", ""label"": ""Enacted"", ""source"": ""https://www.siouxfallslive.com/news/sioux-falls/minnehaha-county-begins-work-on-potential-data-center-regulations""}]",,43.67,-96.79
newton-county-ga,Newton County,GA,County,Enacted,Enacted,False,24.0,April 2025,2025-04-01,month,2026-10-05,until_date,Runs to a documented date,"Moratorium on data center development applications; unanimously approved; extended 180 days through October 5, 2026.",https://www.covnews.com/news/county/newton-county-enacts-moratoriums-data-centers-convenience-stores/,news,,2026-09-11,True,,,"[{""date"": ""2025-04-01"", ""kind"": ""enacted"", ""label"": ""Enacted"", ""source"": ""https://www.covnews.com/news/county/newton-county-enacts-moratoriums-data-centers-convenience-stores/""}]",,33.56,-83.86
douglas-county-ga,Douglas County,GA,County,Enacted,Enacted,False,,"March 19, 2025",2025-03-19,day,,unknown,Term not documented,90-day moratorium on new data center development; 4-1 vote; prompted by pending application for 11 buildings and three warehouse data centers.,https://www.fox5atlanta.com/news/douglas-county-data-centers-moratorium,news,,2026-09-11,True,,,"[{""date"": ""2025-03-19"", ""kind"": ""enacted"", ""label"": ""Enacted"", ""source"": ""https://www.fox5atlanta.com/news/douglas-county-data-centers-moratorium""}]",,33.7,-84.77
lamar-county-ga,Lamar County,GA,County,Enacted,Enacted,False,,September 2025,2025-09-01,month,,unknown,Term not documented,Moratorium on data center development; commissioners also updating industrial and commercial zoning codes last updated in 2010.,https://www.gpb.org/news/2025/10/22/wave-of-data-center-ordinances-sweep-through-ga-counties-how-strict-are-they,roundup,,2026-09-11,True,,,"[{""date"": ""2025-09-01"", ""kind"": ""enacted"", ""label"": ""Enacted"", ""source"": ""https://www.gpb.org/news/2025/10/22/wave-of-data-center-ordinances-sweep-through-ga-counties-how-strict-are-they""}]",,33.07,-84.14
troup-county-ga,Troup County,GA,County,Rescinded,Rescinded,False,,"September 16, 2025",2025-09-16,day,,unknown,Term not documented,90-day moratorium on all data center applications in unincorporated areas; lifted after commissioners approved a data center ordinance.,https://www.lagrangenews.com/2025/09/18/hold-on-county-sets-90-day-moratorium-on-new-data-centers/,news,,2026-09-11,True,,all_uses,"[{""date"": ""2025-09-16"", ""kind"": ""rescinded"", ""label"": ""Rescinded"", ""source"": ""https://www.lagrangenews.com/2025/09/18/hold-on-county-sets-90-day-moratorium-on-new-data-centers/""}]",,33.03,-85.03
lagrange-ga,LaGrange,GA,Local,Enacted,Enacted,False,,September 2025,2025-09-01,month,,unknown,Term not documented,180-day moratorium on data center development; prompted by proposed $9.7B data center campus 'Project West'.,https://www.gpb.org/news/2025/10/22/wave-of-data-center-ordinances-sweep-through-ga-counties-how-strict-are-they,roundup,,2026-09-11,True,,,"[{""date"": ""2025-09-01"", ""kind"": ""enacted"", ""label"": ""Enacted"", ""source"": ""https://www.gpb.org/news/2025/10/22/wave-of-data-center-ordinances-sweep-through-ga-counties-how-strict-are-they""}]",,33.04,-85.03
forest-park-ga,Forest Park,GA,Local,Enacted,Enacted,False,79.0,"August 31, 2026",2026-08-31,day,2026-11-29,until_date,Runs to a documented date,90-day moratorium on data center development; to draft zoning changes for residential buffers and community advisory committee; prompted by 2M sq ft Digital Realty facility.,https://www.news-daily.com/news/forest-park-council-passes-90-day-data-center-moratorium/article_ccfd2184-acbb-445f-8fa5-fe46a172a9f0.html,news,,2026-09-11,True,,,"[{""date"": ""2026-08-31"", ""kind"": ""enacted"", ""label"": ""Enacted"", ""source"": ""https://www.news-daily.com/news/forest-park-council-passes-90-day-data-center-moratorium/article_ccfd2184-acbb-445f-8fa5-fe46a172a9f0.html""}]",,33.62,-84.37
rockdale-county-ga,Rockdale County,GA,County,Enacted,Expired,True,-3.0,March 2026,2026-03-01,month,2026-09-08,until_date,Runs to a documented date,"180-day moratorium on data center and battery energy storage applications; extended through September 8, 2026; evaluating cumulative impacts of high-water-use facilities.",https://www.fox5atlanta.com/news/new-data-center-applications-paused-rockdale-county,news,,2026-09-11,True,,,"[{""date"": ""2026-03-01"", ""kind"": ""enacted"", ""label"": ""Enacted"", ""source"": ""https://www.fox5atlanta.com/news/new-data-center-applications-paused-rockdale-county""}]",,33.65,-84.02
madison-county-ga,Madison County,GA,County,Enacted,Enacted,False,,"July 22, 2025",2025-01-01,year,,unknown,Term not documented,"One-year moratorium on construction and permitting of large-scale data centers; unanimous vote; extended 180 days as of September 1, 2026.",https://921wlhr.com/madison-county-boc-extends-data-center-moratorium/,news,,2026-09-11,True,,,"[{""date"": ""2025-01-01"", ""kind"": ""enacted"", ""label"": ""Enacted"", ""source"": ""https://921wlhr.com/madison-county-boc-extends-data-center-moratorium/""}]",,34.1,-83.21
colquitt-county-ga,Colquitt County,GA,County,Enacted,Enacted,False,,2026,2026-01-01,year,,unknown,Term not documented,"Data center moratorium extended 180 days on September 1, 2026; concerns about Gulf Trough arsenic contamination in groundwater from high water usage.",https://moultrieobserver.com/2026/09/08/county-extends-data-center-moratorium/,news,,2026-09-11,True,,,"[{""date"": ""2026-01-01"", ""kind"": ""enacted"", ""label"": ""Enacted"", ""source"": ""https://moultrieobserver.com/2026/09/08/county-extends-data-center-moratorium/""}]",,31.17,-83.77
garden-city-ga,Garden City,GA,Local,Enacted,Enacted,False,,June 2026,2026-01-01,year,,unknown,Term not documented,"Six-month moratorium on data centers; unanimous vote; prevents acceptance of any new zoning, building, or business license applications related to data centers.",https://thecurrentga.org/2026/06/16/garden-city-puts-brakes-on-data-centers/,news,,2026-09-11,True,,,"[{""date"": ""2026-01-01"", ""kind"": ""enacted"", ""label"": ""Enacted"", ""source"": ""https://thecurrentga.org/2026/06/16/garden-city-puts-brakes-on-data-centers/""}]",,32.09,-81.16
decatur-county-ga,Decatur County,GA,County,Enacted,Enacted,False,,April 2026,2026-04-01,month,,unknown,Term not documented,Indefinite moratorium on data center development; commissioners want to have a plan ready before any proposals arrive.,https://www.wctv.tv/2026/04/15/decatur-county-commissioners-vote-pause-data-center-development/,news,,2026-09-11,True,,,"[{""date"": ""2026-04-01"", ""kind"": ""enacted"", ""label"": ""Enacted"", ""source"": ""https://www.wctv.tv/2026/04/15/decatur-county-commissioners-vote-pause-data-center-development/""}]",,30.78,-84.58
hart-county-ga,Hart County,GA,County,Enacted,Enacted,False,,2026,2026-01-01,year,,unknown,Term not documented,180-day moratorium on data centers; unanimous vote; insufficient information on potential impacts on local resources and environment.,https://921wlhr.com/hart-county-puts-moratorium-on-data-centers/,news,,2026-09-11,True,,,"[{""date"": ""2026-01-01"", ""kind"": ""enacted"", ""label"": ""Enacted"", ""source"": ""https://921wlhr.com/hart-county-puts-moratorium-on-data-centers/""}]",,34.35,-82.96
franklin-county-ga,Franklin County,GA,County,Enacted,Enacted,False,842.0,"September 2, 2026",2026-09-02,day,2028-12-31,until_date,Runs to a documented date,"Moratorium on data center activities in unincorporated areas through December 31, 2028; unanimous vote; longest moratorium in Georgia.",https://921wlhr.com/franklin-boc-approves-moratorium-on-data-centers/,news,,2026-09-11,True,,,"[{""date"": ""2026-09-02"", ""kind"": ""enacted"", ""label"": ""Enacted"", ""source"": ""https://921wlhr.com/franklin-boc-approves-moratorium-on-data-centers/""}]",,34.37,-83.23
heard-county-ga,Heard County,GA,County,Enacted,Enacted,False,,2026,2026-01-01,year,,unknown,Term not documented,Data center moratorium; details from scanned PDF on county website.,http://www.heardcountyga.com/Data%20Center%20Moratorium.pdf,news,,2026-09-11,True,,,"[{""date"": ""2026-01-01"", ""kind"": ""enacted"", ""label"": ""Enacted"", ""source"": ""http://www.heardcountyga.com/Data%20Center%20Moratorium.pdf""}]",,33.3,-85.13
cary-nc,Cary,NC,Local,Enacted,Enacted,False,535.0,"August 28, 2026",2026-08-28,day,2028-02-28,until_date,Runs to a documented date,"18-month moratorium on all data center development, unanimously approved. Studies power demand, water consumption, noise/vibration, site design. Longest moratorium in the Triangle.",https://www.wral.com/news/local/cary-18-month-data-center-moratorium-aug-2026/,news,,2026-09-11,True,,all_uses,"[{""date"": ""2026-08-28"", ""kind"": ""enacted"", ""label"": ""Enacted"", ""source"": ""https://www.wral.com/news/local/cary-18-month-data-center-moratorium-aug-2026/""}]",,35.79,-78.78
boiling-spring-lakes-nc,Boiling Spring Lakes,NC,Local,Enacted,Enacted,False,264.0,"June 2, 2026",2026-01-01,year,2027-06-02,until_date,Runs to a documented date,"12-month moratorium on data centers, data processing facilities, and cryptocurrency mining. Proactive measure with no prior developer proposals.",https://www.cityofbsl.org/news/clarification-regarding-proposed-data-center-moratorium,news,,2026-09-11,True,,,"[{""date"": ""2026-01-01"", ""kind"": ""enacted"", ""label"": ""Enacted"", ""source"": ""https://www.cityofbsl.org/news/clarification-regarding-proposed-data-center-moratorium""}]",,34.03,-78.07
spring-hope-nc,Spring Hope,NC,Local,Enacted,Enacted,False,,May 2026,2026-05-01,month,,unknown,Term not documented,"1-year moratorium on data centers. Resolution 2026-01, unanimous vote. Town in Nash County.",https://www.springhopeenterprise.com/news/spring-hope-passes-data-center-moratorium-a007897a,news,,2026-09-11,True,,,"[{""date"": ""2026-05-01"", ""kind"": ""enacted"", ""label"": ""Enacted"", ""source"": ""https://www.springhopeenterprise.com/news/spring-hope-passes-data-center-moratorium-a007897a""}]",,35.94,-78.11
franklin-nc,Franklin,NC,Local,Enacted,Enacted,False,,July 2026,2026-01-01,year,,unknown,Term not documented,"1-year moratorium on data centers. Macon County mountain community, part of western NC moratorium wave.",https://nsjonline.com/article/2026/09/data-center-moratorium-count-rises-again/,roundup,,2026-09-11,True,,,"[{""date"": ""2026-01-01"", ""kind"": ""enacted"", ""label"": ""Enacted"", ""source"": ""https://nsjonline.com/article/2026/09/data-center-moratorium-count-rises-again/""}]",,35.18,-83.38
northampton-county-nc,Northampton County,NC,County,Enacted,Enacted,False,,May 2026,2026-05-01,month,,unknown,Term not documented,32-month moratorium on data centers; among the longest local moratoriums in the state.,https://www.roanoke-chowannewsherald.com/news/data-center-moratorium-approved-35853894,news,,2026-09-11,True,,,"[{""date"": ""2026-05-01"", ""kind"": ""enacted"", ""label"": ""Enacted"", ""source"": ""https://www.roanoke-chowannewsherald.com/news/data-center-moratorium-approved-35853894""}]",,36.38,-77.4
hendersonville-nc,Hendersonville,NC,Local,Proposed,Proposed,False,,"September 3, 2026",2026-09-03,day,,unknown,Term not documented,"Proposed 12-month moratorium on data center building, zoning, and special use permits. City attorney cited outdated ordinance. Public hearing held September 3; outcome not yet confirmed.",https://www.hendersonvillelightning.com/news/16142-local-governments-across-state-are-pausing-data-centers.html,news,,2026-09-11,True,,,"[{""date"": ""2026-09-03"", ""kind"": ""proposed"", ""label"": ""Proposed"", ""source"": ""https://www.hendersonvillelightning.com/news/16142-local-governments-across-state-are-pausing-data-centers.html""}]",,35.32,-82.46
lee-county-nc,Lee County,NC,County,Under review,Under review,False,,,,,,unknown,Term not documented,"Commissioners voted 6-1 to draft moratorium language but rejected an immediate moratorium on Aug 18. Citizen petition with 2,500+ signatures for 180-day moratorium submitted for Sept 21 agenda.",https://rantnc.com/2026/08/18/commissioners-reject-attempts-to-pause-data-center-project/,news,,2026-09-11,True,,,"[{""date"": null, ""kind"": ""enacted"", ""label"": ""Enacted"", ""source"": ""https://rantnc.com/2026/08/18/commissioners-reject-attempts-to-pause-data-center-project/""}]",,35.47,-79.18
austin-county-tx,Austin County,TX,County,Enacted,Enacted,False,,"July 28, 2026",2026-01-01,year,,unknown,Term not documented,Commissioners unanimously approved a countywide moratorium on AI data centers and battery energy storage systems in unincorporated areas. Developers must submit equipment audits and sworn compliance certifications.,https://kwhi.com/2026/07/28/austin-co-commissioners-enact-moratorium-on-data-centers-battery-energy-storage-systems/,news,,2026-09-11,True,,,"[{""date"": ""2026-01-01"", ""kind"": ""enacted"", ""label"": ""Enacted"", ""source"": ""https://kwhi.com/2026/07/28/austin-co-commissioners-enact-moratorium-on-data-centers-battery-energy-storage-systems/""}]",,29.88,-96.28
athens-tx,Athens,TX,Local,Enacted,Enacted,False,,"August 23, 2026",2026-08-23,day,,standing,No end date by design — a permanent ban or standing statute,City Council voted 3-2 to permanently ban data centers within city limits. Defines data center as any facility over 500 sq ft used primarily to house servers. Not a moratorium -- a standing zoning ban.,https://www.kltv.com/2026/08/25/athens-city-council-votes-3-2-favor-ordinance-banning-data-centers/,news,,2026-09-11,True,500 sq ft,,"[{""date"": ""2026-08-23"", ""kind"": ""enacted"", ""label"": ""Enacted"", ""source"": ""https://www.kltv.com/2026/08/25/athens-city-council-votes-3-2-favor-ordinance-banning-data-centers/""}]",,32.2,-95.86
tom-green-county-tx,Tom Green County,TX,County,Rejected,Rejected,False,,"June 2, 2026",2026-01-01,year,,unknown,Term not documented,"Commissioners rejected a 12-month moratorium on large-scale data centers, BESS, and power generation in Precinct 4; cited legal risk after Hill County's moratorium drew a $100M federal lawsuit.",https://sanangelolive.com/news/county/2026-06-02/tom-green-county-commissioners-reject-data-center-moratorium,news,,2026-09-11,True,,,"[{""date"": ""2026-01-01"", ""kind"": ""rejected"", ""label"": ""Rejected"", ""source"": ""https://sanangelolive.com/news/county/2026-06-02/tom-green-county-commissioners-reject-data-center-moratorium""}]",,31.44,-100.45
hood-county-tx,Hood County,TX,County,Rejected,Rejected,False,,"February 25, 2026",2026-02-25,day,,unknown,Term not documented,Commissioners voted down a proposed moratorium 3-2. State Sen. Bettencourt warned county lacked legal authority. County sought AG opinion on whether it could impose restrictions.,https://www.keranews.org/energy-environment/2026-02-25/data-center-moratorium-texas-hood-county-ken-paxton,news,,2026-09-11,True,,,"[{""date"": ""2026-02-25"", ""kind"": ""rejected"", ""label"": ""Rejected"", ""source"": ""https://www.keranews.org/energy-environment/2026-02-25/data-center-moratorium-texas-hood-county-ken-paxton""}]",,32.43,-97.83
forney-tx,Forney,TX,Local,Proposed,Proposed,False,,"July 23, 2026",2026-01-01,year,,standing,No end date by design — a permanent ban or standing statute,"Council directed staff to amend zoning to prohibit data centers in all districts -- effectively a proposed citywide ban. Escalation from April 2026 regulations requiring 5,000-ft setbacks.",https://www.inforney.com/business/forney-council-moves-to-ban-future-data-centers-a/article_33ab99f5-98c7-446c-80c9-40f5e7953141.html,news,,2026-09-11,True,,,"[{""date"": ""2026-01-01"", ""kind"": ""proposed"", ""label"": ""Proposed"", ""source"": ""https://www.inforney.com/business/forney-council-moves-to-ban-future-data-centers-a/article_33ab99f5-98c7-446c-80c9-40f5e7953141.html""}]",,32.75,-96.47
lewisville-tx,Lewisville,TX,Local,Enacted,Enacted,False,,"June 15, 2026",2026-01-01,year,,standing,No end date by design — a permanent ban or standing statute,Council voted unanimously to require Special Use Permit for data centers; banned in all residential areas. Each proposal needs two public hearings.,https://www.keranews.org/news/2026-06-25/lewisville-sets-proactive-limits-on-ai-data-centers-before-they-arrive,news,,2026-09-11,True,,,"[{""date"": ""2026-01-01"", ""kind"": ""enacted"", ""label"": ""Enacted"", ""source"": ""https://www.keranews.org/news/2026-06-25/lewisville-sets-proactive-limits-on-ai-data-centers-before-they-arrive""}]",,33.05,-97.0
el-paso-tx,El Paso,TX,Local,Enacted,Enacted,False,,"July 20, 2026",2026-01-01,year,,standing,No end date by design — a permanent ban or standing statute,"Council unanimously approved data center policy: 300-ft buffer from residential/ecological sites, special use permit, no more tax breaks. Developers must submit resource use, emissions, noise, and water treatment plans.",https://elpasomatters.org/2026/07/20/meta-data-center-el-paso-texas-policy-framework-rules-city-council/,news,,2026-09-11,True,,,"[{""date"": ""2026-01-01"", ""kind"": ""enacted"", ""label"": ""Enacted"", ""source"": ""https://elpasomatters.org/2026/07/20/meta-data-center-el-paso-texas-policy-framework-rules-city-council/""}]",,31.76,-106.49
corpus-christi-tx,Corpus Christi,TX,Local,Proposed,Proposed,False,,July 2026,2026-01-01,year,,unknown,Term not documented,Council directed staff to pursue prohibiting data centers in all zoning districts; requires data centers to fully fund own infrastructure. Drought context: severe water crisis threatening city reservoirs.,https://www.kristv.com/news/local-news/in-your-neighborhood/corpus-christi/corpus-christi-city-council-moves-to-develop-data-center-regulations-for-the-city,news,,2026-09-11,True,,,"[{""date"": ""2026-01-01"", ""kind"": ""proposed"", ""label"": ""Proposed"", ""source"": ""https://www.kristv.com/news/local-news/in-your-neighborhood/corpus-christi/corpus-christi-city-council-moves-to-develop-data-center-regulations-for-the-city""}]",,27.8,-97.4
milam-county-tx,Milam County,TX,County,Enacted,Enacted,False,,June 2026,2026-01-01,year,,unknown,Term not documented,"Resolution calling for stricter statewide standards on data centers: public disclosure of electrical demand, water consumption, cooling technologies, and infrastructure impact. Non-binding.",https://www.multistate.us/insider/2026/8/19/the-local-fight-over-data-centers-a-texas-case-study,news,,2026-09-11,True,,,"[{""date"": ""2026-01-01"", ""kind"": ""enacted"", ""label"": ""Enacted"", ""source"": ""https://www.multistate.us/insider/2026/8/19/the-local-fight-over-data-centers-a-texas-case-study""}]",,30.76,-96.89
princeton-tx,Princeton,TX,Local,Enacted,Enacted,False,,June 2026,2026-01-01,year,,standing,No end date by design — a permanent ban or standing statute,"City amended regulations to require a Specific Use Permit for data centers, updated definitions, and established per-project public review.",https://princetonherald.com/2026/06/11/council-plans-data-center-regulation/,news,,2026-09-11,True,,,"[{""date"": ""2026-01-01"", ""kind"": ""enacted"", ""label"": ""Enacted"", ""source"": ""https://princetonherald.com/2026/06/11/council-plans-data-center-regulation/""}]",,33.18,-96.5
mesquite-tx,Mesquite,TX,Local,Proposed,Proposed,False,,June 2026,2026-01-01,year,,unknown,Term not documented,"Proposed framework: 5-acre min lot, 65 dB noise limit, banned in residential/agricultural/commercial districts. Staff recommended ordinance over moratorium. Not yet enacted.",https://www.keranews.org/news/2026-06-02/mesquite-city-council-tighter-regulations-data-centers-north-texas,news,,2026-09-11,True,,,"[{""date"": ""2026-01-01"", ""kind"": ""proposed"", ""label"": ""Proposed"", ""source"": ""https://www.keranews.org/news/2026-06-02/mesquite-city-council-tighter-regulations-data-centers-north-texas""}]",,32.77,-96.6
crossville-tn,Crossville,TN,Local,Enacted,Enacted,False,701.0,"August 12, 2026",2026-08-12,day,2028-08-12,until_date,Runs to a documented date,"Two-year moratorium on data centers and high-density computing, passed on third reading; halts new permits for server farms and crypto mining. Mayor chose moratorium over permanent ban to avoid lawsuits.",https://1025wowcountry.com/2026/08/12/crossville-city-council-passes-data-center-moratorium/,news,,2026-09-11,True,,new_applications,"[{""date"": ""2026-08-12"", ""kind"": ""enacted"", ""label"": ""Enacted"", ""source"": ""https://1025wowcountry.com/2026/08/12/crossville-city-council-passes-data-center-moratorium/""}]",,35.95,-85.03
coffee-county-tn,Coffee County,TN,County,Enacted,Enacted,False,271.0,"June 9, 2026",2026-01-01,year,2027-06-09,until_date,Runs to a documented date,"12-month moratorium on data centers, approved unanimously with no discussion. Resolution 2026-12.",https://thunder1320.com/coffee-county-commission-approves-12-month-data-center-moratorium/,news,,2026-09-11,True,,,"[{""date"": ""2026-01-01"", ""kind"": ""enacted"", ""label"": ""Enacted"", ""source"": ""https://thunder1320.com/coffee-county-commission-approves-12-month-data-center-moratorium/""}]",,35.49,-86.08
loudon-county-tn,Loudon County,TN,County,Enacted,Enacted,False,110.0,"June 30, 2026",2026-01-01,year,2026-12-30,until_date,Runs to a documented date,"Six-month moratorium on new data centers with 50+ MW peak demand; covers permits, zoning, building approvals, utility extensions, and development agreements.",https://www.wvlt.tv/2026/06/30/loudon-county-approves-pause-data-centers/,news,,2026-09-11,True,,,"[{""date"": ""2026-01-01"", ""kind"": ""enacted"", ""label"": ""Enacted"", ""source"": ""https://www.wvlt.tv/2026/06/30/loudon-county-approves-pause-data-centers/""}]",,35.73,-84.31
hamblen-county-tn,Hamblen County,TN,County,Enacted,Enacted,False,299.0,"July 7, 2026",2026-01-01,year,2027-07-07,until_date,Runs to a documented date,"One-year moratorium on data centers, crypto mining, and high-performance computing with 5+ MW peak demand; exempts First Civil District industrial zone.",https://www.hamblencountytn.gov/ai-datacenter-moratorium/,official,,2026-09-11,True,,,"[{""date"": ""2026-01-01"", ""kind"": ""enacted"", ""label"": ""Enacted"", ""source"": ""https://www.hamblencountytn.gov/ai-datacenter-moratorium/""}]",,36.25,-83.32
washington-county-tn,Washington County,TN,County,Enacted,Enacted,False,292.0,"March 24, 2026",2026-03-24,day,2027-06-30,until_date,Runs to a documented date,"One-year moratorium on construction, operation, and permitting of data centers including crypto mines; approved 13-2; through June 30, 2027.",https://www.wjhl.com/news/local/washington-county-commission-approves-data-center-moratorium/,news,,2026-09-11,True,,,"[{""date"": ""2026-03-24"", ""kind"": ""enacted"", ""label"": ""Enacted"", ""source"": ""https://www.wjhl.com/news/local/washington-county-commission-approves-data-center-moratorium/""}]",,36.3,-82.49
hawkins-county-tn,Hawkins County,TN,County,Enacted,Enacted,False,,"September 22, 2025",2025-09-22,day,,standing,No end date by design — a permanent ban or standing statute,"Permanent ban on data centers and crypto mining, passed 10-2; expanded 12-0 in July 2026 to all unincorporated areas. Under federal lawsuit from Beacon Center/ExoticRidge Crypto.",https://www.wjhl.com/news/local/hawkins-co-commission-passes-resolution-banning-data-centers-crypto-mines/,news,,2026-09-11,True,,,"[{""date"": ""2025-09-22"", ""kind"": ""enacted"", ""label"": ""Enacted"", ""source"": ""https://www.wjhl.com/news/local/hawkins-co-commission-passes-resolution-banning-data-centers-crypto-mines/""}]",,36.47,-82.96
spring-city-tn,Spring City,TN,Local,Enacted,Enacted,False,688.0,"July 30, 2026",2026-01-01,year,2028-07-30,until_date,Runs to a documented date,"Two-year moratorium on AI data centers, crypto mining, and high-density computing; halts establishment, construction, expansion, relocation, or operation within corporate limits.",https://www.wdef.com/spring-city-approves-two-year-moratorium-on-ai-data-centers/,news,,2026-09-11,True,,,"[{""date"": ""2026-01-01"", ""kind"": ""enacted"", ""label"": ""Enacted"", ""source"": ""https://www.wdef.com/spring-city-approves-two-year-moratorium-on-ai-data-centers/""}]",,35.69,-84.86
maury-county-tn,Maury County,TN,County,Enacted,Enacted,False,311.0,"July 20, 2026",2026-01-01,year,2027-07-19,until_date,Runs to a documented date,"12-month moratorium on data centers in unincorporated areas; 24-month amendment rejected on county attorney advice. Hard end date July 19, 2027.",https://www.frontporchradiotn.com/post/southern-middle-tn-today-news-with-tom-price-7-23-26,news,,2026-09-11,True,,,"[{""date"": ""2026-01-01"", ""kind"": ""enacted"", ""label"": ""Enacted"", ""source"": ""https://www.frontporchradiotn.com/post/southern-middle-tn-today-news-with-tom-price-7-23-26""}]",,35.61,-87.08
jonesborough-tn,Jonesborough,TN,Local,Enacted,Enacted,False,,2026,2026-01-01,year,,standing,No end date by design — a permanent ban or standing statute,"Zoning restriction requiring data centers be at least 1,500 feet from residential structures.",https://servercountry.org/policy/tennessee/,roundup,,2026-09-11,True,,,"[{""date"": ""2026-01-01"", ""kind"": ""enacted"", ""label"": ""Enacted"", ""source"": ""https://servercountry.org/policy/tennessee/""}]",,36.29,-82.47
sheboygan-wi,Sheboygan,WI,Local,Enacted,Enacted,False,315.0,"July 23, 2026",2026-01-01,year,2027-07-23,until_date,Runs to a documented date,"12-month moratorium on data centers over 10,000 sq ft; unanimously approved. No existing zoning codes for data centers.",https://whbl.com/2026/07/23/data-center-moratorium-passes-common-council/,news,,2026-09-11,True,"10,000 sq ft",,"[{""date"": ""2026-01-01"", ""kind"": ""enacted"", ""label"": ""Enacted"", ""source"": ""https://whbl.com/2026/07/23/data-center-moratorium-passes-common-council/""}]",,43.75,-87.71
shawano-county-wi,Shawano County,WI,County,Enacted,Enacted,False,286.0,"June 24, 2026",2026-01-01,year,2027-06-24,until_date,Runs to a documented date,"12-month moratorium on data centers in unincorporated towns under county zoning; does not affect cities, villages, or self-zoning towns.",https://www.newmedia-wi.com/board-adopts-moratorium-data-center-development,news,,2026-09-11,True,,,"[{""date"": ""2026-01-01"", ""kind"": ""enacted"", ""label"": ""Enacted"", ""source"": ""https://www.newmedia-wi.com/board-adopts-moratorium-data-center-development""}]",,44.79,-88.77
ashwaubenon-wi,Ashwaubenon,WI,Local,Enacted,Enacted,False,264.0,"June 2, 2026",2026-01-01,year,2027-06-02,until_date,Runs to a documented date,"12-month moratorium on hyperscale data centers (>100,000 sq ft and >20 MW); Plan Commission voted 7-0.",https://www.nbc26.com/ashwaubenon/ashwaubenon-plan-commission-votes-unanimously-to-pause-hyperscale-data-center-development-for-12-months,news,,2026-09-11,True,"100,000 sq ft",,"[{""date"": ""2026-01-01"", ""kind"": ""enacted"", ""label"": ""Enacted"", ""source"": ""https://www.nbc26.com/ashwaubenon/ashwaubenon-plan-commission-votes-unanimously-to-pause-hyperscale-data-center-development-for-12-months""}]",,44.47,-88.07
monroe-county-wi,Monroe County,WI,County,Enacted,Enacted,False,497.0,"July 21, 2026",2026-01-01,year,2028-01-21,until_date,Runs to a documented date,"18-month moratorium on medium/large data centers and all battery storage; passed 10-3. Small-scale DCs (<500 kW, no crypto) exempt. Environmental concerns include trout streams in driftless area.",https://www.news8000.com/news/local-news/sparta/monroe-county-board-passes-18-month-moratorium-on-data-center-and-battery-storage-permits/article_c99ee674-946e-4422-b382-82f7737634d1.html,news,,2026-09-11,True,500 kW,,"[{""date"": ""2026-01-01"", ""kind"": ""enacted"", ""label"": ""Enacted"", ""source"": ""https://www.news8000.com/news/local-news/sparta/monroe-county-board-passes-18-month-moratorium-on-data-center-and-battery-storage-permits/article_c99ee674-946e-4422-b382-82f7737634d1.html""}]",,43.94,-90.62
grant-county-wi,Grant County,WI,County,Enacted,Enacted,False,280.0,"June 18, 2026",2026-01-01,year,2027-06-18,until_date,Runs to a documented date,Board of Supervisors voted 15-0 for 12-month moratorium on hyperscale data center zoning permits in unincorporated areas. Related to collapsed $1B data center proposal.,https://www.telegraphherald.com/news/tri-state/article_3404fac2-9efe-4bd9-82a0-4bafd5193038.html,news,,2026-09-11,True,,,"[{""date"": ""2026-01-01"", ""kind"": ""enacted"", ""label"": ""Enacted"", ""source"": ""https://www.telegraphherald.com/news/tri-state/article_3404fac2-9efe-4bd9-82a0-4bafd5193038.html""}]",,42.87,-90.7
oneida-county-wi,Oneida County,WI,County,Enacted,Enacted,False,342.0,"August 19, 2026",2026-08-19,day,2027-08-19,until_date,Runs to a documented date,"1-year moratorium on data centers; unanimous vote; preemptive action with no known proposals. Excludes un-zoned areas of Sugar Camp, Monico, Enterprise, and City of Rhinelander.",https://www.wxpr.org/energy-environment/2026-08-19/oneida-county-passes-one-year-data-center-moratorium,news,,2026-09-11,True,,,"[{""date"": ""2026-08-19"", ""kind"": ""enacted"", ""label"": ""Enacted"", ""source"": ""https://www.wxpr.org/energy-environment/2026-08-19/oneida-county-passes-one-year-data-center-moratorium""}]",,45.71,-89.53
village-of-greenville-wi,Village of Greenville,WI,Local,Enacted,Enacted,False,270.0,"June 8, 2026",2026-01-01,year,2027-06-08,until_date,Runs to a documented date,"1-year moratorium on data centers >= 10,000 sq ft; unanimous vote; preemptive, citing water supply concerns. Outagamie County.",https://www.wbay.com/2026/06/08/greenville-village-board-vote-data-center-moratorium/,news,,2026-09-11,True,"10,000 sq ft",,"[{""date"": ""2026-01-01"", ""kind"": ""enacted"", ""label"": ""Enacted"", ""source"": ""https://www.wbay.com/2026/06/08/greenville-village-board-vote-data-center-moratorium/""}]",,44.31,-88.54
village-of-cottage-grove-wi,Village of Cottage Grove,WI,Local,Enacted,Enacted,False,496.0,"July 20, 2026",2026-01-01,year,2028-01-20,until_date,Runs to a documented date,"18-month moratorium on new data center development. Dane County, part of broader county task force studying data center impacts.",https://www.wmtv15news.com/2026/07/20/cottage-grove-considers-temporary-ban-data-centers-follows-growing-trend-statewide/,news,,2026-09-11,True,,,"[{""date"": ""2026-01-01"", ""kind"": ""enacted"", ""label"": ""Enacted"", ""source"": ""https://www.wmtv15news.com/2026/07/20/cottage-grove-considers-temporary-ban-data-centers-follows-growing-trend-statewide/""}]",,43.08,-89.2
town-of-westport-wi,Town of Westport,WI,Local,Enacted,Enacted,False,207.0,"April 6, 2026",2026-04-06,day,2027-04-06,until_date,Runs to a documented date,"1-year moratorium restricting new data centers and telecom centers to max 10,000 sq ft; voted 4-1. Catalyst was QTS Data Centers proposal in nearby DeForest. Dane County.",https://www.hngnews.com/tribune_enterprise/news/local/westport-enacts-data-center-moratorium/article_41bd7395-3dc5-4617-8fbd-72dcc27142f3.html,news,,2026-09-11,True,"10,000 sq ft",,"[{""date"": ""2026-04-06"", ""kind"": ""enacted"", ""label"": ""Enacted"", ""source"": ""https://www.hngnews.com/tribune_enterprise/news/local/westport-enacts-data-center-moratorium/article_41bd7395-3dc5-4617-8fbd-72dcc27142f3.html""}]",,43.15,-89.44
town-of-hampden-wi,Town of Hampden,WI,Local,Enacted,Enacted,False,,"May 26, 2026",2026-05-26,day,,unknown,Term not documented,Data center temporary moratorium (Chapter 18 ordinance). Columbia County.,https://townofhampden.wi.gov/documents/ch-18-data-center-temporary-moratorium,official,,2026-09-11,True,,,"[{""date"": ""2026-05-26"", ""kind"": ""enacted"", ""label"": ""Enacted"", ""source"": ""https://townofhampden.wi.gov/documents/ch-18-data-center-temporary-moratorium""}]",,43.55,-89.23
town-of-beetown-wi,Town of Beetown,WI,Local,Enacted,Enacted,False,,"May 7, 2026",2026-05-07,day,,unknown,Term not documented,Interim zoning ordinance blocking large data centers. Grant County; related to collapsed $1B data center proposal.,https://sustainruralwisconsin.org/data-centers,roundup,,2026-09-11,True,,,"[{""date"": ""2026-05-07"", ""kind"": ""enacted"", ""label"": ""Enacted"", ""source"": ""https://sustainruralwisconsin.org/data-centers""}]",,42.8,-91.07
town-of-bloomington-wi,Town of Bloomington,WI,Local,Enacted,Enacted,False,,"June 8, 2026",2026-01-01,year,,unknown,Term not documented,Interim zoning ordinance with 2-year moratorium on certain development including data centers. Grant County.,https://sustainruralwisconsin.org/data-centers,roundup,,2026-09-11,True,,,"[{""date"": ""2026-01-01"", ""kind"": ""enacted"", ""label"": ""Enacted"", ""source"": ""https://sustainruralwisconsin.org/data-centers""}]",,42.88,-90.92
jackson-county-fl,Jackson County,FL,County,Enacted,Enacted,False,,"June 23, 2026",2026-01-01,year,,standing,No end date by design — a permanent ban or standing statute,"Permanent ban on data centers in unincorporated areas; originally a moratorium rescinded June 9, amended to full ban adopted unanimously 5-0.",https://www.wctv.tv/2026/06/23/jackson-county-adopts-ordinance-banning-data-centers/,news,,2026-09-11,True,,,"[{""date"": ""2026-01-01"", ""kind"": ""enacted"", ""label"": ""Enacted"", ""source"": ""https://www.wctv.tv/2026/06/23/jackson-county-adopts-ordinance-banning-data-centers/""}]",,30.79,-85.23
walton-county-fl,Walton County,FL,County,Enacted,Enacted,False,,"June 10, 2026",2026-01-01,year,,standing,No end date by design — a permanent ban or standing statute,Permanent ban on data centers and large-load centers (50+ MW); approved unanimously 5-0.,https://www.wjhg.com/2026/06/10/walton-county-adopts-ordinance-prohibiting-data-large-load-centers/,news,,2026-09-11,True,,,"[{""date"": ""2026-01-01"", ""kind"": ""enacted"", ""label"": ""Enacted"", ""source"": ""https://www.wjhg.com/2026/06/10/walton-county-adopts-ordinance-prohibiting-data-large-load-centers/""}]",,30.61,-86.17
wakulla-county-fl,Wakulla County,FL,County,Enacted,Enacted,False,,"June 15, 2026",2026-01-01,year,,standing,No end date by design — a permanent ban or standing statute,Permanent ban on data centers; unanimous vote despite county attorney cautioning that indefinite ban is riskier than moratorium.,https://www.wctv.tv/2026/06/15/commissioners-vote-ban-data-centers-wakulla-county/,news,,2026-09-11,True,,,"[{""date"": ""2026-01-01"", ""kind"": ""enacted"", ""label"": ""Enacted"", ""source"": ""https://www.wctv.tv/2026/06/15/commissioners-vote-ban-data-centers-wakulla-county/""}]",,30.15,-84.38
holmes-county-fl,Holmes County,FL,County,Enacted,Enacted,False,278.0,"June 16, 2026",2026-01-01,year,2027-06-16,until_date,Runs to a documented date,One-year moratorium on data centers and large-load facilities in unincorporated areas (Ordinance No. 2026-23).,https://www.wjhg.com/2026/06/03/holmes-county-moves-forward-with-moratorium-ai-data-centers/,news,,2026-09-11,True,,,"[{""date"": ""2026-01-01"", ""kind"": ""enacted"", ""label"": ""Enacted"", ""source"": ""https://www.wjhg.com/2026/06/03/holmes-county-moves-forward-with-moratorium-ai-data-centers/""}]",,30.87,-85.81
bay-county-fl,Bay County,FL,County,Enacted,Enacted,False,119.0,"July 8, 2026",2026-01-01,year,2027-01-08,until_date,Runs to a documented date,Six-month moratorium on AI data centers requiring 5+ MW in unincorporated areas; approved unanimously.,https://www.wjhg.com/2026/07/08/bay-county-approves-six-month-moratorium-ai-data-centers/,news,,2026-09-11,True,,,"[{""date"": ""2026-01-01"", ""kind"": ""enacted"", ""label"": ""Enacted"", ""source"": ""https://www.wjhg.com/2026/07/08/bay-county-approves-six-month-moratorium-ai-data-centers/""}]",,30.23,-85.65
leon-county-fl,Leon County,FL,County,Enacted,Enacted,False,490.0,"July 14, 2026",2026-01-01,year,2028-01-14,until_date,Runs to a documented date,18-month moratorium on large-scale data centers and large-load customer facilities in unincorporated areas; approved unanimously.,https://www.wctv.tv/2026/07/15/leon-county-commissioners-approved-18-month-data-center-moratorium/,news,,2026-09-11,True,,,"[{""date"": ""2026-01-01"", ""kind"": ""enacted"", ""label"": ""Enacted"", ""source"": ""https://www.wctv.tv/2026/07/15/leon-county-commissioners-approved-18-month-data-center-moratorium/""}]",,30.46,-84.28
hernando-county-fl,Hernando County,FL,County,Enacted,Enacted,False,284.0,"June 22, 2026",2026-01-01,year,2027-06-22,until_date,Runs to a documented date,"One-year moratorium on data center applications, permitting, and rezoning; approved unanimously.",https://www.hernandosun.com/2026/06/05/hernando-county-commissioners-approve-one-year-data-center-moratorium/,news,,2026-09-11,True,,rezoning,"[{""date"": ""2026-01-01"", ""kind"": ""enacted"", ""label"": ""Enacted"", ""source"": ""https://www.hernandosun.com/2026/06/05/hernando-county-commissioners-approve-one-year-data-center-moratorium/""}]",,28.56,-82.48
levy-county-fl,Levy County,FL,County,Enacted,Enacted,False,384.0,"September 9, 2026",2026-09-09,day,2027-09-30,until_date,Runs to a documented date,"One-year moratorium on large-scale data centers; effective Oct 1, 2026 through Sep 30, 2027; nearly 100 residents attended.",https://www.wcjb.com/2026/09/09/levy-county-commission-passes-moratorium-large-scale-data-centers/,news,,2026-09-11,True,,,"[{""date"": ""2026-09-09"", ""kind"": ""enacted"", ""label"": ""Enacted"", ""source"": ""https://www.wcjb.com/2026/09/09/levy-county-commission-passes-moratorium-large-scale-data-centers/""}]",,29.28,-82.78
putnam-county-fl,Putnam County,FL,County,Enacted,Enacted,False,362.0,"September 8, 2026",2026-09-08,day,2027-09-08,until_date,Runs to a documented date,One-year moratorium on medium and large-scale data center projects; approved unanimously on second reading.,https://www.wcjb.com/2026/09/09/putnam-county-approves-moratorium-large-scale-data-center-projects/,news,,2026-09-11,True,,,"[{""date"": ""2026-09-08"", ""kind"": ""enacted"", ""label"": ""Enacted"", ""source"": ""https://www.wcjb.com/2026/09/09/putnam-county-approves-moratorium-large-scale-data-center-projects/""}]",,29.61,-81.74
collier-county-fl,Collier County,FL,County,Enacted,Enacted,False,,"July 29, 2026",2026-01-01,year,,until_event,"Runs until a condition is met, not to a date",Zoning-in-progress measure preventing new data center applications while county develops regulations.,https://www.winknews.com/news/collier/collier-county-puts-ai-data-centers-on-pause-amid-neighbor-concerns/article_de9e6f55-a1ac-4109-bc9b-48ec66f0ce52.html,news,,2026-09-11,True,,,"[{""date"": ""2026-01-01"", ""kind"": ""enacted"", ""label"": ""Enacted"", ""source"": ""https://www.winknews.com/news/collier/collier-county-puts-ai-data-centers-on-pause-amid-neighbor-concerns/article_de9e6f55-a1ac-4109-bc9b-48ec66f0ce52.html""}]",,26.12,-81.4
edgewater-fl,Edgewater,FL,City,Proposed,Proposed,False,,"August 4, 2026",2026-08-04,day,,standing,No end date by design — a permanent ban or standing statute,Charter amendment to permanently ban data centers placed on November 2026 ballot; commissioners voted unanimously to place measure.,https://www.clickorlando.com/news/local/2026/08/04/edgewater-voters-could-decide-whether-to-ban-certain-data-centers-in-november/,news,,2026-09-11,True,,,"[{""date"": ""2026-08-04"", ""kind"": ""proposed"", ""label"": ""Proposed"", ""source"": ""https://www.clickorlando.com/news/local/2026/08/04/edgewater-voters-could-decide-whether-to-ban-certain-data-centers-in-november/""}]",,28.99,-80.9
hillsborough-county-fl,Hillsborough County,FL,County,Proposed,Proposed,False,,"August 6, 2026",2026-08-06,day,,unknown,Term not documented,"County attorney directed to draft moratorium ordinance; cannot take effect until Oct 1, 2027 due to SB 180.",https://www.businessobserverfl.com/news/2026/aug/06/hillsborough-data-centers/,news,,2026-09-11,True,,,"[{""date"": ""2026-08-06"", ""kind"": ""proposed"", ""label"": ""Proposed"", ""source"": ""https://www.businessobserverfl.com/news/2026/aug/06/hillsborough-data-centers/""}]",,27.95,-82.46
hendry-county-fl,Hendry County,FL,County,Proposed,Proposed,False,,"August 27, 2026",2026-08-27,day,,unknown,Term not documented,Expected to halt data center proposals until county code is updated to reflect state law (SB 484); outcome not confirmed.,https://www.wgcu.org/government-politics/2026-08-24/hendry-expected-to-halt-data-center-proposals-until-it-updates-code-to-reflect-state-law,news,,2026-09-11,True,,,"[{""date"": ""2026-08-27"", ""kind"": ""proposed"", ""label"": ""Proposed"", ""source"": ""https://www.wgcu.org/government-politics/2026-08-24/hendry-expected-to-halt-data-center-proposals-until-it-updates-code-to-reflect-state-law""}]",,26.59,-81.02
st-johns-county-fl,St. Johns County,FL,County,Proposed,Proposed,False,,"June 16, 2026",2026-01-01,year,,unknown,Term not documented,Commissioners reached consensus to direct county attorney to prepare formal moratorium proposal; not yet enacted.,https://www.stjohnscountybuzz.com/2026/07/17/st-johns-county-commissioners-move-toward-data-center-moratorium-approve-five-rezonings/,news,,2026-09-11,True,,,"[{""date"": ""2026-01-01"", ""kind"": ""proposed"", ""label"": ""Proposed"", ""source"": ""https://www.stjohnscountybuzz.com/2026/07/17/st-johns-county-commissioners-move-toward-data-center-moratorium-approve-five-rezonings/""}]",,29.9,-81.43
miami-lakes-fl,Miami Lakes,FL,Town,Proposed,Proposed,False,,September 2026,2026-09-01,month,,unknown,Term not documented,Town Council member introduced item to develop ordinance defining and prohibiting data centers as principal use.,https://floridapolitics.com/archives/819294-miami-lakes-to-consider-data-center-ban/,news,,2026-09-11,True,,,"[{""date"": ""2026-09-01"", ""kind"": ""proposed"", ""label"": ""Proposed"", ""source"": ""https://floridapolitics.com/archives/819294-miami-lakes-to-consider-data-center-ban/""}]",,25.91,-80.32
tallahassee-fl,Tallahassee,FL,City,Rejected,Rejected,False,,"August 27, 2026",2026-08-27,day,,unknown,Term not documented,City Commission rejected data center moratorium/ban 3-2; city manager said existing zoning codes already prevent data centers.,https://www.wtxl.com/downtown-tallahassee/leon-county-moves-to-pause-large-scale-data-centers-city-commission-rejects-similar-motion,news,,2026-09-11,True,,,"[{""date"": ""2026-08-27"", ""kind"": ""rejected"", ""label"": ""Rejected"", ""source"": ""https://www.wtxl.com/downtown-tallahassee/leon-county-moves-to-pause-large-scale-data-centers-city-commission-rejects-similar-motion""}]",,30.44,-84.28
indiantown-fl,Indiantown,FL,Village,Rejected,Rejected,False,,"September 1, 2026",2026-09-01,day,,unknown,Term not documented,Village Council voted 4-1 against resolution to temporarily pause large-scale data center applications.,https://cbs12.com/news/local/data-center-debate-ends-with-village-managers-termination-in-indiantown,news,,2026-09-11,True,,,"[{""date"": ""2026-09-01"", ""kind"": ""rejected"", ""label"": ""Rejected"", ""source"": ""https://cbs12.com/news/local/data-center-debate-ends-with-village-managers-termination-in-indiantown""}]",,27.03,-80.49
frederick-county-md,Frederick County,MD,County,Enacted,Enacted,False,111.0,"July 1, 2026",2026-01-01,year,2026-12-31,until_date,Runs to a documented date,"County Executive signed executive order pausing new data center permitting through end of 2026, after Maryland Supreme Court rejected a 20,000-signature referendum petition.",https://www.frederickcountymd.gov/CivicAlerts.aspx?AID=5845,official,,2026-09-11,True,,,"[{""date"": ""2026-01-01"", ""kind"": ""enacted"", ""label"": ""Enacted"", ""source"": ""https://www.frederickcountymd.gov/CivicAlerts.aspx?AID=5845""}]",,39.41,-77.41
worcester-county-md,Worcester County,MD,County,Enacted,Enacted,False,313.0,"July 21, 2026",2026-01-01,year,2027-07-21,until_date,Runs to a documented date,Resolution No. 26-18 placing a 12-month moratorium on permits for data centers and cable landing stations.,https://worcestermd.gov/news/worcester-county-enacts-moratorium-data-centers-and-cable-landing-stations-while-new,official,,2026-09-11,True,,,"[{""date"": ""2026-01-01"", ""kind"": ""enacted"", ""label"": ""Enacted"", ""source"": ""https://worcestermd.gov/news/worcester-county-enacts-moratorium-data-centers-and-cable-landing-stations-while-new""}]",,38.34,-75.29
wicomico-county-md,Wicomico County,MD,County,Enacted,Enacted,False,329.0,"August 6, 2026",2026-08-06,day,2027-08-06,until_date,Runs to a documented date,County Council unanimously imposed a 1-year moratorium on construction of data centers.,https://www.baltimoresun.com/2026/08/06/wicomico-federalsburg-data-center-moratoriums/,news,,2026-09-11,True,,,"[{""date"": ""2026-08-06"", ""kind"": ""enacted"", ""label"": ""Enacted"", ""source"": ""https://www.baltimoresun.com/2026/08/06/wicomico-federalsburg-data-center-moratoriums/""}]",,38.37,-75.63
federalsburg-md,Federalsburg,MD,City,Enacted,Enacted,False,1058.0,"August 4, 2026",2026-08-04,day,2029-08-04,until_date,Runs to a documented date,Town Council unanimously passed a 3-year moratorium on data center development (5-0); also introduced ordinance to ban data centers entirely.,http://www.stardem.com/news/caroline/federalsburg-approves-3-year-moratorium-on-data-centers/article_4a7def84-f11b-4da0-b5c5-c3743796beec.html,news,,2026-09-11,True,,,"[{""date"": ""2026-08-04"", ""kind"": ""enacted"", ""label"": ""Enacted"", ""source"": ""http://www.stardem.com/news/caroline/federalsburg-approves-3-year-moratorium-on-data-centers/article_4a7def84-f11b-4da0-b5c5-c3743796beec.html""}]",,38.69,-75.77
somerset-county-md,Somerset County,MD,County,Proposed,Proposed,False,,July 2026,2026-01-01,year,,unknown,Term not documented,One-year moratorium on data center siting recommended to county commissioners; outcome not confirmed.,"https://baytobaynews.com/stories/moratorium-on-data-centers-recommended-for-somerset-county,333833",news,,2026-09-11,True,,,"[{""date"": ""2026-01-01"", ""kind"": ""proposed"", ""label"": ""Proposed"", ""source"": ""https://baytobaynews.com/stories/moratorium-on-data-centers-recommended-for-somerset-county,333833""}]",,38.09,-75.85
hazle-township-pa,Hazle Township,PA,Township,Enacted,Enacted,False,85.0,"June 8, 2026",2026-01-01,year,2026-12-05,until_date,Runs to a documented date,"180-day curative amendment pausing all data center applications; prompted by 1,300-acre Project Hazelnut proposal.",https://www.foodandwaterwatch.org/2026/06/09/hazle-township-pa-pauses-data-center-development-for-six-months/,news,,2026-09-11,True,,all_uses,"[{""date"": ""2026-01-01"", ""kind"": ""enacted"", ""label"": ""Enacted"", ""source"": ""https://www.foodandwaterwatch.org/2026/06/09/hazle-township-pa-pauses-data-center-development-for-six-months/""}]",,40.96,-75.99
butler-township-pa,Butler Township,PA,Township,Enacted,Enacted,False,58.0,"May 12, 2026",2026-05-12,day,2026-11-08,until_date,Runs to a documented date,"180-day curative amendment moratorium on data center applications; proposing 2,000-foot residential setback.",https://fox56.com/news/local/butler-township-approves-180-day-curative-amendment-moratorium,news,,2026-09-11,True,,,"[{""date"": ""2026-05-12"", ""kind"": ""enacted"", ""label"": ""Enacted"", ""source"": ""https://fox56.com/news/local/butler-township-approves-180-day-curative-amendment-moratorium""}]",,41.03,-75.98
little-britain-township-pa,Little Britain Township,PA,Township,Enacted,Enacted,False,86.0,"June 9, 2026",2026-01-01,year,2026-12-06,until_date,Runs to a documented date,180-day moratorium on data center applications while developing zoning ordinance.,https://lancasteronline.com/news/regional/little-britain-places-180-day-moratorium-on-data-center-applications-to-develop-ordinance/article_f0366ba4-3af9-41e5-bdd1-3d371891a571.html,news,,2026-09-11,True,,,"[{""date"": ""2026-01-01"", ""kind"": ""enacted"", ""label"": ""Enacted"", ""source"": ""https://lancasteronline.com/news/regional/little-britain-places-180-day-moratorium-on-data-center-applications-to-develop-ordinance/article_f0366ba4-3af9-41e5-bdd1-3d371891a571.html""}]",,39.79,-76.08
montour-county-pa,Montour County,PA,County,Enacted,Expired,True,-134.0,November 2025,2025-11-01,month,2026-04-30,until_date,Runs to a documented date,"180-day moratorium on data center applications, permits, and rezonings; adopted Data Center Land Use Ordinance in April 2026.",https://www.dailyitem.com/news/montour-county-hires-attorney-for-data-center-ordinances-180-day-moratorium-imposed/article_8408ec8e-8226-4086-80b4-a3e53125ff7c.html,news,,2026-09-11,True,,rezoning,"[{""date"": ""2025-11-01"", ""kind"": ""enacted"", ""label"": ""Enacted"", ""source"": ""https://www.dailyitem.com/news/montour-county-hires-attorney-for-data-center-ordinances-180-day-moratorium-imposed/article_8408ec8e-8226-4086-80b4-a3e53125ff7c.html""}]",,41.03,-76.66
smithfield-township-pa,Smithfield Township,PA,Township,Enacted,Enacted,False,52.0,"May 6, 2026",2026-05-06,day,2026-11-02,until_date,Runs to a documented date,"Curative amendment process pausing data center applications for 180 days; adopted new H-1 Heavy Industrial zoning on Aug 12, completing moratorium early.",https://smithfieldtownship.com/otp/dcca/,news,,2026-09-11,True,,,"[{""date"": ""2026-05-06"", ""kind"": ""enacted"", ""label"": ""Enacted"", ""source"": ""https://smithfieldtownship.com/otp/dcca/""}]",,41.06,-75.12
west-whiteland-township-pa,West Whiteland Township,PA,Township,Enacted,Enacted,False,51.0,"May 5, 2026",2026-05-05,day,2026-11-01,until_date,Runs to a documented date,Board invoked municipal curative amendment declaring zoning ordinance deficient for data center regulation; 180-day pause on submissions.,https://citizenportal.ai/articles/8209298/pennsylvania/chester-county/west-whiteland/township-to-rewrite-data-center-rules-after-board-invokes-180-day-municipal-cure,news,,2026-09-11,True,,,"[{""date"": ""2026-05-05"", ""kind"": ""enacted"", ""label"": ""Enacted"", ""source"": ""https://citizenportal.ai/articles/8209298/pennsylvania/chester-county/west-whiteland/township-to-rewrite-data-center-rules-after-board-invokes-180-day-municipal-cure""}]",,40.0,-75.56
dickinson-county-ia,Dickinson County,IA,County,Enacted,Enacted,False,62.0,"May 12, 2026",2026-05-12,day,2026-11-12,until_date,Runs to a documented date,"6-month moratorium on data centers, bitcoin, solar/battery; 4-1 vote.",https://www.exploreokoboji.com/news/dickinson-county-supervisors-approve-moratorium-for-data-collection-bit-coin-solar-battery-storage-on-4-1-vote/,news,,2026-09-11,True,,,"[{""date"": ""2026-05-12"", ""kind"": ""enacted"", ""label"": ""Enacted"", ""source"": ""https://www.exploreokoboji.com/news/dickinson-county-supervisors-approve-moratorium-for-data-collection-bit-coin-solar-battery-storage-on-4-1-vote/""}]",,43.38,-95.15
buchanan-county-ia,Buchanan County,IA,County,Enacted,Enacted,False,,2026,2026-01-01,year,,fixed_undated,"A stated duration, but the end date isn't recorded here",Temporary moratorium on data centers.,https://www.nbcnews.com/politics/2026-election/trump-data-centers-voters-key-midterm-races-rcna594914,news,,2026-09-11,True,,,"[{""date"": ""2026-01-01"", ""kind"": ""enacted"", ""label"": ""Enacted"", ""source"": ""https://www.nbcnews.com/politics/2026-election/trump-data-centers-voters-key-midterm-races-rcna594914""}]",,42.47,-91.84
peosta-ia,Peosta,IA,City,Enacted,Enacted,False,100.0,"June 23, 2026",2026-01-01,year,2026-12-20,until_date,Runs to a documented date,6-month moratorium on data centers; unanimous vote; Resolution 2026-49.,https://www.telegraphherald.com/news/tri-state/article_af9abe40-135d-4feb-842c-db07a2ae1437.html,news,,2026-09-11,True,,,"[{""date"": ""2026-01-01"", ""kind"": ""enacted"", ""label"": ""Enacted"", ""source"": ""https://www.telegraphherald.com/news/tri-state/article_af9abe40-135d-4feb-842c-db07a2ae1437.html""}]",,42.45,-90.85
marshall-county-ia,Marshall County,IA,County,Proposed,Proposed,False,,September 2026,2026-09-01,month,,unknown,Term not documented,"Zoning Commission unanimously recommended 6-month moratorium; Board of Supervisors discussing, work session Sept 29.",https://www.timesrepublican.com/news/todays-news/2026/09/supervisors-discuss-six-month-data-center-moratorium-plan-to-vote-on-resolution-at-next-meeting/,news,,2026-09-11,True,,,"[{""date"": ""2026-09-01"", ""kind"": ""proposed"", ""label"": ""Proposed"", ""source"": ""https://www.timesrepublican.com/news/todays-news/2026/09/supervisors-discuss-six-month-data-center-moratorium-plan-to-vote-on-resolution-at-next-meeting/""}]",,42.04,-93.0
longmont-co,Longmont,CO,City,Enacted,Enacted,False,,"June 9, 2026",2026-01-01,year,,standing,No end date by design — a permanent ban or standing statute,Permanent ban on hyperscale data centers >100 MW; caps DC energy at 5% of grid capacity; Ordinance 2026-34; 6-1 vote.,https://bizwest.com/2026/05/20/longmont-advances-ban-on-large-scale-data-centers/,news,,2026-09-11,True,100 MW,,"[{""date"": ""2026-01-01"", ""kind"": ""enacted"", ""label"": ""Enacted"", ""source"": ""https://bizwest.com/2026/05/20/longmont-advances-ban-on-large-scale-data-centers/""}]",,40.17,-105.1
phillips-county-co,Phillips County,CO,County,Enacted,Enacted,False,111.0,"February 27, 2026",2026-02-27,day,2026-12-31,until_date,Runs to a documented date,"Moratorium on data center facility applications in unincorporated areas; extended Aug 20 through Dec 31, 2026.",https://phillipscounty.colorado.gov/sites/phillipscounty/files/Resolution%202026-02-27-01.pdf,official,,2026-09-11,True,,,"[{""date"": ""2026-02-27"", ""kind"": ""enacted"", ""label"": ""Enacted"", ""source"": ""https://phillipscounty.colorado.gov/sites/phillipscounty/files/Resolution%202026-02-27-01.pdf""}]",,40.59,-102.36
thornton-co,Thornton,CO,City,Proposed,Proposed,False,,"July 22, 2026",2026-01-01,year,,unknown,Term not documented,City Council majority favored 6-12 month moratorium at planning session; formal ordinance vote not confirmed.,https://www.northglenn-thorntonsentinel.com/news/data-centers-not-allowed-in-thornton-at-least-for-awhile/article_b9fd388b-1b2b-4735-b27f-5c14e0363115.html,news,,2026-09-11,True,,,"[{""date"": ""2026-01-01"", ""kind"": ""proposed"", ""label"": ""Proposed"", ""source"": ""https://www.northglenn-thorntonsentinel.com/news/data-centers-not-allowed-in-thornton-at-least-for-awhile/article_b9fd388b-1b2b-4735-b27f-5c14e0363115.html""}]",,39.87,-104.97
commerce-city-co,Commerce City,CO,City,Proposed,Proposed,False,,"August 17, 2026",2026-08-17,day,,unknown,Term not documented,Council voted 7-0 to direct staff to draft six-month moratorium ordinance; first reading scheduled for late Aug 2026.,https://hoodline.com/2026/08/adams-county-data-center-fight-boils-over-as-thornton-crowd-grills-mayors/,news,,2026-09-11,True,,,"[{""date"": ""2026-08-17"", ""kind"": ""proposed"", ""label"": ""Proposed"", ""source"": ""https://hoodline.com/2026/08/adams-county-data-center-fight-boils-over-as-thornton-crowd-grills-mayors/""}]",,39.81,-104.93
madison-county-ar,Madison County,AR,County,Enacted,Enacted,False,1085.0,"August 17, 2026",2026-08-17,day,2029-08-31,until_date,Runs to a documented date,"Three-year moratorium on data centers, digital asset mining, and large-scale computer/server operations; emergency clause, effective immediately. Preemptive -- no project proposed. Two public hearings preceded the vote.",https://katv.com/news/local/madison-county-quorum-court-approves-three-year-moratorium-on-data-centers,news,,2026-09-11,True,,,"[{""date"": ""2026-08-17"", ""kind"": ""enacted"", ""label"": ""Enacted"", ""source"": ""https://katv.com/news/local/madison-county-quorum-court-approves-three-year-moratorium-on-data-centers""}]",,36.0,-93.72
harrison-ar,Harrison,AR,Local,Rescinded,Rescinded,False,,"May 30, 2023",2023-05-30,day,,unknown,Term not documented,"Ordinance 1515: moratorium on data centers and crypto mining. Rescinded Nov 28, 2023 by 6-2 vote at special meeting, as litigation precaution tied to federal court case involving Green Digital and state 'right to mine' protections. Arkansas later passed Acts 173/174 (2024) restoring local regulatory authority.",https://www.ky3.com/2023/11/29/harrison-ark-city-council-votes-remove-moratorium-crypto-mining-center-during-special-meeting/,news,,2026-09-11,True,,,"[{""date"": ""2023-05-30"", ""kind"": ""rescinded"", ""label"": ""Rescinded"", ""source"": ""https://www.ky3.com/2023/11/29/harrison-ark-city-council-votes-remove-moratorium-crypto-mining-center-during-special-meeting/""}]",,36.23,-93.11
woodford-county-ky,Woodford County,KY,County,Enacted,Enacted,False,,"Sep 9, 2026",2026-09-09,day,,standing,No end date by design — a permanent ban or standing statute,"Fiscal court permanently bans data centers, landfills, and large battery storage; first permanent DC ban in Kentucky.",https://kentuckylantern.com/2026/09/10/a-kentucky-county-becomes-first-in-state-to-permanently-ban-data-center-construction/,news,,2026-09-11,True,,,"[{""date"": ""2026-09-09"", ""kind"": ""enacted"", ""label"": ""Enacted"", ""source"": ""https://kentuckylantern.com/2026/09/10/a-kentucky-county-becomes-first-in-state-to-permanently-ban-data-center-construction/""}]",,38.04,-84.74
versailles-ky,Versailles,KY,City,Enacted,Enacted,False,111.0,"Jun 17, 2026",2026-06-17,day,2026-12-31,until_date,Runs to a documented date,"City council unanimously enacts moratorium on data centers through Dec 31, 2026; Woodford County seat.",https://www.lex18.com/news/covering-kentucky/versailles-city-council-enacts-moratorium-on-data-centers-through-2026,news,,2026-09-11,True,,,"[{""date"": ""2026-06-17"", ""kind"": ""enacted"", ""label"": ""Enacted"", ""source"": ""https://www.lex18.com/news/covering-kentucky/versailles-city-council-enacts-moratorium-on-data-centers-through-2026""}]",,38.05,-84.73
boyle-county-ky,Boyle County,KY,County,Enacted,Enacted,False,271.0,"Jun 9, 2026",2026-06-09,day,2027-06-09,until_date,Runs to a documented date,Fiscal court approves one-year moratorium halting acceptance of DC applications in unincorporated areas.,https://www.boylecountyky.gov/CivicAlerts.aspx?AID=147,official,,2026-09-11,True,,,"[{""date"": ""2026-06-09"", ""kind"": ""enacted"", ""label"": ""Enacted"", ""source"": ""https://www.boylecountyky.gov/CivicAlerts.aspx?AID=147""}]",,37.62,-84.86
boyd-county-ky,Boyd County,KY,County,Enacted,Enacted,False,120.0,"Jul 9, 2026",2026-07-09,day,2027-01-09,until_date,Runs to a documented date,Fiscal court approves six-month moratorium on new DC construction; exempts EastPark Industrial Park (planned TeraWulf Muskie Data Campus).,https://fox56news.com/news/kentucky/boyd-county-approves-six-month-moratorium-on-new-data-centers-terawulf-project-exempt/,news,,2026-09-11,True,,,"[{""date"": ""2026-07-09"", ""kind"": ""enacted"", ""label"": ""Enacted"", ""source"": ""https://fox56news.com/news/kentucky/boyd-county-approves-six-month-moratorium-on-new-data-centers-terawulf-project-exempt/""}]",,38.36,-82.69
scott-county-ky,Scott County,KY,County,Enacted,Enacted,False,2.0,"Mar 13, 2026",2026-03-13,day,2026-09-13,until_date,Runs to a documented date,"Fiscal court approves six-month moratorium to allow time for siting ordinance and zoning changes; proactive, no DC currently proposed.",https://www.news-graphic.com/news/six-month-halt-on-potential-data-centers/article_4e78b630-fee8-4a86-99ac-abe6228e3fa2.html,news,,2026-09-11,True,,,"[{""date"": ""2026-03-13"", ""kind"": ""enacted"", ""label"": ""Enacted"", ""source"": ""https://www.news-graphic.com/news/six-month-halt-on-potential-data-centers/article_4e78b630-fee8-4a86-99ac-abe6228e3fa2.html""}]",,38.29,-84.56
georgetown-ky,Georgetown,KY,City,Enacted,Enacted,False,111.0,"Jul 14, 2026",2026-07-14,day,2026-12-31,until_date,Runs to a documented date,City council backs moratorium on data centers through end of year; directs Georgetown-Scott County Planning Commission to recommend zoning regulations.,https://www.wkyt.com/2026/07/14/georgetown-city-council-backs-data-center-moratorium/,news,,2026-09-11,True,,,"[{""date"": ""2026-07-14"", ""kind"": ""enacted"", ""label"": ""Enacted"", ""source"": ""https://www.wkyt.com/2026/07/14/georgetown-city-council-backs-data-center-moratorium/""}]",,38.21,-84.56
boone-county-ky,Boone County,KY,County,Enacted,Enacted,False,277.0,"Jun 16, 2026",2026-06-16,day,2027-06-15,until_date,Runs to a documented date,Board of Commissioners unanimously approves one-year moratorium on new DC development in unincorporated areas.,https://www.radiomom.org/post/boone-county-commissioners-approve-moratorium-on-data-centers,news,,2026-09-11,True,,,"[{""date"": ""2026-06-16"", ""kind"": ""enacted"", ""label"": ""Enacted"", ""source"": ""https://www.radiomom.org/post/boone-county-commissioners-approve-moratorium-on-data-centers""}]",,38.97,-84.73
shelby-county-ky,Shelby County,KY,County,Enacted,Enacted,False,111.0,Jul 2026,2026-07-01,month,2026-12-31,until_date,Runs to a documented date,"Fiscal court implements temporary moratorium on new data centers through Dec 31, 2026; assessing impacts on infrastructure, water, and emergency services.",https://www.pmg-ky1.com/sentinel_news/news/county-places-moratorium-on-large-scale-data-centers/article_57c61d9f-0761-5c77-880f-75fecac264d9.html,news,,2026-09-11,True,,,"[{""date"": ""2026-07-01"", ""kind"": ""enacted"", ""label"": ""Enacted"", ""source"": ""https://www.pmg-ky1.com/sentinel_news/news/county-places-moratorium-on-large-scale-data-centers/article_57c61d9f-0761-5c77-880f-75fecac264d9.html""}]",,38.21,-85.2
butler-county-ky,Butler County,KY,County,Enacted,Enacted,False,288.0,"Jun 26, 2026",2026-06-26,day,2027-06-26,until_date,Runs to a documented date,Fiscal court approves one-year moratorium; no DCs currently proposed.,https://www.wbko.com/2026/06/26/butler-county-approves-one-year-moratorium-data-centers/,news,,2026-09-11,True,,,"[{""date"": ""2026-06-26"", ""kind"": ""enacted"", ""label"": ""Enacted"", ""source"": ""https://www.wbko.com/2026/06/26/butler-county-approves-one-year-moratorium-data-centers/""}]",,37.21,-86.68
edmonson-county-ky,Edmonson County,KY,County,Enacted,Enacted,False,270.0,"Jun 8, 2026",2026-06-08,day,2027-06-08,until_date,Runs to a documented date,"Fiscal court adopts Ordinance EC26-18 halting all DC, AI, and crypto mining development; covers all high-intensity computing facilities.",https://www.wnky.com/edmonson-county-enacts-one-year-moratorium-on-data-centers-ai-facilities/,news,,2026-09-11,True,,,"[{""date"": ""2026-06-08"", ""kind"": ""enacted"", ""label"": ""Enacted"", ""source"": ""https://www.wnky.com/edmonson-county-enacts-one-year-moratorium-on-data-centers-ai-facilities/""}]",,37.21,-86.25
rowan-county-ky,Rowan County,KY,County,Enacted,Enacted,False,,Aug 2026,2026-08-01,month,,fixed_undated,"A stated duration, but the end date isn't recorded here",Fiscal court unanimously passes two-year moratorium on large-scale DC development; county has no zoning regulations.,https://www.lex18.com/news/covering-kentucky/rowan-county-approves-two-year-data-center-moratorium-ahead-of-potential-projects,news,,2026-09-11,True,,,"[{""date"": ""2026-08-01"", ""kind"": ""enacted"", ""label"": ""Enacted"", ""source"": ""https://www.lex18.com/news/covering-kentucky/rowan-county-approves-two-year-data-center-moratorium-ahead-of-potential-projects""}]",,38.2,-83.43
winchester-ky,Winchester,KY,City,Enacted,Enacted,False,356.0,"Sep 2, 2026",2026-09-02,day,2027-09-02,until_date,Runs to a documented date,Board of Commissioners unanimously approves one-year moratorium; applies within city limits only (not Clark County).,https://winchestersun.com/2026/09/02/winchester-enacts-one-year-data-center-moratorium-amid-regional-wave-ofrestrictions/,roundup,,2026-09-11,True,,,"[{""date"": ""2026-09-02"", ""kind"": ""enacted"", ""label"": ""Enacted"", ""source"": ""https://winchestersun.com/2026/09/02/winchester-enacts-one-year-data-center-moratorium-amid-regional-wave-ofrestrictions/""}]",,37.99,-84.18
clark-county-ky,Clark County,KY,County,Enacted,Enacted,False,,Aug 2026,2026-08-01,month,,fixed_undated,"A stated duration, but the end date isn't recorded here",County commissioners approve one-year moratorium on DC construction in unincorporated county; Winchester (county seat) passed its own moratorium separately.,https://winchestersun.com/2026/09/02/winchester-enacts-one-year-data-center-moratorium-amid-regional-wave-ofrestrictions/,roundup,,2026-09-11,True,,,"[{""date"": ""2026-08-01"", ""kind"": ""enacted"", ""label"": ""Enacted"", ""source"": ""https://winchestersun.com/2026/09/02/winchester-enacts-one-year-data-center-moratorium-amid-regional-wave-ofrestrictions/""}]",,37.98,-84.14
nelson-county-ky,Nelson County,KY,County,Enacted,Enacted,False,,Jul 2026,2026-07-01,month,,fixed_undated,"A stated duration, but the end date isn't recorded here","Fiscal court passes one-year moratorium on acceptance, processing, and approval of all DC applications.",https://spectrumnews1.com/ky/louisville/news/2026/07/09/kentucky-counties-weigh-data-center-growth-as-moratoriums-spread,news,,2026-09-11,True,,,"[{""date"": ""2026-07-01"", ""kind"": ""enacted"", ""label"": ""Enacted"", ""source"": ""https://spectrumnews1.com/ky/louisville/news/2026/07/09/kentucky-counties-weigh-data-center-growth-as-moratoriums-spread""}]",,37.81,-85.47
grant-county-ky,Grant County,KY,County,Enacted,Enacted,False,538.0,"Mar 2, 2026",2026-03-02,day,2028-03-02,until_date,Runs to a documented date,Board of Commissioners passes 24-month moratorium on data center construction.,https://www.facebook.com/groups/1183285407315172/posts/1315403924103319/,news,,2026-09-11,True,,,"[{""date"": ""2026-03-02"", ""kind"": ""enacted"", ""label"": ""Enacted"", ""source"": ""https://www.facebook.com/groups/1183285407315172/posts/1315403924103319/""}]",,38.65,-84.62
orangetown-ny,Orangetown,NY,Town,Enacted,Enacted,False,167.0,"Aug 25, 2026",2026-08-25,day,2027-02-25,until_date,Runs to a documented date,"Local Law 5, 2026: 6-month moratorium on data centers and battery energy storage systems; does not apply to DataBank Phase 2 already in review.",https://www.orangetown.com/local-law-5-2026-temporary-town-wide-moratorium-battery-energy-storage-systems-and-data-storage-facilities-data-centers-adopted-8-25-2026/,news,,2026-09-11,True,,,"[{""date"": ""2026-08-25"", ""kind"": ""enacted"", ""label"": ""Enacted"", ""source"": ""https://www.orangetown.com/local-law-5-2026-temporary-town-wide-moratorium-battery-energy-storage-systems-and-data-storage-facilities-data-centers-adopted-8-25-2026/""}]",,41.05,-73.95
canton-ny,Canton,NY,Town,Enacted,Enacted,False,262.0,"Jul 8, 2026",2026-07-08,day,2027-05-31,until_date,Runs to a documented date,"Moratorium on data center development until May 31, 2027; exempts existing operations and facilities under 20 MW.","https://www.northcountrynow.com/stories/canton-puts-two-in-charge-of-steering-data-center-development-on-heels-of-passing-moratorium,387384",news,,2026-09-11,True,20 MW,,"[{""date"": ""2026-07-08"", ""kind"": ""enacted"", ""label"": ""Enacted"", ""source"": ""https://www.northcountrynow.com/stories/canton-puts-two-in-charge-of-steering-data-center-development-on-heels-of-passing-moratorium,387384""}]",,44.6,-75.17
potsdam-ny,Potsdam,NY,Town,Proposed,Proposed,False,,"Jul 15, 2026",2026-07-15,day,,unknown,Term not documented,Town councilor drafted moratorium resolution; planned for August public hearing; outcome not confirmed.,"https://www.northcountrynow.com/stories/town-of-potsdam-eyes-local-moratorium-on-data-centers,381464",news,,2026-09-11,True,,,"[{""date"": ""2026-07-15"", ""kind"": ""proposed"", ""label"": ""Proposed"", ""source"": ""https://www.northcountrynow.com/stories/town-of-potsdam-eyes-local-moratorium-on-data-centers,381464""}]",,44.67,-74.98
pacific-mo,Pacific,MO,City,Enacted,Enacted,False,327.0,"Aug 4, 2026",2026-08-04,day,2027-08-04,until_date,Runs to a documented date,Board of Aldermen unanimously approved 12-month moratorium on data center applications; followed opposition to proposed 500-acre data center near Crooked Creek Farm.,https://www.missourian.com/local_news/pacific-approves-yearlong-hold-on-data-centers/article_a1f65ae4-2b93-4d7c-bbdf-ad2c8c63050e.html,news,,2026-09-11,True,,,"[{""date"": ""2026-08-04"", ""kind"": ""enacted"", ""label"": ""Enacted"", ""source"": ""https://www.missourian.com/local_news/pacific-approves-yearlong-hold-on-data-centers/article_a1f65ae4-2b93-4d7c-bbdf-ad2c8c63050e.html""}]",,38.48,-90.74
st-peters-mo,St. Peters,MO,City,Enacted,Enacted,False,245.0,"May 14, 2026",2026-05-14,day,2027-05-14,until_date,Runs to a documented date,"City council unanimously passed one-year moratorium on zoning amendments, site plans, special use permits and building permits for data centers.",https://www.midriversnewsmagazine.com/news/st-peters-passes-one-year-moratorium-on-data-center-developments/article_973e1db3-a6ac-408a-973e-99fc19d1811b.html,news,,2026-09-11,True,,permits,"[{""date"": ""2026-05-14"", ""kind"": ""enacted"", ""label"": ""Enacted"", ""source"": ""https://www.midriversnewsmagazine.com/news/st-peters-passes-one-year-moratorium-on-data-center-developments/article_973e1db3-a6ac-408a-973e-99fc19d1811b.html""}]",,38.8,-90.63
webster-county-mo,Webster County,MO,County,Enacted,Enacted,False,96.0,"Jun 16, 2026",2026-06-16,day,2026-12-16,until_date,Runs to a documented date,"County Commission adopted 6-month moratorium on data centers, solar, wind and battery storage in unincorporated areas; no countywide planning and zoning.",https://webstercountymo.gov/county-adopts-six-month-moratorium/,official,,2026-09-11,True,,,"[{""date"": ""2026-06-16"", ""kind"": ""enacted"", ""label"": ""Enacted"", ""source"": ""https://webstercountymo.gov/county-adopts-six-month-moratorium/""}]",,37.28,-92.88
oak-grove-mo,Oak Grove,MO,City,Enacted,Enacted,False,328.0,"Aug 5, 2026",2026-08-05,day,2027-08-05,until_date,Runs to a documented date,"Board of Aldermen enacted one-year moratorium on data center proposals; preemptive, no active proposals.",https://www.kshb.com/news/local-news/data-centers/just-to-give-us-a-say-eastern-jackson-county-city-residents-take-proactive-steps-on-data-centers,news,,2026-09-11,True,,,"[{""date"": ""2026-08-05"", ""kind"": ""enacted"", ""label"": ""Enacted"", ""source"": ""https://www.kshb.com/news/local-news/data-centers/just-to-give-us-a-say-eastern-jackson-county-city-residents-take-proactive-steps-on-data-centers""}]",,39.0,-94.13
nodaway-county-mo,Nodaway County,MO,County,Enacted,Enacted,False,132.0,"Jul 21, 2026",2026-07-21,day,2027-01-21,until_date,Runs to a documented date,County Commission enacted 6-month moratorium while negotiating development agreement with Scale Microgrids ($6.3B White Cloud Acres campus); can end early if developer provides required answers.,https://www.nwmissourinews.com/news/article_aec4c9b0-401c-4edb-9ddd-c72e3af27207.html,news,,2026-09-11,True,,,"[{""date"": ""2026-07-21"", ""kind"": ""enacted"", ""label"": ""Enacted"", ""source"": ""https://www.nwmissourinews.com/news/article_aec4c9b0-401c-4edb-9ddd-c72e3af27207.html""}]",,40.36,-94.88
mankato-mn,Mankato,MN,City,Enacted,Enacted,False,305.0,"Jul 13, 2026",2026-07-13,day,2027-07-13,until_date,Runs to a documented date,One-year moratorium on data centers and high-impact utility consumers to study localized impacts.,https://www.keyc.com/2026/07/14/mankato-city-council-passes-one-year-moratorium-data-centers/,news,,2026-09-11,True,,,"[{""date"": ""2026-07-13"", ""kind"": ""enacted"", ""label"": ""Enacted"", ""source"": ""https://www.keyc.com/2026/07/14/mankato-city-council-passes-one-year-moratorium-data-centers/""}]",,44.16,-94.0
apple-valley-mn,Apple Valley,MN,City,Enacted,Enacted,False,301.0,"Jul 9, 2026",2026-07-09,day,2027-07-09,until_date,Runs to a documented date,One-year moratorium on new data center development; follows denial of 1M sq ft proposal.,https://www.hometownsource.com/sun_thisweek/community/apple_valley/apple-valley-enacts-one-year-data-center-moratorium/article_202f77b2-8efe-4be3-aa3c-d514c6bf8885.html,news,,2026-09-11,True,,,"[{""date"": ""2026-07-09"", ""kind"": ""enacted"", ""label"": ""Enacted"", ""source"": ""https://www.hometownsource.com/sun_thisweek/community/apple_valley/apple-valley-enacts-one-year-data-center-moratorium/article_202f77b2-8efe-4be3-aa3c-d514c6bf8885.html""}]",,44.73,-93.22
rosemount-mn,Rosemount,MN,City,Enacted,Enacted,False,222.0,"Apr 21, 2026",2026-04-21,day,2027-04-21,until_date,Runs to a documented date,Unanimous one-year moratorium (Ordinance No. 2026-03); existing Meta data center unaffected.,https://rosemountmn.gov/DocumentCenter/View/8294/Interim-Ordinance-Data-Centers?bidId=,official,,2026-09-11,True,,,"[{""date"": ""2026-04-21"", ""kind"": ""enacted"", ""label"": ""Enacted"", ""source"": ""https://rosemountmn.gov/DocumentCenter/View/8294/Interim-Ordinance-Data-Centers?bidId=""}]",,44.74,-93.13
minnetrista-mn,Minnetrista,MN,City,Enacted,Enacted,False,326.0,"Aug 3, 2026",2026-08-03,day,2027-08-03,until_date,Runs to a documented date,"One-year moratorium and study on data centers; preemptive, no applications received.",https://www.hometownsource.com/laker_pioneer/community/minnetrista-puts-1-year-moratorium-on-data-center-development/article_4196c64e-61c7-4bc6-b2a9-ae95c4e50864.html,news,,2026-09-11,True,,,"[{""date"": ""2026-08-03"", ""kind"": ""enacted"", ""label"": ""Enacted"", ""source"": ""https://www.hometownsource.com/laker_pioneer/community/minnetrista-puts-1-year-moratorium-on-data-center-development/article_4196c64e-61c7-4bc6-b2a9-ae95c4e50864.html""}]",,44.94,-93.71
elk-river-mn,Elk River,MN,City,Enacted,Enacted,False,326.0,"Aug 3, 2026",2026-08-03,day,2027-08-03,until_date,Runs to a documented date,Unanimous one-year moratorium after denying data center zoning application; applicant withdrew.,https://www.hometownsource.com/elk_river_star_news/elk_river_star_news/elk-river-adopts-one-year-data-center-moratorium/article_92249969-44d2-486d-b0bc-4f5bd4f710df.html,news,,2026-09-11,True,,,"[{""date"": ""2026-08-03"", ""kind"": ""enacted"", ""label"": ""Enacted"", ""source"": ""https://www.hometownsource.com/elk_river_star_news/elk_river_star_news/elk-river-adopts-one-year-data-center-moratorium/article_92249969-44d2-486d-b0bc-4f5bd4f710df.html""}]",,45.3,-93.57
le-sueur-county-mn,Le Sueur County,MN,County,Enacted,Enacted,False,257.0,"May 26, 2026",2026-05-26,day,2027-05-26,until_date,Runs to a documented date,"Unanimous 12-month moratorium on data centers in unincorporated areas; preemptive, no proposals pending.",https://www.keyc.com/2026/06/04/le-sueur-county-data-center-moratorium-buys-time-create-new-policies-regulate-industry/,news,,2026-09-11,True,,,"[{""date"": ""2026-05-26"", ""kind"": ""enacted"", ""label"": ""Enacted"", ""source"": ""https://www.keyc.com/2026/06/04/le-sueur-county-data-center-moratorium-buys-time-create-new-policies-regulate-industry/""}]",,44.37,-93.73
chesterfield-county-sc,Chesterfield County,SC,County,Enacted,Enacted,False,477.0,"Jun 1, 2026",2026-06-01,day,2028-01-01,until_date,Runs to a documented date,"Ordinance 25-26-23 imposing moratorium on data centers, data processing, and crypto mining in unincorporated areas until Jan 1, 2028.",https://scdailygazette.com/2026/06/26/sc-counties-enacting-data-center-moratoriums/,roundup,,2026-09-11,True,,,"[{""date"": ""2026-06-01"", ""kind"": ""enacted"", ""label"": ""Enacted"", ""source"": ""https://scdailygazette.com/2026/06/26/sc-counties-enacting-data-center-moratoriums/""}]",,34.64,-80.16
laurens-county-sc,Laurens County,SC,County,Proposed,Proposed,False,,"Jul 13, 2026",2026-07-13,day,,unknown,Term not documented,First reading passed unanimously for one-year moratorium on data center projects; final reading required.,https://whosonthemove.com/laurens-county-council-approves-data-center-moratorium-honors-special-olympics-champions/,news,,2026-09-11,True,,,"[{""date"": ""2026-07-13"", ""kind"": ""proposed"", ""label"": ""Proposed"", ""source"": ""https://whosonthemove.com/laurens-county-council-approves-data-center-moratorium-honors-special-olympics-champions/""}]",,34.5,-82.01
fairfield-county-sc,Fairfield County,SC,County,Proposed,Proposed,False,,Aug 2026,2026-08-01,month,,fixed_undated,"A stated duration, but the end date isn't recorded here",12-month moratorium; public hearing held Aug 31 ahead of third reading. Not yet formally enacted.,https://www.postandcourier.com/columbia/news/rural-data-center-moratorium-concerns-midlands/article_fe683da4-029b-43a2-84b7-c3852bde98d0.html,news,,2026-09-11,True,,,"[{""date"": ""2026-08-01"", ""kind"": ""proposed"", ""label"": ""Proposed"", ""source"": ""https://www.postandcourier.com/columbia/news/rural-data-center-moratorium-concerns-midlands/article_fe683da4-029b-43a2-84b7-c3852bde98d0.html""}]",,34.39,-81.12
jasper-county-sc,Jasper County,SC,County,Proposed,Proposed,False,,"Sep 9, 2026",2026-09-09,day,,unknown,Term not documented,"First reading passed for one-year moratorium on data centers, crypto mining, and data processing in unincorporated areas; two more readings required.",https://www.wtoc.com/2026/09/09/jasper-co-considers-one-year-pause-data-centers-study-environmental-infrastructure-impacts/,news,,2026-09-11,True,,,"[{""date"": ""2026-09-09"", ""kind"": ""proposed"", ""label"": ""Proposed"", ""source"": ""https://www.wtoc.com/2026/09/09/jasper-co-considers-one-year-pause-data-centers-study-environmental-infrastructure-impacts/""}]",,32.43,-81.02
